Count;InterProID;pubmeds;Name;ShortDescription
7;IPR043129;"doi:10.1016/j.cell.2021.04.011
doi:10.1038/nature22366
imex:IM-25778
imex:IM-29278
pubmed:19536198
pubmed:28514442
pubmed:33961781";ATPase, nucleotide binding domain;<p>This superfamily comprises domains found in several ATPases, including actin, Hsp70, BadF/BadG/BcrA/BcrD, various kinases, DnaK, ROK, PilM, and Fumble. Members of this superfamily have two lobes, one with nucleotide binding activity, and a second one with substrate binding activity. The lobes can be structurally divided into 4 subdomains - 1A, 1B, 2A, 2B (or 1, 2, 3, 4). The ATP binding site in these ATPases is well conserved, and is located at the junction of the two lobes, in a deep cleft. This superfamily entry represents the nucleotide binding domain (NBD) or the first lobe (subdomains 1A and 1B), which exhibits ATPase activity.</p>
7;IPR013126;"doi:10.1016/j.cell.2021.04.011
doi:10.1038/nature22366
imex:IM-25778
imex:IM-29278
pubmed:19536198
pubmed:28514442
pubmed:33961781";Heat shock protein 70 family;"<p>Heat shock proteins, Hsp70 chaperones help to fold many proteins. Hsp70 assisted folding involves repeated cycles of substrate binding and release. Hsp70 activity is ATP dependent. Hsp70 proteins are made up of two regions: the amino terminus is the ATPase domain and the carboxyl terminus is the substrate binding region [[cite:PUB00000958]].</p>

<p>Hsp70 proteins have an average molecular weight of 70kDa [[cite:PUB00000712], [cite:PUB00000809], [cite:PUB00004019]]. In most species, there are many proteins that belong to the Hsp70 family. Some of these are only expressed under stress conditions (strictly inducible), while some are present in cells under normal growth conditions and are not heat-inducible (constitutive or cognate) [[cite:PUB00004070], [cite:PUB00001766]]. Hsp70 proteins can be found in different cellular compartments (nuclear, cytosolic, mitochondrial, endoplasmic reticulum, for example).</p>

<p>This entry represents the Hsp70 family, and includes chaperone protein DnaK and luminal-binding proteins. It also includes heat shock protein 110 (Hsp110) from Caenorhabditis elegans which helps prevent the aggregation of denatured proteins in neurons [[cite:PUB00082583]]. Also included is endoplasmic reticulum (ER) chaperone BiP (HSPA5) which is important for protein folding and quality control in the ER [[cite:PUB00090977]].</p>; <p>The Heat Shock Protein 70 (HSP70) family is a group of highly conserved molecular chaperones involved in a variety of cellular processes. Members of this family play crucial roles in the folding of newly synthesized proteins, preventing the aggregation of denatured proteins under stress, assisting in protein translocation into organelles, and participating in the degradation of damaged proteins. They are also implicated in the assembly of multimeric protein complexes within the endoplasmic reticulum. Some HSP70 proteins act as nucleotide-exchange factors, promoting the release of ADP from other chaperones to trigger substrate release. They are essential for cellular protection against stress conditions such as heat shock and hypoxia, where they may help in cytoprotection and protein folding.</p>"
7;IPR029047;"doi:10.1016/j.cell.2021.04.011
doi:10.1038/nature22366
imex:IM-25778
imex:IM-29278
pubmed:19536198
pubmed:28514442
pubmed:33961781";Heat shock protein 70kD, peptide-binding domain superfamily;"<p>This superfamily represents peptide-binding β-sandwich domain from DnaK and other
HSP70 proteins.</p>; <p>Members of the 70-kilodalton heat-shock protein (HSP70) family promote protein folding both constitutively and in response to stress. These proteins have two functional units: a substrate-binding unit, and an adenosine triphosphatase unit. The substrate-binding unit of DnaK consists of a β-sandwich domain followed by α-helical segments. The α-helical domain stabilises the complex, but does not contact the peptide directly [[cite:PUB00028362]].</p>"
6;IPR029048;"doi:10.1016/j.cell.2021.04.011
doi:10.1038/nature22366
imex:IM-25778
imex:IM-29278
pubmed:19536198
pubmed:28514442
pubmed:33961781";Heat shock protein 70kD, C-terminal domain superfamily;"<p>Members of the 70-kilodalton heat-shock protein (HSP70) family promote protein folding both constitutively and in response to stress. These proteins have two functional units: a substrate-binding unit, and an adenosine triphosphatase unit. The substrate-binding unit of DnaK consists of a β-sandwich domain followed by α-helical segments. The α-helical domain stabilises the complex, but does not contact the peptide directly [[cite:PUB00028362]].</p>; <p>This superfamily represents the C-terminal α-helical subdomain of the substrate-binding unit from DnaK and other HSP70 proteins.</p>"
6;IPR018181;"doi:10.1016/j.cell.2021.04.011
doi:10.1038/nature22366
imex:IM-25778
imex:IM-29278
pubmed:19536198
pubmed:28514442
pubmed:33961781";Heat shock protein 70, conserved site;"<p>Heat shock proteins, Hsp70 chaperones help to fold many proteins. Hsp70 assisted folding involves repeated cycles of substrate binding and release. Hsp70 activity is ATP dependent. Hsp70 proteins are made up of two regions: the amino terminus is the ATPase domain and the carboxyl terminus is the substrate binding region [[cite:PUB00000958]].</p>

<p>Hsp70 proteins have an average molecular weight of 70kDa [[cite:PUB00000712], [cite:PUB00000809], [cite:PUB00004019]]. In most species,there are many proteins that belong to the hsp70 family. Some of these are only expressed under stress conditions (strictly inducible), while some are present in cells under normal growth conditions and are not heat-inducible (constitutive or cognate) [[cite:PUB00004070], [cite:PUB00001766]]. Hsp70 proteins can be found in different cellular compartments(nuclear, cytosolic, mitochondrial, endoplasmic reticulum, for example).</p>

<p>This entry represents three conserved sites of the heat shock 70 protein family.</p>"
5;Homo sapiens;"IPR001129
IPR001844
IPR002423
IPR003594
IPR005467
IPR011234
IPR014816
IPR018370
IPR018955
IPR023352
IPR027409
IPR027410
IPR027413
IPR029063
IPR036663
IPR036784
IPR036890
IPR039028
IPR049470
IPR050997
IPR054151";;
3;IPR013087;"doi:10.1016/j.cell.2021.04.011
doi:10.1038/nature22366
imex:IM-13779
imex:IM-25472
imex:IM-25778
imex:IM-29278
pubmed:20711500
pubmed:28514442
pubmed:32296183
pubmed:33961781";Zinc finger C2H2-type;"<p>This entry represents the classical C2H2 zinc finger domain.</p>; <p>C2H2-type (classical) zinc fingers (Znf) were the first class to be characterised. They contain a short β-hairpin and an α-helix (β/β/α structure), where a single zinc atom is held in place by Cys(2)His(2) (C2H2) residues in a tetrahedral array. C2H2 Znf's can be divided into three groups based on the number and pattern of fingers: triple-C2H2 (binds single ligand), multiple-adjacent-C2H2 (binds multiple ligands), and separated paired-C2H2 [[cite:PUB00035808]]. C2H2 Znf's are the most common DNA-binding motifs found in eukaryotic transcription factors, and have also been identified in prokaryotes [[cite:PUB00035809]].  Transcription factors usually contain several Znf's (each with a conserved β/β/α structure) capable of making multiple contacts along the DNA, where the C2H2 Znf motifs recognise DNA sequences by binding to the major groove of DNA via a short α-helix in the Znf, the Znf spanning 3-4 bases of the DNA [[cite:PUB00035811]]. C2H2 zinc fingers can also bind to RNA and protein targets [[cite:PUB00043274]].</p>; <p>Zinc finger (Znf) domains are relatively small protein motifs which contain multiple finger-like protrusions that make tandem contacts with their target molecule. Some of these domains bind zinc, but many do not; instead, they bind other metals, such as iron, or no metal at all. For example, some family members form salt bridges to stabilise the finger-like folds. They were first identified as a DNA-binding motif in transcription factor TFIIIA from Xenopus laevis (African clawed frog); however, they are now recognised to bind DNA, RNA, protein and/or lipid substrates [[cite:PUB00035807], [cite:PUB00035805], [cite:PUB00035806], [cite:PUB00035804], [cite:PUB00014077]]. Their binding properties depend on the amino acid sequence of the finger domains and of the linker between fingers, as well as on the higher-order structures and the number of fingers. Znf domains are often found in clusters, where fingers can have different binding specificities. There are many superfamilies of Znf motifs, varying in both sequence and structure. They display considerable versatility in binding modes, even between members of the same class (e.g., some bind DNA, others protein), suggesting that Znf motifs are stable scaffolds that have evolved specialised functions. For example, Znf-containing proteins function in gene transcription, translation, mRNA trafficking, cytoskeleton organisation, epithelial development, cell adhesion, protein folding, chromatin remodelling and zinc sensing, to name but a few [[cite:PUB00035812]]. Zinc-binding motifs are stable structures, and they rarely undergo conformational changes upon binding their target.</p>"
3;IPR036236;"doi:10.1016/j.cell.2021.04.011
doi:10.1038/nature22366
imex:IM-13779
imex:IM-25472
imex:IM-25778
imex:IM-29278
pubmed:20711500
pubmed:28514442
pubmed:32296183
pubmed:33961781";Zinc finger C2H2 superfamily;"<p>C2H2-type (classical) zinc fingers (Znf) were the first class to be characterised. They contain a short β-hairpin and an α-helix (β/β/α structure), where a single zinc atom is held in place by Cys(2)His(2) (C2H2) residues in a tetrahedral array. C2H2 Znf's can be divided into three groups based on the number and pattern of fingers: triple-C2H2 (binds single ligand), multiple-adjacent-C2H2 (binds multiple ligands), and separated paired-C2H2 [[cite:PUB00035808]]. C2H2 Znf's are the most common DNA-binding motifs found in eukaryotic transcription factors, and have also been identified in prokaryotes [[cite:PUB00035809]].  Transcription factors usually contain several Znf's (each with a conserved β/β/α structure) capable of making multiple contacts along the DNA, where the C2H2 Znf motifs recognise DNA sequences by binding to the major groove of DNA via a short α-helix in the Znf, the Znf spanning 3-4 bases of the DNA [[cite:PUB00035811]]. C2H2 zinc fingers can also bind to RNA and protein targets [[cite:PUB00043274]].</p>; <p>Zinc finger (Znf) domains are relatively small protein motifs which contain multiple finger-like protrusions that make tandem contacts with their target molecule. Some of these domains bind zinc, but many do not; instead, they bind other metals, such as iron, or no metal at all. For example, some family members form salt bridges to stabilise the finger-like folds. They were first identified as a DNA-binding motif in transcription factor TFIIIA from Xenopus laevis (African clawed frog); however, they are now recognised to bind DNA, RNA, protein and/or lipid substrates [[cite:PUB00035807], [cite:PUB00035805], [cite:PUB00035806], [cite:PUB00035804], [cite:PUB00014077]]. Their binding properties depend on the amino acid sequence of the finger domains and of the linker between fingers, as well as on the higher-order structures and the number of fingers. Znf domains are often found in clusters, where fingers can have different binding specificities. There are many superfamilies of Znf motifs, varying in both sequence and structure. They display considerable versatility in binding modes, even between members of the same class (e.g., some bind DNA, others protein), suggesting that Znf motifs are stable scaffolds that have evolved specialised functions. For example, Znf-containing proteins function in gene transcription, translation, mRNA trafficking, cytoskeleton organisation, epithelial development, cell adhesion, protein folding, chromatin remodelling and zinc sensing, to name but a few [[cite:PUB00035812]]. Zinc-binding motifs are stable structures, and they rarely undergo conformational changes upon binding their target.</p>"
2;IPR020575;"pubmed:15766533
pubmed:19536198";Heat shock protein Hsp90, N-terminal;"<p>Prokaryotes and eukaryotes respond to heat shock and other forms of environmental stress by inducing synthesis of heat-shock proteins (hsp) [[cite:PUB00000102]]. The 90kDa heat shock protein, Hsp90, is one of the most abundant proteins in eukaryotic cells, comprising 1-2% of cellular proteins under non-stress conditions [[cite:PUB00014968]]. Its contribution to various cellular processes including signal transduction, protein folding, protein degradation and morphological evolution has been extensively studied [[cite:PUB00002788], [cite:PUB00005421]]. The full functional activity of Hsp90 is gained in concert with other co-chaperones, playing an important role in the folding of newly synthesised proteins and stabilisation and refolding of denatured proteins after stress. Apart from its co-chaperones, Hsp90 binds to an array of client proteins, where the co-chaperone requirement varies and depends on the actual client [[cite:PUB00112352], [cite:PUB00112353], [cite:PUB00141629], [cite:PUB00141630], [cite:PUB00141631], [cite:PUB00141642]].</p>

<p>This entry represents the histidine kinase-like ATPase (HATPase) domain Hsp90 from eukaryotes and its bacterial homologues, known as HtpG (High temperature protein G).</p>"
2;IPR001404;"pubmed:15766533
pubmed:19536198";Heat shock protein Hsp90 family;"<p>Molecular chaperones, or heat shock proteins (Hsps) are ubiquitous proteins that act to maintain proper protein folding within the cell [[cite:PUB00035214]]. They assist in the folding of nascent polypeptide chains, and are also involved in the refolding of denatured proteins following proteotoxic stress. As their name implies, the heat shock proteins were first identified as proteins that were up-regulated under conditions of elevated temperature. However, subsequent studies have shown that increased Hsp expression is induced by a variety of cellular stresses, including oxidative stress and inflammation. Five major Hsp families have been determined, and are categorized according to their molecular size (Hsp100, Hsp90, Hsp70, Hsp60, and the small Hsps). Hsps are involved in a variety of cellular processes that are ATP-dependent. These include: prevention of protein aggregation, protein degradation, protein trafficking, and maintenance of signalling proteins in a conformation that permits activation.</p>

<p>Hsp90 chaperones are unique in their ability to regulate a specific subset of cellular signalling proteins that have been implicated in disease processes, including intracellular protein kinases, steroid hormone receptors, and growth factor receptors [[cite:PUB00035215], [cite:PUB00112352], [cite:PUB00112353], [cite:PUB00141629], [cite:PUB00141630], [cite:PUB00141631], [cite:PUB00141642]].</p>"
2;IPR020568;"pubmed:15766533
pubmed:19536198";Ribosomal protein uS5 domain 2-type superfamily;"<p>The founding member of this superfamily is the second domain of the small ribosomal subunit protein uS5. This domain adopts α/β fold consisting of four-stranded mixed β-sheet and two helices packed on one side of it. Typical features for this superfamily are the psi-loop between strands 2 and 3; and the left-handed crossover between strands 3 and 4.</p>; <p>Domain 2 of the ribosomal protein uS5 has a left-handed, 2-layer α/β fold with a core structure consisting of β(3)-α-β-α. Domains with this fold are found in numerous RNA/DNA-binding proteins, as well as in kinases from the GHMP kinase family.  Proteins containing this α/β fold domain include:</p>

<ul>
<li>Translational machinery components  (ribosomal proteins S5 and S9, and domain IV of elongation factors EF-G and eEF-2) [[cite:PUB00034480]].</li>
<li>Ribonuclease P protein (RNase P) [[cite:PUB00034481]].</li>
<li>Ribonuclease PH (domain 1) [[cite:PUB00029653]], as well as various exosome complex exonucleases (RRP41, RRP42, RRP43, RRP45, RRP46, MTR3, ECX1, ECX2) [[cite:PUB00035569]].</li>
<li>DNA modification proteins (DNA mismatch repair proteins MutL and PMS2, DNA gyrase B, DNA topoisomerase II, IV-B and VI-B) [[cite:PUB00024488]].</li>
<li>GHMP kinases that transfer a phosphoryl group from ATP to an acceptor (galactokinase ([ec:2.7.1.6]), homoserine kinase ([ec:2.7.1.39]), and mevalonate kinase ([ec:2.7.1.36])) [[cite:PUB00034482], [cite:PUB00015644]].</li>
<li>Caenorhabditis elegans early switch protein Xol-1 (a divergent member of the GHMP kinase family that has lost the ATP-binding site) [[cite:PUB00016021]].</li>
<li>Hsp90 chaperone (middle domain), which is related to the DNA gyrase/MutL family [[cite:PUB00035354]]; this domain contains an extra C-terminal α/β subdomain.</li>
<li>Imidazole glycerol phosphate dehydratase, which contains a duplication consisting of two structural repeats of this fold [[cite:PUB00022600]].</li>
<li>The catalytic domain of ATP-dependent protease Lon (La), which contains an extra C-terminal α/β subdomain [[cite:PUB00030777]].</li>
<li>Formaldehyde-activating enzyme FAE, which contains a modification of this fold consisting of an extra α/β unit after strand 2 [[cite:PUB00038434]].</li>
</ul>"
2;IPR003594;"pubmed:15766533
pubmed:19536198";Histidine kinase/HSP90-like ATPase domain;<p>This domain is found in several ATP-binding proteins, including: histidine kinase [[cite:PUB00030541]], DNA gyrase B, topoisomerases [[cite:PUB00022659]], heat shock protein HSP90 [[cite:PUB00031400], [cite:PUB00031884], [cite:PUB00031942]], phytochrome-like ATPases and DNA mismatch repair proteins. The fold of this domain consists of two layers, α/β, which contains an 8-stranded mixed β-sheet.</p>
2;IPR036890;"pubmed:15766533
pubmed:19536198";Histidine kinase/HSP90-like ATPase superfamily;"<p>This domain superfamily is found in several ATP-binding proteins, including: DNA mismatch repair protein MutL, Chaperone protein HtpG, DNA gyrase subunit B, Anti-sigma F factor, histidine kinase [[cite:PUB00030541]], topoisomerases [[cite:PUB00022659]], heat shock protein HSP90 [[cite:PUB00031400], [cite:PUB00031884], [cite:PUB00031942]], phytochrome-like ATPases and DNA mismatch repair proteins. The fold of this domain consists of two layers, α/β, which contains an 8-stranded mixed β-sheet.</p>; <p>DNA mismatch repair protein MutL is an essential component of the methyl-directed mismatch repair (MMR) system, which corrects replication errors and maintains genomic integrity. MutL functions in the Dam-dependent MMR pathway, where the methylation status of GATC sequences is used to distinguish the parental strand from the newly synthesised strand containing the replication error. MutL acts as a molecular matchmaker, facilitating the ATP-dependent assembly of stable complexes between DNA-binding proteins involved in the repair process without itself remaining part of the final effector complex. Following mismatch recognition by MutS, MutL is recruited to the site of damage, where it coordinates downstream repair events, including activation of the endonuclease MutH and recruitment of the UvrD helicase and exonucleases required for excision of the error-containing strand. The ATPase activity of MutL, mediated by its N-terminal GHKL domain, is essential for these functions, driving the conformational changes necessary for proper coordination of the repair machinery [[cite:PUB00163295], [cite:PUB00023516]].</p>"
2;IPR019805;"pubmed:15766533
pubmed:19536198";Heat shock protein Hsp90, conserved site;"<p>Prokaryotes and eukaryotes respond to heat shock and other forms of environmental stress by inducing synthesis of heat-shock proteins (hsp) [[cite:PUB00000102]]. The 90kDa heat shock protein, Hsp90, is one of the most abundant proteins in eukaryotic cells, comprising 1-2% of cellular proteins under non-stress conditions [[cite:PUB00014968]]. Its contribution to various cellular processes including signal transduction, protein folding, protein degradation and morphological evolution has been extensively studied [[cite:PUB00002788], [cite:PUB00005421]]. The full functional activity of Hsp90 is gained in concert with other co-chaperones, playing an important role in the folding of newly synthesised proteins and stabilisation and refolding of denatured proteins after stress. Apart from its co-chaperones, Hsp90 binds to an array of client proteins, where the co-chaperone requirement varies and depends on the actual client.</p>

<p>The sequences of hsp90s show a distinctive domain structure, with a highly-conserved N-terminal domain separated from a conserved, acidic C-terminal domain by a highly-acidic, flexible linker region.</p>

<p>The signature pattern for the hsp90 family of proteins is located in a highly conserved region found in the N-terminal part of these proteins.</p>"
2;IPR037196;"pubmed:15766533
pubmed:19536198";HSP90, C-terminal domain;"<p>This entry represents the C-terminal domain of HPS90. Structurally, this domain has an α-β(3)-α(3) fold arranged in two layers (α/β) with mixed β-sheet and crossing loops.</p>; <p>Molecular chaperones, or heat shock proteins (Hsps) are ubiquitous proteins that act to maintain proper protein folding within the cell [[cite:PUB00035214]]. They assist in the folding of nascent polypeptide chains, and are also involved in the refolding of denatured proteins following proteotoxic stress. As their name implies, the heat shock proteins were first identified as proteins that were up-regulated under conditions of elevated temperature. However, subsequent studies have shown that increased Hsp expression is induced by a variety of cellular stresses, including oxidative stress and inflammation. Five major Hsp families have been determined, and are categorized according to their molecular size (Hsp100, Hsp90, Hsp70, Hsp60, and the small Hsps). Hsps are involved in a variety of cellular processes that are ATP-dependent. These include: prevention of protein aggregation, protein degradation, protein trafficking, and maintenance of signalling proteins in a conformation that permits activation.</p>

<p>Hsp90 chaperones are unique in their ability to regulate a specific subset of cellular signalling proteins that have been implicated in disease processes, including intracellular protein kinases, steroid hormone receptors, and growth factor receptors [[cite:PUB00035215], [cite:PUB00112352], [cite:PUB00112353], [cite:PUB00141629], [cite:PUB00141630], [cite:PUB00141631], [cite:PUB00141642]].</p>"
1;IPR024057;"imex:IM-30059
pubmed:39251607";Nucleoplasmin core domain;"<p>This entry represents the core structural domain for the nucleoplasmin (Np) family of histone chaperone proteins. This core domain is formed by an 8-stranded β barrel [[cite:PUB00032376]].</p>

<p>The three branches of the Np family, including nucleophosmin (NO38/B23), nucleoplasmin (Np), and nucleoplasmin-like proteins (NLP), bind core histones and assemble nucleosomes<i>in vitro</i>assays. Even though they have different histone preferences, it has been suggested that Np family members may share a general mechanism for binding histones [[cite:PUB00032376]].</p>"
1;IPR032569;"imex:IM-30059
pubmed:39251607";Nucleophosmin, C-terminal;<p>This domain, approximately 50 residues in length, is mainly found in C-terminal region of nucleophosmin from animals [[cite:PUB00076527]]. Nucleophosmin (also known as  NPM1/B23) is a multifunctional protein that is involved in a number of cellular activities, such as ribosome maturatation and export, centrosome duplication, and response to stress stimuli [[cite:PUB00076527]]. Although it shuttles rapidly between the nucleus and the cytoplasm, a large fraction of NPM1/B23 resides in the nucleoli [[cite:PUB00076528]]. Mutations of the NPM1 gene has been linked to acute myeloid leukemia [[cite:PUB00066091]].</p>
1;IPR004301;"imex:IM-30059
pubmed:39251607";Nucleoplasmin family;"<p>The nucleoplasmin family includes nucleophosmin, nucleoplasmin and nucleoplasmin-like proteins. Nucleophosmin (also known as  NPM1/B23) is a multifunctional protein that is involved in a number of cellular activities, such as ribosome maturatation and export, centrosome duplication, and response to stress stimuli [[cite:PUB00076527]]. Nucleoplasmin (NPM2) is a histone chaperone for histones H2A-H2B and is highly expressed in the oocyte and through the early stages of embryogenesis [[cite:PUB00076530]].</p>


<p>Mutations of the NPM1 gene has been linked to acute myeloid leukemia [[cite:PUB00066091]].</p>"
1;IPR036824;"imex:IM-30059
pubmed:39251607";Nucleoplasmin core domain superfamily;"<p>This entry represents the core structural domain superfamily for the nucleoplasmin (Np) family of histone chaperone proteins. This core domain is formed by an 8-stranded β barrel [[cite:PUB00032376]].</p>

<p>The three branches of the Np family, including nucleophosmin (NO38/B23), nucleoplasmin (Np), and nucleoplasmin-like proteins (NLP), bind core histones and assemble nucleosomes<i>in vitro</i>assays. Even though they have different histone preferences, it has been suggested that Np family members may share a general mechanism for binding histones [[cite:PUB00032376]].</p>"
1;IPR042052;"doi:10.1016/j.cell.2021.04.011
doi:10.1038/nature22366
imex:IM-25778
imex:IM-29278
pubmed:28514442
pubmed:33961781";HSPA4, nucleotide-binding domain;"<p>Human HSPA4 (also known as 70kDa heat shock protein 4, APG-2, HS24/P52, hsp70 RY, and HSPH2) responds to acidic pH stress, is involved in the radioadaptive response, is required for normal spermatogenesis and is overexpressed in hepatocellular carcinoma [[cite:PUB00092330], [cite:PUB00092380], [cite:PUB00092393]]. It participates in a pathway along with NBS1 (Nijmegen breakage syndrome 1, also known as p85 or nibrin), heat shock transcription factor 4b (HDF4b), and HSPA14 (belonging to a different HSP70 subfamily) that induces tumor migration, invasion, and transformation [[cite:PUB00092330]]. HSPA4 expression in sperm was increased in men with oligozoospermia, especially in those with varicocele [[cite:PUB00092389]]. HSPA4 belongs to the 105/110kDa heat shock protein (HSP105/110) subfamily of the HSP70-like family [[cite:PUB00092391]]. HSP105/110s are believed to function generally as co-chaperones of HSP70 chaperones, acting as nucleotide exchange factors (NEFs), to remove ADP from their HSP70 chaperone partners during the ATP hydrolysis cycle. HSP70 chaperones assist in protein folding and assembly, and can direct incompetent 'client' proteins towards degradation. Like HSP70 chaperones, HSP105/110s have an N-terminal nucleotide-binding domain (NBD) and a C-terminal substrate-binding domain (SBD) [[cite:PUB00092303]].</p>

<p>This entry represents the N-terminal nucleotide-binding domain of HSPA4.</p>"
1;IPR004087;"doi:10.1016/j.cell.2021.04.011
imex:IM-29278
pubmed:33961781";K Homology domain;"<p>The K homology (KH) domain was first identified in the human heterogeneous nuclear ribonucleoprotein  (hnRNP) K.  An evolutionarily conserved sequence of around 70 amino acids, the KH domain is present in a wide variety of nucleic acid-binding proteins. The KH domain binds RNA, and can function in RNA recognition [[cite:PUB00035579]]. It is found in multiple copies in several proteins, where they can function cooperatively or independently.  For example, in the AU-rich element RNA-binding protein KSRP, which has 4 KH domains, KH domains 3 and 4 behave as independent binding modules to interact with different regions of the AU-rich RNA targets [[cite:PUB00035579]]. The solution structure of the first KH domain of FMR1 [[cite:PUB00005961]] and of the C-terminal KH domain of hnRNP K [[cite:PUB00005962]] determined by nuclear magnetic resonance
(NMR) revealed a β-α-α-β-β-α structure. Proteins containing KH domains include:</p>

<ul>
<li>Bacterial and organelle PNPases [[cite:PUB00035580]].</li>
<li>Archaeal and eukaryotic exosome subunits [[cite:PUB00035581]].</li>
<li>Eukaryotic and prokaryotic small ribosomal subunit proteins uS3 [[cite:PUB00035582]].</li>
<li>Vertebrate Fragile X messenger ribonucleoprotein 1 (FMR1) [[cite:PUB00035583]].</li>
<li>Vigilin, which has 14 KH domains [[cite:PUB00035584]].</li>
<li>AU-rich element RNA-binding protein KSRP.</li>
<li>hnRNP K, which contains 3 KH domains.</li>
<li>Human onconeural ventral antigen-1 (NOVA-1) [[cite:PUB00021445]].</li>
</ul>

<p>According to structural analyses [[cite:PUB00005961], [cite:PUB00005962], [cite:PUB00007305]], the KH domain can be separated in two groups - type 1 and type 2.</p>"
1;IPR004088;"doi:10.1016/j.cell.2021.04.011
imex:IM-29278
pubmed:33961781";K Homology domain, type 1;"<p>The K homology (KH) domain was first identified in the human heterogeneous nuclear ribonucleoprotein (hnRNP) K. It is a domain of around 70 amino acids that is present in a wide variety of quite diverse nucleic acid-binding proteins [[cite:PUB00005188]]. It has been shown to bind RNA [[cite:PUB00005961], [cite:PUB00005962]]. Like many other RNA-binding motifs, KH motifs are found in one or multiple copies (14 copies in chicken vigilin) and, at least for hnRNP K (three copies) and FMR-1 (two copies), each motif is necessary for<i>in vitro</i>RNA binding activity, suggesting that they may function cooperatively or, in the case of single KH motif proteins (for example, Mer1p), independently [[cite:PUB00005188]].</p>

<p>According to structural [[cite:PUB00005961], [cite:PUB00005962], [cite:PUB00007305]] analysis the KH domain can be separated in two groups. The first group or type-1 contain a β-α-α-β-β-α structure, whereas in the type-2 the two last β-sheet are located in the N-terminal part of the domain (α-β-β-α-α-β). Sequence similarity between these two folds are limited to a short region (VIGXXGXXI) in the RNA binding motif. This motif is located between helices 1 and 2 in type-1 and between helices 2 and 3 in type-2. Proteins known to contain a type-1 KH domain include bacterial polyribonucleotide nucleotidyltransferase ([ec:2.7.7.8]); vertebrate Fragile X messenger ribonucleoprotein 1 (FMR1); eukaryotic heterogeneous nuclear ribonucleoprotein K (hnRNP K), one of at least 20 major proteins that are part of hnRNP particles in mammalian cells; mammalian poly(rC) binding proteins; Artemia salina glycine-rich protein GRP33; yeast PAB1-binding protein 2 (PBP2); vertebrate vigilin; and human high-density lipoprotein binding protein (HDL-binding protein).</p>"
1;IPR036612;"doi:10.1016/j.cell.2021.04.011
imex:IM-29278
pubmed:33961781";K Homology domain, type 1 superfamily;"<p>The K homology (KH) domain was first identified in the human heterogeneous nuclear ribonucleoprotein (hnRNP) K. It is a domain of around 70 amino acids that is present in a wide variety of quite diverse nucleic acid-binding proteins [[cite:PUB00005188]]. It has been shown to bind RNA [[cite:PUB00005961], [cite:PUB00005962]]. Like many other RNA-binding motifs, KH motifs are found in one or multiple copies (14 copies in chicken vigilin) and, at least for hnRNP K (three copies) and FMR-1 (two copies), each motif is necessary for<i>in vitro</i>RNA binding activity, suggesting that they may function cooperatively or, in the case of single KH motif proteins (for example, Mer1p), independently [[cite:PUB00005188]].</p>

<p>According to structural [[cite:PUB00005961], [cite:PUB00005962], [cite:PUB00007305]] analysis the KH domain can be separated in two groups. The first group or type-1 contain a β-α-α-β-β-α structure, whereas in the type-2 the two last β-sheet are located in the N-terminal part of the domain (α-β-β-α-α-β). Sequence similarity between these two folds are limited to a short region (VIGXXGXXI) in the RNA binding motif. This motif is located between helices 1 and 2 in type-1 and between helices 2 and 3 in type-2. Proteins known to contain a type-1 KH domain include bacterial polyribonucleotide nucleotidyltransferase ([ec:2.7.7.8]); vertebrate Fragile X messenger ribonucleoprotein 1 (FMR1); eukaryotic heterogeneous nuclear ribonucleoprotein K (hnRNP K), one of at least 20 major proteins that are part of hnRNP particles in mammalian cells; mammalian poly(rC) binding proteins; Artemia salina glycine-rich protein GRP33; yeast PAB1-binding protein 2 (PBP2); vertebrate vigilin; and human high-density lipoprotein binding protein (HDL-binding protein).</p>"
1;IPR012716;"doi:10.1038/nature22366
imex:IM-25778
pubmed:28514442";T-complex protein 1, beta subunit;"<p>Members of this eukaryotic family are part of the group II chaperonin complex called CCT (chaperonin containing TCP-1 or Tailless Complex Polypeptide 1) or TRiC [[cite:PUB00004127], [cite:PUB00001019]]. Chaperonins are involved in productive folding of proteins [[cite:PUB00080867]]. They share a common general morphology, a double toroid of 2 stacked rings. The archaeal equivalent group II chaperonin is often called the thermosome [[cite:PUB00080871]]. Both the thermosome and the TCP-1 family of proteins are weakly, but significantly [[cite:PUB00004124]], related to the cpn60/groEL chaperonin family (see [interpro:IPR001844]).</p>

<p>The TCP-1 protein was first identified in mice where it is especially abundant in testis but present in all cell types. It has since been found and characterised in many other animal species, as well as in yeast, plants and protists. The TCP1 complex has a double-ring structure with central cavities where protein folding takes place [[cite:PUB00074264]]. TCP-1 is a highly conserved protein of about 60kDa (556 to 560 residues) which participates in a hetero-oligomeric 900kDa double-torus shaped particle [[cite:PUB00004129]] with 6 to 8 other different, but homologous,  subunits [[cite:PUB00064264]]. These subunits, the chaperonin containing TCP-1 (CCT) subunit beta, gamma, delta, epsilon, zeta and eta are evolutionary related to TCP-1 itself [[cite:PUB00001034], [cite:PUB00005432]]. Non-native proteins are sequestered inside the central cavity and folding is promoted by using energy derived from ATP hydrolysis [[cite:PUB00080868], [cite:PUB00080869], [cite:PUB00080873]]. The CCT is known to act as a molecular chaperone for tubulin, actin and probably some other proteins [[cite:PUB00074265], [cite:PUB00074266]].</p>; <p>This family consists exclusively of the CCT beta chain (part of a paralogous family) from animals, plants, fungi, and other eukaryotes.</p>"
1;IPR002423;"doi:10.1038/nature22366
imex:IM-25778
pubmed:28514442";Chaperonin Cpn60/GroEL/TCP-1 family;"<p>The assembly of proteins has been thought to be the sole result of properties inherent in the primary sequence of polypeptides themselves. In some cases, however, structural information from other protein molecules is required for correct folding and subsequent assembly into oligomers [[cite:PUB00004022]]. These 'helper' molecules are referred to as molecular chaperones, a subfamily of which are the chaperonins [[cite:PUB00004550]], which include 10kDa and 60kDa proteins. These are found in abundance in prokaryotes, chloroplasts and mitochondria. They are required for normal cell growth (as demonstrated by the fact that no temperature sensitive mutants for the chaperonin genes can be found in the temperature range 20 to 43 degrees centigrade [[cite:PUB00004022]]), and are stress-induced, acting to stabilise or protect disassembled polypeptides under heat-shock conditions [[cite:PUB00004550]].</p>

<p>The 10kDa chaperonin (Cpn10) and its bacterial homologue groES, exist as a ring-shaped oligomer of between 6 to 8 identical subunits, whereas the 60kDa chaperonin (Cpn60) and its bacterial homologue groEL, form a structure comprising 2 stacked rings, each ring containing 7 identical subunits [[cite:PUB00004022]]. These ring structures assemble by self-stimulation in the presence of Mg2+-ATP. The Cpn10 and Cpn60 oligomers also require Mg2+-ATP in order to interact to form a functional complex, although the mechanism of this interaction is as yet unknown [[cite:PUB00002183]]. This chaperonin complex is essential for the correct folding and assembly of polypeptides into oligomeric structures, of which the chaperonins themselves are not a part [[cite:PUB00004550]]. The binding of Cpn10 to Cpn60 inhibits the weak ATPase activity of Cpn60.</p>

<p>TCP-1 (t-complex polypeptide 1) is a subunit of the hetero-oligomeric complex CCT (chaperonin containing TCP- 1) present in the eukaryotic cytosol. It is a member of the chaperonin family which includes GroEL, 60kDa heat shock protein (Hsp60), Rubisco subunit binding protein (RBP) and thermophilic factor 55 (TF55) [[cite:PUB00064264]].</p>

<p>BBS10 and BBS10 chaperonins play a role in the assembly of BBSome, a complex involved in ciliogenesis regulating transports vesicles to the cilia [[cite:PUB00069285]].</p>"
1;IPR002194;"doi:10.1038/nature22366
imex:IM-25778
pubmed:28514442";Chaperonin TCP-1, conserved site;"<p>The TCP-1 protein [[cite:PUB00004127], [cite:PUB00001019]] (Tailless Complex Polypeptide 1) was first identified in mice where it is especially abundant in testis but present in all cell types. It has since been found and characterised in many other animal species, as well as in yeast, plants and protists. TCP-1 is a highly conserved protein of about 60kDa (556 to 560 residues) which participates in a hetero-oligomeric 900kDa double-torus shaped particle [[cite:PUB00004129]] with 6 to 8 other different subunits. These subunits, the chaperonin containing TCP-1 (CCT) subunit beta, gamma, delta, epsilon, zeta and eta are evolutionary related to TCP-1 itself [[cite:PUB00001034], [cite:PUB00005432]]. The CCT is known to act as a molecular chaperone for tubulin, actin and probably some other proteins.</p>
<p>The CCT subunits are highly related to archaebacterial counterparts:</p>
<ul><li>TF55 and TF56 [[cite:PUB00004112]], a molecular chaperone from Sulfolobus shibatae. TF55 has ATPase activity, is known to bind unfolded polypeptides and forms a oligomeric complex of two stacked nine-membered rings.</li>
<li>Thermosome [[cite:PUB00000756]], from Thermoplasma acidophilum. The thermosome is composed of two subunits (alpha and beta) and also seems to be a chaperone with ATPase activity. It forms an oligomeric complex of eight-membered rings.</li></ul>
<p>The TCP-1 family of proteins are weakly, but significantly [[cite:PUB00004124]], related to the cpn60/groEL chaperonin family (see [interpro:IPR001844]).</p>"
1;IPR027413;"doi:10.1038/nature22366
imex:IM-25778
pubmed:28514442";GroEL-like equatorial domain superfamily;"<p>Chaperonins are large cylindrical structures that transiently enclose a partially folded polypeptide and allow it to continue folding in a sequestered environment. Chaperonins are grouped into two families: group I chaperonins, found in eubacteria (e.g. GroEL in Escherichia coli) and eukaryotic organelles of eubacterial descent (e.g. Cpn60 in mitochondria and chloroplasts), and group II chaperonins, found in archaea and the eukaryotic cytosol (CCT or TCP-1 complex) [[cite:PUB00064262], [cite:PUB00064264]]. Both groups share a common monomer architecture of three domains: an equatorial domain that carries ATPase activity, an intermediate domain, and an apical domain, involved in substrate binding [[cite:PUB00064263], [cite:PUB00021689], [cite:PUB00064971]].</p>

<p>This superfamily represents the equatorial domain.</p>"
1;IPR027409;"doi:10.1038/nature22366
imex:IM-25778
pubmed:28514442";GroEL-like apical domain superfamily;"<p>Chaperonins are large cylindrical structures that transiently enclose a partially folded polypeptide and allow it to continue folding in a sequestered environment. Chaperonins are grouped into two families: group I chaperonins, found in eubacteria (e.g. GroEL in Escherichia coli) and eukaryotic organelles of eubacterial descent (e.g. Cpn60 in mitochondria and chloroplasts), and group II chaperonins, found in archaea and the eukaryotic cytosol (CCT or TCP-1 complex) [[cite:PUB00064262], [cite:PUB00064264]]. Both groups share a common monomer architecture of three domains: an equatorial domain that carries ATPase activity, an intermediate domain, and an apical domain, involved in substrate binding [[cite:PUB00064263], [cite:PUB00021689]].</p>

<p>This superfamily represents the apical domain.</p>"
1;IPR017998;"doi:10.1038/nature22366
imex:IM-25778
pubmed:28514442";T-complex protein 1;<p>Protein folding is generally thought to result solely from properties inherent in the polypeptide primary sequence. However, additional proteins known as molecular chaperones are sometimes required to mediate correct folding and subsequent oligomer assembly [[cite:PUB00004022]]. These chaperones bind to specific protein surfaces, preventing incorrect folding and the formation of non-functional structures [[cite:PUB00001821]].T-complex protein 1 (TCP-1) is a highly conserved cytosolic molecular chaperone [[cite:PUB00044610]]. TCP-1 has also been shown to associate with Golgi membranes and microtubules, the latter suggesting a role in mitotic spindle formation during cell division, particularly in sperm where it is highly abundant [[cite:PUB00004112]]. Structurally, TCP-1 forms a double-ring complex comprising 6-8 subunits per ring, similar to the architecture of the 10 kDa and 60 kDa chaperonins. The amino acid sequence shows significant similarity to the 60 kDa chaperonin and to TF55, a chaperone from the archaeon Sulfolobus shibatae [[cite:PUB00004112]].</p>
1;IPR053374;"doi:10.1038/nature22366
imex:IM-25778
pubmed:28514442";;
1;IPR027410;"doi:10.1038/nature22366
imex:IM-25778
pubmed:28514442";TCP-1-like chaperonin intermediate domain superfamily;"<p>Chaperonins are large cylindrical structures that transiently enclose a partially folded polypeptide and allow it to continue folding in a sequestered environment. Chaperonins are grouped into two families: group I chaperonins, found in eubacteria (e.g. GroEL in Escherichia coli) and eukaryotic organelles of eubacterial descent (e.g. Cpn60 in mitochondria and chloroplasts), and group II chaperonins, found in archaea and the eukaryotic cytosol (CCT or TCP-1 complex) [[cite:PUB00064262], [cite:PUB00064264]]. Both groups share a common monomer architecture of three domains: an equatorial domain that carries ATPase activity, an intermediate domain, and an apical domain, involved in substrate binding [[cite:PUB00064263], [cite:PUB00021689]].</p>

<p>This superfamily represents the intermediate domain of type II chaperonins.</p>"
1;IPR008826;"doi:10.1016/j.cell.2021.04.011
imex:IM-29278
pubmed:33961781";Selenium-binding protein;<p>This family consists of selenium binding proteins from eukaryotes, bacteria and archaea. Human selenium-binding protein 1 (SELENBP1) is a methanethiol oxidase (MTO) that converts methanethiol to H2O2, formaldehyde, and H2S [[cite:PUB00088397]]. Bovine SBP56 has been shown to participate in late stages of intra-Golgi protein transport [[cite:PUB00011458]]. The Lotus japonicus homologue of SBP56, LjSBP is thought to have more than one physiological role, and can be implicated in controlling the oxidation/reduction status of target proteins in vesicular Golgi transport [[cite:PUB00011459]].</p>
1;IPR036034;"imex:IM-23318
pubmed:25416956";PDZ superfamily;<p>PDZ domains (also known as Discs-large homologous regions (DHR) or GLGF)) are found in diverse signalling proteins in bacteria, yeasts, plants, insects and vertebrates [[cite:PUB00005049], [cite:PUB00000735]]. PDZ domains can occur in one or multiple copies and are nearly always found in cytoplasmic proteins. They bind either the carboxyl-terminal sequences of proteins or internal peptide sequences [[cite:PUB00000735]]. In most cases, interaction between a PDZ domain and its target is constitutive, with a binding affinity of 1 to 10 microns. However, agonist-dependent activation of cell surface receptors is sometimes required to promote interaction with a PDZ protein. PDZ domain proteins are frequently associated with the plasma membrane, a compartment where high concentrations of phosphatidylinositol 4,5-bisphosphate (PIP2) are found. Direct interaction between PIP2 and a subset of class II PDZ domains (syntenin, CASK, Tiam-1) has been demonstrated.</p>
1;IPR017907;"imex:IM-23318
pubmed:25416956";Zinc finger, RING-type, conserved site;"<p>A number of eukaryotic and viral proteins contain a conserved cysteine-rich domain of 40 to 60 residues (called C3HC4 zinc-finger or 'RING' finger) [[cite:PUB00001094]] that binds two atoms of zinc. There are two different variants, the C3HC4-type and the C3H2C3-type, which is clearly related despite the different cysteine/histidine pattern. The latter type is sometimes referred to as ""RING-H2 finger"". The 3D structure [[cite:PUB00017951]] of the zinc ligation system is referred to as the ""cross-brace"" motif. This atypical conformation is also shared by the FYVE (see [prositedoc:PDOC50178]) and PHD (see [prositedoc:PDOC50016]) domains. Many proteins containing a RING finger play a key role in the ubiquitination pathway. The ubiquitination pathway generally involves three types of enzyme, know as E1, E2 and E3. E1 and E2 are ubiquitin conjugating enzymes. E1 acts first and passes ubiquitin to E2. E3 are ubiquitin protein ligases, responsible for substrate recognition. It has been shown [[cite:PUB00017952], [cite:PUB00017953]] that several RING fingers act as E3 enzymes in the ubiquitination process.</p>; <p>Zinc finger (Znf) domains are relatively small protein motifs which contain multiple finger-like protrusions that make tandem contacts with their target molecule. Some of these domains bind zinc, but many do not; instead, they bind other metals, such as iron, or no metal at all. For example, some family members form salt bridges to stabilise the finger-like folds. They were first identified as a DNA-binding motif in transcription factor TFIIIA from Xenopus laevis (African clawed frog); however, they are now recognised to bind DNA, RNA, protein and/or lipid substrates [[cite:PUB00035807], [cite:PUB00035805], [cite:PUB00035806], [cite:PUB00035804], [cite:PUB00014077]]. Their binding properties depend on the amino acid sequence of the finger domains and of the linker between fingers, as well as on the higher-order structures and the number of fingers. Znf domains are often found in clusters, where fingers can have different binding specificities. There are many superfamilies of Znf motifs, varying in both sequence and structure. They display considerable versatility in binding modes, even between members of the same class (e.g., some bind DNA, others protein), suggesting that Znf motifs are stable scaffolds that have evolved specialised functions. For example, Znf-containing proteins function in gene transcription, translation, mRNA trafficking, cytoskeleton organisation, epithelial development, cell adhesion, protein folding, chromatin remodelling and zinc sensing, to name but a few [[cite:PUB00035812]]. Zinc-binding motifs are stable structures, and they rarely undergo conformational changes upon binding their target.</p>"
1;IPR001478;"imex:IM-23318
pubmed:25416956";PDZ domain;<p>PDZ domains (also known as Discs-large homologous regions (DHR) or GLGF)) are found in diverse signalling proteins in bacteria, yeasts, plants, insects and vertebrates [[cite:PUB00005049], [cite:PUB00000735]]. PDZ domains can occur in one or multiple copies and are nearly always found in cytoplasmic proteins. They bind either the carboxyl-terminal sequences of proteins or internal peptide sequences [[cite:PUB00000735]]. In most cases, interaction between a PDZ domain and its target is constitutive, with a binding affinity of 1 to 10 microns. However, agonist-dependent activation of cell surface receptors is sometimes required to promote interaction with a PDZ protein. PDZ domain proteins are frequently associated with the plasma membrane, a compartment where high concentrations of phosphatidylinositol 4,5-bisphosphate (PIP2) are found. Direct interaction between PIP2 and a subset of class II PDZ domains (syntenin, CASK, Tiam-1) has been demonstrated.</p>
1;IPR018957;"imex:IM-23318
pubmed:25416956";Zinc finger, C3HC4 RING-type;"<p>The C3HC4 type zinc-finger (RING finger) is a cysteine-rich domain of 40 to 60 residues that coordinates two zinc ions, and has the consensus sequence: C-X2-C-X(9-39)-C-X(1-3)-H-X(2-3)-C-X2-C-X(4-48)-C-X2-C where X is any amino acid [[cite:PUB00001094]]. Many proteins containing a RING finger play a key role in the ubiquitination pathway [[cite:PUB00017952]].</p>; <p>Zinc finger (Znf) domains are relatively small protein motifs which contain multiple finger-like protrusions that make tandem contacts with their target molecule. Some of these domains bind zinc, but many do not; instead, they bind other metals, such as iron, or no metal at all. For example, some family members form salt bridges to stabilise the finger-like folds. They were first identified as a DNA-binding motif in transcription factor TFIIIA from Xenopus laevis (African clawed frog); however, they are now recognised to bind DNA, RNA, protein and/or lipid substrates [[cite:PUB00035807], [cite:PUB00035805], [cite:PUB00035806], [cite:PUB00035804], [cite:PUB00014077]]. Their binding properties depend on the amino acid sequence of the finger domains and of the linker between fingers, as well as on the higher-order structures and the number of fingers. Znf domains are often found in clusters, where fingers can have different binding specificities. There are many superfamilies of Znf motifs, varying in both sequence and structure. They display considerable versatility in binding modes, even between members of the same class (e.g., some bind DNA, others protein), suggesting that Znf motifs are stable scaffolds that have evolved specialised functions. For example, Znf-containing proteins function in gene transcription, translation, mRNA trafficking, cytoskeleton organisation, epithelial development, cell adhesion, protein folding, chromatin remodelling and zinc sensing, to name but a few [[cite:PUB00035812]]. Zinc-binding motifs are stable structures, and they rarely undergo conformational changes upon binding their target.</p>"
1;IPR051342;"imex:IM-23318
pubmed:25416956";PDZ domain-containing scaffold protein;<p>This family of proteins includes scaffolding proteins that play key roles in cellular signaling, localization, and structural integrity. They are involved in the formation and maintenance of tight junctions and epithelial cell polarity. Some family members act as E3 ubiquitin-protein ligases, mediating ubiquitination and degradation of specific substrates. Others are implicated in synaptic plasticity, participating in NMDAR signaling complexes that may control AMPAR potentiation. These proteins often contain PDZ domains that mediate interactions with various partners, influencing processes such as vesicle transport, cell migration, and the organization of multiprotein complexes. The family also includes proteins that regulate the feedback of phototransduction in photoreceptors and proteins that may affect the surface expression and function of ion channels in sensory neurons.</p>
1;IPR001841;"imex:IM-23318
pubmed:25416956";Zinc finger, RING-type;"<p>This entry represents RING-type zinc finger domains. The RING-finger is a specialised type of Zn-finger of 40 to 60 residues that binds two atoms of zinc, and is probably involved in mediating protein-protein interactions [[cite:PUB00005712], [cite:PUB00001094], [cite:PUB00006216]]. There are two different variants, the C3HC4-type and a C3H2C3-type, which are clearly related despite the different cysteine/histidine pattern. The latter type is sometimes referred to as 'RING-H2 finger'. The RING domain is a protein interaction domain that has been implicated in a range of diverse biological processes. E3 ubiquitin-protein ligase, in Homo sapiens [swissprot:Q06587], activity is intrinsic to the RING domain of c-Cbl and is likely to be a general function of this domain. E3 ubiquitin-protein ligases determine the substrate specificity for ubiquitylation and have been classified into HECT and RING-finger families. Various RING fingers also exhibit binding to E2 ubiquitin-conjugating enzymes (Ubc's) [[cite:PUB00006474], [cite:PUB00006565], [cite:PUB00006516]].</p>

<p>Several 3D-structures for RING-fingers are known [[cite:PUB00001094], [cite:PUB00006216]]. The 3D structure of the zinc ligation system is unique to the RING domain and is referred to as the 'cross-brace' motif. The spacing of the cysteines in such a domain is C-x(2)-C-x(9 to 39)-C-x(1 to 3)-H-x(2 to 3)-C-x(2)-C-x(4 to 48)-C-x(2)-C. Metal ligand pairs one and three co-ordinate to bind one zinc ion, whilst pairs two and four bind the second.</p>

<p>Note that in the older literature, some RING-fingers are denoted as LIM-domains. The LIM-domain Zn-finger is a fundamentally different family, albeit with similar Cys-spacing (see [interpro:IPR001781]).</p>; <p>Zinc finger (Znf) domains are relatively small protein motifs which contain multiple finger-like protrusions that make tandem contacts with their target molecule. Some of these domains bind zinc, but many do not; instead, they bind other metals, such as iron, or no metal at all. For example, some family members form salt bridges to stabilise the finger-like folds. They were first identified as a DNA-binding motif in transcription factor TFIIIA from Xenopus laevis (African clawed frog); however, they are now recognised to bind DNA, RNA, protein and/or lipid substrates [[cite:PUB00035807], [cite:PUB00035805], [cite:PUB00035806], [cite:PUB00035804], [cite:PUB00014077]]. Their binding properties depend on the amino acid sequence of the finger domains and of the linker between fingers, as well as on the higher-order structures and the number of fingers. Znf domains are often found in clusters, where fingers can have different binding specificities. There are many superfamilies of Znf motifs, varying in both sequence and structure. They display considerable versatility in binding modes, even between members of the same class (e.g., some bind DNA, others protein), suggesting that Znf motifs are stable scaffolds that have evolved specialised functions. For example, Znf-containing proteins function in gene transcription, translation, mRNA trafficking, cytoskeleton organisation, epithelial development, cell adhesion, protein folding, chromatin remodelling and zinc sensing, to name but a few [[cite:PUB00035812]]. Zinc-binding motifs are stable structures, and they rarely undergo conformational changes upon binding their target.</p>"
1;IPR013083;"imex:IM-23318
pubmed:25416956";Zinc finger, RING/FYVE/PHD-type;"<p>This superfamily represents RING-, PHD-, and FYVE-type zinc finger domains, which share a common dimetal (zinc)-bound α/β structural fold, as well as the non-zinc-containing U-box domain, which is similar to the RING zinc finger only lacking the metal ion-binding residues (U-box associated with multi-ubiquitination).</p>; <p>Zinc finger (Znf) domains are relatively small protein motifs which contain multiple finger-like protrusions that make tandem contacts with their target molecule. Some of these domains bind zinc, but many do not; instead, they bind other metals, such as iron, or no metal at all. For example, some family members form salt bridges to stabilise the finger-like folds. They were first identified as a DNA-binding motif in transcription factor TFIIIA from Xenopus laevis (African clawed frog); however, they are now recognised to bind DNA, RNA, protein and/or lipid substrates [[cite:PUB00035807], [cite:PUB00035805], [cite:PUB00035806], [cite:PUB00035804], [cite:PUB00014077]]. Their binding properties depend on the amino acid sequence of the finger domains and of the linker between fingers, as well as on the higher-order structures and the number of fingers. Znf domains are often found in clusters, where fingers can have different binding specificities. There are many superfamilies of Znf motifs, varying in both sequence and structure. They display considerable versatility in binding modes, even between members of the same class (e.g., some bind DNA, others protein), suggesting that Znf motifs are stable scaffolds that have evolved specialised functions. For example, Znf-containing proteins function in gene transcription, translation, mRNA trafficking, cytoskeleton organisation, epithelial development, cell adhesion, protein folding, chromatin remodelling and zinc sensing, to name but a few [[cite:PUB00035812]]. Zinc-binding motifs are stable structures, and they rarely undergo conformational changes upon binding their target.</p>"
1;IPR029197;"doi:10.1016/j.cell.2021.04.011
imex:IM-29278
pubmed:33961781";Cytoskeleton-associated protein 2, C-terminal;<p>This entry represents the C terminus of CKAP2 (cytoskeleton-associated protein 2) and CKAP2L (cytoskeleton-associated protein 2-like). Mouse CKAP2 has been shown to possess microtubule stabilising properties [[cite:PUB00060150]] and is involved in regulating aneuploidy, cell cycle, and cell death in a p53-dependent manner [[cite:PUB00060151]]. In human, CKAMP2 is up-regulated in primary gastric cancers [[cite:PUB00060693]]. It has been shown that human CKAP2 is degraded by APC/C-Cdh1 during mitotic exit and that a tight regulation of CKAP2 protein level is important for mitotic progression [[cite:PUB00060692]].</p>
1;IPR026165;"doi:10.1016/j.cell.2021.04.011
imex:IM-29278
pubmed:33961781";Cytoskeleton-associated protein 2 family;<p>Mouse CKAP2 has been shown to possess microtubule stabilising properties [[cite:PUB00060150]] and is involved in regulating aneuploidy, cell cycle, and cell death in a p53-dependent manner [[cite:PUB00060151]]. In human, CKAMP2 is up-regulated in primary gastric cancers [[cite:PUB00060693]]. It has been shown that human CKAP2 is degraded by APC/C-Cdh1 during mitotic exit and that a tight regulation of CKAP2 protein level is important for mitotic progression [[cite:PUB00060692]].</p>
1;IPR050758;"doi:10.1016/j.cell.2021.04.011
doi:10.1038/nature22366
imex:IM-25778
imex:IM-29278
pubmed:28514442
pubmed:33961781";Zinc finger protein, C2H2-type;<p>The Zinc finger, C2H2-type protein family is characterized by the presence of one or more zinc finger motifs, which are small protein structural motifs that can coordinate one or more zinc ions to help stabilize their folds. Members of this family are predominantly involved in transcriptional regulation, with some proteins acting as transcriptional repressors or activators. They may play roles in various biological processes including gene silencing, embryonic stem cell maintenance, cell migration and proliferation, angiogenesis, and tumor growth. Some family members are implicated in the regulation of transcriptional repressor activity, erythroid maturation, lymphoid proliferation, and kidney repair. The family is also associated with the recruitment and regulation of several protein complexes involved in histone modification and chromatin remodeling.</p>
1;IPR036051;"doi:10.1016/j.cell.2021.04.011
doi:10.1038/nature22366
imex:IM-25778
imex:IM-29278
pubmed:28514442
pubmed:33961781";Krueppel-associated box domain superfamily;"<p>The Krueppel-associated box (KRAB) is a domain of around 75 amino acids that is found in the N-terminal part of about one third of eukaryotic Krueppel-type C2H2 zinc finger proteins (ZFPs) [[cite:PUB00011911]]. It is enriched in charged amino acids and can be divided into subregions A and B, which are predicted to fold into two amphipathic α-helices. The KRAB A and B boxes can be separated by variable spacer segments and many KRAB proteins contain only the A box [[cite:PUB00007161]].</p>

<p>The functions currently known for members of the KRAB-containing protein family include transcriptional repression of RNA polymerase I, II and III promoters, binding and splicing of RNA, and control of nucleolus function. The KRAB domain functions as a transcriptional repressor when tethered to the template DNA by a DNA-binding domain. A sequence of 45 amino acids in the KRAB A subdomain has been shown to be necessary and sufficient for transcriptional repression. The B box does not repress by itself but does potentiate the repression exerted by the KRAB A subdomain [[cite:PUB00007162], [cite:PUB00007163]]. Gene silencing requires the binding of the KRAB domain to the RING-B box-coiled coil (RBCC) domain of the KAP-1/TIF1-beta corepressor. As KAP-1 binds to the heterochromatin proteins HP1, it has been proposed that the KRAB-ZFP-bound target gene could be silenced following recruitment to heterochromatin [[cite:PUB00007164], [cite:PUB00007165]].</p>

<p>KRAB-ZFPs probably constitute the single largest class of transcription factors within the human genome [[cite:PUB00007166]]. The KRAB domain is generally encoded by two exons. The regions coded by the two exons are known as KRAB-A and KRAB-B. Although the function of KRAB-ZFPs is largely unknown, they appear to play important roles during cell differentiation and development. These proteins have been shown to play important roles in cell differentiation and organ development, and in regulating viral replication and transcription. A KRAB domain may consist of an A-box, or of an A-box plus either a B-box, a divergent B-box (b), or a C-box. Only the A-box is included in this model. The A-box is needed for repression, the B- and C- boxes are not. KRAB-ZFPs have one or two KRAB domains at their amino-terminal end, and multiple C2H2 zinc finger motifs at their C-termini. Some KRAB-ZFPs also contain a SCAN domain which mediates homo- and hetero-oligomerization. The KRAB domain is a protein-protein interaction module which represses transcription through recruiting corepressors. A key mechanism appears to be the following: KRAB-AFPs tethered to DNA recruit, via their KRAB domain, the repressor KAP1 (KRAB-associated protein-1, also known as transcription intermediary factor 1 beta, KRAB-A interacting protein and tripartite motif protein 28). The KAP1/ KRAB-AFP complex in turn recruits the heterochromatin protein 1 (HP1) family, and other chromatin modulating proteins, leading to transcriptional repression through heterochromatin formation [[cite:PUB00097514]].</p>"
1;IPR001909;"doi:10.1016/j.cell.2021.04.011
doi:10.1038/nature22366
imex:IM-25778
imex:IM-29278
pubmed:28514442
pubmed:33961781";Krueppel-associated box;"<p>The Krueppel-associated box (KRAB) is a domain of around 75 amino acids that is found in the N-terminal part of about one third of eukaryotic Krueppel-type C2H2 zinc finger proteins (ZFPs) [[cite:PUB00011911]]. It is enriched in charged amino acids and can be divided into subregions A and B, which are predicted to fold into two amphipathic α-helices. The KRAB A and B boxes can be separated by variable spacer segments and many KRAB proteins contain only the A box [[cite:PUB00007161]].</p>

<p>The functions currently known for members of the KRAB-containing protein family include transcriptional repression of RNA polymerase I, II and III promoters, binding and splicing of RNA, and control of nucleolus function. The KRAB domain functions as a transcriptional repressor when tethered to the template DNA by a DNA-binding domain. A sequence of 45 amino acids in the KRAB A subdomain has been shown to be necessary and sufficient for transcriptional repression. The B box does not repress by itself but does potentiate the repression exerted by the KRAB A subdomain [[cite:PUB00007162], [cite:PUB00007163]]. Gene silencing requires the binding of the KRAB domain to the RING-B box-coiled coil (RBCC) domain of the KAP-1/TIF1-beta corepressor. As KAP-1 binds to the heterochromatin proteins HP1, it has been proposed that the KRAB-ZFP-bound target gene could be silenced following recruitment to heterochromatin [[cite:PUB00007164], [cite:PUB00007165]].</p>

<p>KRAB-ZFPs probably constitute the single largest class of transcription factors within the human genome [[cite:PUB00007166]]. The KRAB domain is generally encoded by two exons. The regions coded by the two exons are known as KRAB-A and KRAB-B. Although the function of KRAB-ZFPs is largely unknown, they appear to play important roles during cell differentiation and development. These proteins have been shown to play important roles in cell differentiation and organ development, and in regulating viral replication and transcription. A KRAB domain may consist of an A-box, or of an A-box plus either a B-box, a divergent B-box (b), or a C-box. Only the A-box is included in this model. The A-box is needed for repression, the B- and C- boxes are not. KRAB-ZFPs have one or two KRAB domains at their amino-terminal end, and multiple C2H2 zinc finger motifs at their C-termini. Some KRAB-ZFPs also contain a SCAN domain which mediates homo- and hetero-oligomerization. The KRAB domain is a protein-protein interaction module which represses transcription through recruiting corepressors. A key mechanism appears to be the following: KRAB-AFPs tethered to DNA recruit, via their KRAB domain, the repressor KAP1 (KRAB-associated protein-1, also known as transcription intermediary factor 1 beta, KRAB-A interacting protein and tripartite motif protein 28). The KAP1/ KRAB-AFP complex in turn recruits the heterochromatin protein 1 (HP1) family, and other chromatin modulating proteins, leading to transcriptional repression through heterochromatin formation [[cite:PUB00097514]].</p>"
1;IPR050331;"imex:IM-25472
pubmed:32296183";Zinc finger PRDM4/PRDM1/PRDM14-like;<p>The zinc finger protein family is characterised by the presence of zinc finger motifs, which are small protein domains that can coordinate one or more zinc ions to stabilise their folds. Members of this family are predominantly involved in transcriptional regulation, with many acting as transcription factors that bind DNA and regulate the expression of target genes [[cite:PUB00107711]]. Functions of these proteins include roles in development, cell differentiation, immune response, and maintenance of cell identity [[cite:PUB00095979]]. Some family members possess histone methyltransferase activity, influencing chromatin structure and gene expression. The diversity of zinc finger domains, such as C2H2-type, allows for a wide range of DNA-binding specificities and regulatory functions.</p>
1;IPR001214;"imex:IM-25472
pubmed:32296183";SET domain;"<p>The SET domain is a 130 to 140 amino acid, evolutionary well conserved sequence motif that was initially characterised in the Drosophila proteins Su(var)3-9, Enhancer-of-zeste and Trithorax. In addition to these chromosomal proteins modulating gene activities and/or chromatin structure, the SET domain is found in proteins of diverse functions ranging from yeast to mammals, but also including some bacteria and viruses [[cite:PUB00018233], [cite:PUB00014448]].</p>

<p>The SET domains of mammalian SUV39H1 and 2 and fission yeast clr4 have been shown to be necessary for the methylation of lysine-9 in the histone H3 N terminus [[cite:PUB00014448]]. However, this histone methyltransferase (HMTase) activity is probably restricted to a subset of SET domain proteins as it requires the combination of the SET domain with the adjacent cysteine-rich regions, one located N-terminally (pre-SET) and the other posterior to the SET domain (post-SET). Post- and pre- SET regions seem then to play a crucial role when it comes to substrate recognition and enzymatic activity [[cite:PUB00054125], [cite:PUB00007133]].</p>

<p>The structure of the SET domain and the two adjacent regions pre-SET and post-SET have been solved [[cite:PUB00018235], [cite:PUB00018236], [cite:PUB00018237]]. The SET structure is all beta, but consists only in sets of few short strands composing no more than a couple of small sheets. Consequently the SET structure is mostly defined by turns and loops. An unusual feature is that the SET core is made up of two discontinual segments of the primary sequence forming an approximate L shape [[cite:PUB00005822], [cite:PUB00054125], [cite:PUB00007133]]. Two of the most conserved motifs in the SET domain are constituted by (1) a stretch at the C-terminal containing a strictly conserved tyrosine residue and (2) a preceding loop inside which the C-terminal segment passes forming a knot-like structure, but not quite a true knot. These two regions have been proven to be essential for SAM binding and catalysis, particularly the invariant tyrosine where in all likelihood catalysis takes place [[cite:PUB00054125], [cite:PUB00007133]].</p>"
1;IPR044416;"imex:IM-25472
pubmed:32296183";PRDM6, PR/SET domain;"<p>This entry represents the PR/SET domain found in PR domain zinc finger protein 6 (PRDM6, also known as PRISM). PRDM6 has been shown to co-localized with histone H4 and methylates H4-K20 [[cite:PUB00095990]]. It has also been shown to act as a transcriptional repressor by interacting with class I histone deacetylases and the G9a histone methyltransferase [[cite:PUB00095988]]. It promotes the transition from differentiated to proliferative smooth muscle by suppressing differentiation and maintaining the proliferative potential of vascular smooth muscle cells [[cite:PUB00095988]]. It also plays a role in endothelial cells by inhibiting endothelial cell proliferation, survival and differentiation [[cite:PUB00095990]]. Mutations in the PRDM6 gene have been linked to nonsyndromic patent ductus arteriosus (PDA), which is a common congenital heart defect (CHD) with both inherited and acquired causes [[cite:PUB00095989]].</p>; <p>The PRDM family members are characterised by the presence of a N-terminal PR (PRDI-BF1 and RIZ1 homology) domain followed by multiple zinc fingers which confer DNA binding activity. PR domains are only distantly related to the classical SET methyltransferase domains [[cite:PUB00095964]]. They are involved in epigenetic regulation of gene expression through their intrinsic histone methyltransferase activity or via interactions with other chromatin modifying enzymes [[cite:PUB00095970]].</p>"
1;IPR046341;"imex:IM-25472
pubmed:32296183";SET domain superfamily;"<p>The SET domain is a 130 to 140 amino acid, evolutionary well conserved sequence motif that was initially characterised in the Drosophila proteins Su(var)3-9, Enhancer-of-zeste and Trithorax [[cite:PUB00018233], [cite:PUB00014448]]. In eukaryotic organisms, it appears in proteins with an important role in regulating chromatin-mediated gene transcriptional activation and silencing. In viruses,bacteria and archaea, its function is not clear yet [[cite:PUB00099756]].</p>

<p>This superfamily includes eukaryotic proteins with histone methyltransferase activity, which requires the combination of the SET domain with the adjacent cysteine-rich regions, one located N-terminally (pre-SET) and the other posterior to the SET domain (post-SET). Post- and pre- SET regions seem then to play a crucial role when it comes to substrate recognition and enzymatic activity [[cite:PUB00054125], [cite:PUB00007133]]. Other SET domain-containing proteins function as transcription factors (such as PR domain zinc finger protein 1 from humans [[cite:PUB00099755]]).</p>

<p>The structure of the SET domain and the two adjacent regions pre-SET and post-SET have been solved [[cite:PUB00018235], [cite:PUB00018236], [cite:PUB00018237]]. The SET domain structure is all-β, but consists only in sets of few short strands composing no more than a couple of small sheets. Consequently the SET structure is mostly defined by turns and loops. An unusual feature is that the SET core is made up of two discontinuous segments of the primary sequence forming an approximate L-shape [[cite:PUB00005822], [cite:PUB00054125], [cite:PUB00007133]]. Two of the most conserved motifs in the SET domain are constituted by a stretch at the C-terminal containing a strictly conserved tyrosine residue and a preceding loop inside which the C-terminal segment passes forming a knot-like structure, but not quite a true knot. These two regions have been proven to be essential for SAM binding and catalysis, particularly the invariant tyrosine where in all likelihood catalysis takes place [[cite:PUB00054125], [cite:PUB00007133]].</p>"
1;IPR001356;"imex:IM-13779
pubmed:20711500";Homeodomain;<p>This entry represents the homeodomain (HD), a protein domain of approximately 60 residues that usually binds DNA. It is encoded by the homeobox sequence [[cite:PUB00126359], [cite:PUB00075496], [cite:PUB00153777]], which was first identified in a number of Drosophila homeotic and segmentation proteins, but is now known to be well-conserved in many other animals, including vertebrates [[cite:PUB00000591], [cite:PUB00005390]], as well as plants [[cite:PUB00153787]], fungi [[cite:PUB00071003]] and some species of lower eukaryotes. Many members of this group are transcriptional regulators, some of which operate differential genetic programs along the anterior-posterior axis of animal bodies [[cite:PUB00010002]]. This domain folds into a globular structure with three α-helices connected by two short loops that harbour a hydrophobic core. The second and third form a helix-turn-helix (HTH) motif, which make intimate contacts with the DNA: while the first helix of this motif helps to stabilise the structure, the second helix binds to DNA via a number of hydrogen bonds and hydrophobic interactions, which occur between specific side chains and the exposed bases and thymine methyl groups within the major groove of the DNA. One particularity of the HTH motif in some of these proteins arises from the stereo-chemical requirement for glycine in the turn which is needed to avoid steric interference of the β-carbon with the main chain: for cro and repressor proteins the glycine appears to be mandatory, while for many of the homeotic and other DNA-binding proteins the requirement is relaxed.</p>
1;IPR041057;"imex:IM-13779
pubmed:20711500";ZHX, C2H2 finger domain;"<p>This is a C2H2 zinc-finger domain found in ZHX proteins such as ZHX1. ZHXs are multidomain proteins comprising two C2H2 zinc finger motifs and five homeodomains. Both homeodomains and zinc fingers are short protein modules involved in protein-DNA and/or protein-protein interactions; they are frequently associated with roles in transcriptional regulation. All members of the ZHX family are reported to be able to form both homo- and heterodimers via the region containing homeodomain 1 [[cite:PUB00091418]]. ZHX1 is a transcriptional repressor which is ubiquitously expressed. It interacts with nuclear factor Y subunit A (NFYA) and DNA methyl transferase 3B (DNMT3B) for its repression activity. Changes in expression profiles of rat ZHX1 ortholog have been associated with glomerular disease. In addition to the five homeodomains, ZHX1, which also contains of two N-terminal C2H2 zincfingers forms homodimers via homeodomain and can also form heterodimers with ZHX3 [[cite:PUB00091419]].</p>"
1;IPR009057;"imex:IM-13779
pubmed:20711500";Homeodomain-like superfamily;"<p>Homeodomain (HD)-containing proteins are transcription factors that share a related DNA binding domain [[cite:PUB00013192]]. HD was first identified in a number of Drosophila homeotic and segmentation proteins, but is now known to be well conserved in organisms from all domains in life. The domain binds DNA through a helix-turn-helix (HTH) structure. The HTH motif is characterised by two α-helices, which make intimate contacts with the DNA and are joined by a short turn. The second helix binds to DNA via a number of hydrogen bonds and hydrophobic interactions, which occur between specific side chains and the exposed bases and thymine methyl groups within the major groove of the DNA. The first helix helps to stabilise the structure. Many proteins contain homeodomains, including Drosophila Engrailed, yeast mating type proteins, hepatocyte nuclear factor 1a and HOX proteins.</p>

<p>The homeodomain motif is very similar in sequence and structure to domains in a wide range of DNA-binding proteins, including recombinases, Myb proteins, GARP response regulators, human telomeric proteins (hTRF1), paired domain proteins (PAX), yeast RAP1, centromere-binding proteins CENP-B and ABP-1, transcriptional regulators (TyrR), AraC-type transcriptional activators, and tetracycline repressor-like proteins (TetR, QacR, YcdC) [[cite:PUB00013193], [cite:PUB00013194], [cite:PUB00003347]].</p>"
