A0A1D5P7R1,tRNA-splicing ligase complex subunit RTRAF,Gallus gallus,IPR019265,imex:IM-15154|pubmed:22174833
A0A8I6GLU8,TAR DNA-binding protein 43,Rattus norvegicus,IPR012677|IPR035979|IPR000504|IPR049124|IPR041105,imex:IM-11875|pubmed:17610306
A0ABK0LGN9,Brak nazwy,Rattus norvegicus,IPR029774,imex:IM-11875|pubmed:17610306
A4D2P6,Delphilin,Homo sapiens,IPR015425|IPR042201|IPR051425|IPR001478|IPR036034,doi:10.1038/s41467-022-33018-0|imex:IM-30294|pubmed:36115835
D3ZD23,Brak nazwy,Rattus norvegicus,IPR017896|IPR017900|IPR003593|IPR003439|IPR017871|IPR027417|IPR013283|IPR034348|IPR007209,imex:IM-11875|pubmed:17610306
D4AE02,Brak nazwy,Rattus norvegicus,IPR018797,imex:IM-11875|pubmed:17610306
E1BYN7,Non-selective voltage-gated ion channel VDAC1,Gallus gallus,IPR023614|IPR001925|IPR027246,imex:IM-15154|pubmed:22174833
F1LXV3,non-specific serine/threonine protein kinase,Rattus norvegicus,IPR011009|IPR046409|IPR000719|IPR017441|IPR050629|IPR035056,imex:IM-11875|pubmed:17610306
F1NLP2,Protein-serine/threonine kinase,Gallus gallus,IPR036784|IPR018955|IPR039028|IPR036890|IPR003594|IPR005467,imex:IM-15154|pubmed:22174833
F1NPL8,Glycogen synthase kinase-3 beta,Gallus gallus,IPR050591|IPR011009|IPR000719|IPR017441|IPR008271|IPR039192,imex:IM-15154|pubmed:22174833
F1NSA8,small monomeric GTPase,Gallus gallus,IPR027417|IPR038851|IPR005225|IPR001806|IPR020849,imex:IM-15154|pubmed:22174833
O00151,PDZ and LIM domain protein 1,Homo sapiens,IPR031847|IPR028537|IPR001478|IPR050604|IPR036034|IPR006643|IPR001781,doi:10.1038/s41467-022-33018-0|imex:IM-30294|pubmed:36115835
O00624,Sodium-dependent phosphate transport protein 3,Homo sapiens,IPR011701|IPR020846|IPR050382|IPR036259,doi:10.1016/j.cell.2021.04.011|imex:IM-29278|pubmed:33961781
O08553,Dihydropyrimidinase-related protein 2,Mus musculus,IPR006680|IPR011778|IPR011059|IPR032466|IPR050378,imex:IM-9475|pubmed:19423573
O08677,Kininogen-1,Mus musculus,IPR000010|IPR046350|IPR002395|IPR027358|IPR050735|IPR018073,imex:IM-9475|pubmed:19423573
O08749,Dihydrolipoyl dehydrogenase, mitochondrial,Mus musculus,IPR050151|IPR036188|IPR023753|IPR016156|IPR006258|IPR001100|IPR004099|IPR012999,imex:IM-9475|pubmed:19423573
O13268,Proteasome subunit alpha type-7,Gallus gallus,IPR029055|IPR050115|IPR023332|IPR000426|IPR001353,imex:IM-15154|pubmed:22174833
O14910,Protein lin-7 homolog A,Homo sapiens,IPR014775|IPR004172|IPR036892|IPR017365|IPR051109|IPR001478|IPR036034,doi:10.1038/s41467-022-33018-0|imex:IM-30294|pubmed:36115835
O14936,Peripheral plasma membrane protein CASK,Homo sapiens,IPR035473|IPR008145|IPR008144|IPR020590|IPR011009|IPR014775|IPR004172|IPR036892|IPR050716|IPR027417|IPR001478|IPR036034|IPR000719|IPR036028|IPR001452,doi:10.1038/s41467-022-33018-0|imex:IM-30294|pubmed:36115835
O15018,PDZ domain-containing protein 2,Homo sapiens,IPR001478|IPR036034,doi:10.1038/s41467-022-33018-0|imex:IM-30294|pubmed:36115835
O15085,Rho guanine nucleotide exchange factor 11,Homo sapiens,IPR035899|IPR000219|IPR001478|IPR036034|IPR037889|IPR011993|IPR041020|IPR001849|IPR037803|IPR016137|IPR015212|IPR036305|IPR044926,doi:10.1038/s41467-022-33018-0|imex:IM-30294|pubmed:36115835
O35639,Annexin A3,Mus musculus,IPR001464|IPR018502|IPR018252|IPR037104|IPR002390,imex:IM-9475|pubmed:19423573
O35685,Nuclear migration protein nudC,Mus musculus,IPR007052|IPR008978|IPR032572|IPR037898|IPR025934,imex:IM-9475|pubmed:19423573
O35824,DnaJ homolog subfamily A member 2,Rattus norvegicus,IPR012724|IPR002939|IPR001623|IPR018253|IPR044713|IPR008971|IPR001305|IPR036410|IPR036869,imex:IM-11875|pubmed:17610306
O42163,Cochlin,Gallus gallus,IPR050525|IPR004043|IPR036609|IPR002035|IPR036465,imex:IM-15154|pubmed:22174833
O43464,Serine protease HTRA2, mitochondrial,Homo sapiens,IPR001478|IPR041489|IPR036034|IPR009003|IPR001940,doi:10.1038/s41467-022-33018-0|imex:IM-30294|pubmed:36115835
O54786,DNA fragmentation factor subunit alpha,Mus musculus,IPR003508|IPR027296|IPR017299|IPR015121,imex:IM-9475|pubmed:19423573
O55103,Periaxin,Mus musculus,IPR052082|IPR001478|IPR036034,imex:IM-9475|pubmed:19423573
O57391,Gamma-enolase,Gallus gallus,IPR000941|IPR036849|IPR029017|IPR020810|IPR020809|IPR020811,imex:IM-15154|pubmed:22174833
O57513,RAC-alpha serine/threonine-protein kinase,Gallus gallus,IPR000961|IPR034676|IPR011009|IPR011993|IPR001849|IPR039026|IPR017892|IPR000719|IPR017441|IPR008271,imex:IM-15154|pubmed:22174833
O57535,Nucleoside diphosphate kinase,Gallus gallus,IPR034907|IPR036850|IPR001564|IPR023005,imex:IM-15154|pubmed:22174833
O60403,Olfactory receptor 10H2,Homo sapiens,IPR000276|IPR017452|IPR000725,doi:10.1016/j.cell.2021.04.011|imex:IM-29278|pubmed:33961781
O73885,Heat shock cognate 71 kDa protein,Gallus gallus,IPR043129|IPR018181|IPR029048|IPR029047|IPR013126,imex:IM-15154|pubmed:22174833
O75074,Low-density lipoprotein receptor-related protein 3,Homo sapiens,IPR000859|IPR036055|IPR050685|IPR023415|IPR002172|IPR035914,doi:10.1016/j.cell.2021.04.011|imex:IM-29278|pubmed:33961781
O75112,LIM domain-binding protein 3,Homo sapiens,IPR031847|IPR001478|IPR050604|IPR036034|IPR006643|IPR001781,doi:10.1038/s41467-022-33018-0|imex:IM-30294|pubmed:36115835
O75970,Multiple PDZ domain protein,Homo sapiens,IPR015132|IPR004172|IPR036892|IPR032078|IPR001478|IPR051342|IPR036034,doi:10.1038/s41467-022-33018-0|imex:IM-30294|pubmed:36115835
O88712,C-terminal-binding protein 1,Mus musculus,IPR043322|IPR051638|IPR006139|IPR029753|IPR029752|IPR006140|IPR036291,imex:IM-9475|pubmed:19423573
O88952,Protein lin-7 homolog C,Mus musculus,IPR014775|IPR004172|IPR036892|IPR017365|IPR051109|IPR001478|IPR036034,imex:IM-9475|pubmed:19423573
O93467,Brak nazwy,Gallus gallus,IPR027417|IPR005225|IPR001806|IPR003578,imex:IM-15154|pubmed:22174833
O93510,Gelsolin,Gallus gallus,IPR029006|IPR007123|IPR007122,imex:IM-15154|pubmed:22174833
O94933,SLIT and NTRK-like protein 3,Homo sapiens,IPR000483|IPR001611|IPR003591|IPR032675,doi:10.1016/j.cell.2021.04.011|imex:IM-29278|pubmed:33961781
O95049,Tight junction protein ZO-3,Homo sapiens,IPR008145|IPR008144|IPR027417|IPR001478|IPR036034|IPR036028|IPR001452|IPR005417|IPR005420,doi:10.1038/s41467-022-33018-0|imex:IM-30294|pubmed:36115835
O96018,Amyloid-beta A4 precursor protein-binding family A member 3,Homo sapiens,IPR051230|IPR001478|IPR036034|IPR011993|IPR006020,doi:10.1038/s41467-022-33018-0|imex:IM-30294|pubmed:36115835
P00337,L-lactate dehydrogenase B chain,Gallus gallus,IPR001557|IPR011304|IPR018177|IPR022383|IPR001236|IPR015955|IPR036291,imex:IM-15154|pubmed:22174833
P00340,L-lactate dehydrogenase A chain,Gallus gallus,IPR001557|IPR011304|IPR018177|IPR022383|IPR001236|IPR015955|IPR036291,imex:IM-15154|pubmed:22174833
P00356,Glyceraldehyde-3-phosphate dehydrogenase,Gallus gallus,IPR020831|IPR020830|IPR020829|IPR020828|IPR006424|IPR036291,imex:IM-15154|pubmed:22174833
P00508,Aspartate aminotransferase, mitochondrial,Gallus gallus,IPR004839|IPR000796|IPR004838|IPR015424|IPR015421|IPR015422,imex:IM-15154|pubmed:22174833
P00528,Tyrosine-protein kinase Src64B,Drosophila melanogaster,IPR011009|IPR050198|IPR000719|IPR017441|IPR001245|IPR000980|IPR036860|IPR036028|IPR001452|IPR008266|IPR020635,pubmed:10234050
P00548,Pyruvate kinase PKM,Gallus gallus,IPR001697|IPR015813|IPR040442|IPR011037|IPR018209|IPR015793|IPR015795|IPR036918|IPR015806,imex:IM-15154|pubmed:22174833
P00920,Carbonic anhydrase 2,Mus musculus,IPR001148|IPR036398|IPR023561|IPR018338,imex:IM-9475|pubmed:19423573
P00940,Triosephosphate isomerase,Gallus gallus,IPR013785|IPR035990|IPR022896|IPR000652|IPR020861,imex:IM-15154|pubmed:22174833
P02001,Hemoglobin subunit alpha-D,Gallus gallus,IPR000971|IPR009050|IPR012292|IPR002338|IPR050056|IPR002339,imex:IM-15154|pubmed:22174833
P02088,Hemoglobin subunit beta-1,Mus musculus,IPR000971|IPR009050|IPR012292|IPR002337|IPR050056,imex:IM-9475|pubmed:19423573
P02089,Hemoglobin subunit beta-2,Mus musculus,IPR000971|IPR009050|IPR012292|IPR002337|IPR050056,imex:IM-9475|pubmed:19423573
P02112,Hemoglobin subunit beta,Gallus gallus,IPR000971|IPR009050|IPR012292|IPR002337|IPR050056,imex:IM-15154|pubmed:22174833
P02457,Collagen alpha-1(I) chain,Gallus gallus,IPR008160|IPR050149|IPR000885|IPR001007,imex:IM-15154|pubmed:22174833
P02460,Collagen alpha-1(II) chain,Gallus gallus,IPR008160|IPR050149|IPR000885,imex:IM-15154|pubmed:22174833
P02607,Myosin light polypeptide 6,Gallus gallus,IPR050230|IPR011992|IPR002048,imex:IM-15154|pubmed:22174833
P02650,Apolipoprotein E,Rattus norvegicus,IPR000074|IPR050163,imex:IM-11875|pubmed:17610306
P02688,Myelin basic protein,Rattus norvegicus,IPR000548,imex:IM-11875|pubmed:17610306
P02688-3,Isoform 3 of Myelin basic protein,Rattus norvegicus,Brak InterPro kodów dla tego białka.,imex:IM-11875|pubmed:17610306
P02768,Albumin,Homo sapiens,IPR000264|IPR020858|IPR021177|IPR020857|IPR014760,imex:IM-19123|pubmed:15174051
P02789,Ovotransferrin,Gallus gallus,IPR016357|IPR001156|IPR018195,imex:IM-15154|pubmed:22174833
P03995,Glial fibrillary acidic protein,Mus musculus,IPR018039|IPR039008|IPR006821|IPR050405,imex:IM-9475|pubmed:19423573
P04354,Calbindin,Gallus gallus,IPR051001|IPR029634|IPR011992|IPR018247|IPR002048,imex:IM-15154|pubmed:22174833
P04370,Myelin basic protein,Mus musculus,IPR000548,imex:IM-9475|pubmed:19423573
P04642,L-lactate dehydrogenase A chain,Rattus norvegicus,IPR001557|IPR011304|IPR018177|IPR022383|IPR001236|IPR015955|IPR036291,imex:IM-11875|pubmed:17610306
P04797,Glyceraldehyde-3-phosphate dehydrogenase,Rattus norvegicus,IPR020831|IPR020830|IPR020829|IPR020828|IPR006424|IPR036291,imex:IM-11875|pubmed:17610306
P05064,Fructose-bisphosphate aldolase A,Mus musculus,IPR029768|IPR013785|IPR000741,imex:IM-9475|pubmed:19423573
P05122,Creatine kinase B-type,Gallus gallus,IPR000749|IPR022415|IPR022414|IPR022413|IPR036802|IPR014746,imex:IM-15154|pubmed:22174833
P05201,Aspartate aminotransferase, cytoplasmic,Mus musculus,IPR004839|IPR000796|IPR004838|IPR015424|IPR015421|IPR015422,imex:IM-9475|pubmed:19423573
P05419,Neo-calmodulin,Gallus gallus,IPR050230|IPR011992|IPR018247|IPR002048,imex:IM-15154|pubmed:22174833
P05765,Small ribosomal subunit protein eS21,Rattus norvegicus,IPR001931|IPR018279|IPR038579,imex:IM-11875|pubmed:17610306
P06151,L-lactate dehydrogenase A chain,Mus musculus,IPR001557|IPR011304|IPR018177|IPR022383|IPR001236|IPR015955|IPR036291,imex:IM-9475|pubmed:19423573
P07090,Calretinin,Gallus gallus,IPR029646|IPR051001|IPR011992|IPR018247|IPR002048,imex:IM-15154|pubmed:22174833
P07214,SPARC,Mus musculus,IPR011992|IPR018247|IPR003645|IPR015369|IPR002350|IPR036058|IPR001999|IPR019577|IPR037641,imex:IM-9475|pubmed:19423573
P07341,Fructose-bisphosphate aldolase B,Gallus gallus,IPR029768|IPR013785|IPR000741,imex:IM-15154|pubmed:22174833
P07724,Albumin,Mus musculus,IPR000264|IPR020858|IPR021177|IPR020857|IPR014760,imex:IM-9475|pubmed:19423573
P07759,Serine protease inhibitor A3K,Mus musculus,IPR023795|IPR023796|IPR000215|IPR036186|IPR042178|IPR042185,imex:IM-9475|pubmed:19423573
P08030,Adenine phosphoribosyltransferase,Mus musculus,IPR005764|IPR029057|IPR000836|IPR050054,imex:IM-9475|pubmed:19423573
P08106,Heat shock 70 kDa protein,Gallus gallus,IPR043129|IPR018181|IPR029048|IPR029047|IPR013126,imex:IM-15154|pubmed:22174833
P08110,Endoplasmin,Gallus gallus,IPR036890|IPR003594|IPR019805|IPR037196|IPR001404|IPR020575|IPR020568,imex:IM-15154|pubmed:22174833
P08226,Apolipoprotein E,Mus musculus,IPR000074|IPR050163,imex:IM-9475|pubmed:19423573
P08228,Superoxide dismutase [Cu-Zn],Mus musculus,IPR036423|IPR024134|IPR018152|IPR001424,imex:IM-9475|pubmed:19423573
P08249,Malate dehydrogenase, mitochondrial,Mus musculus,IPR001557|IPR022383|IPR001236|IPR015955|IPR001252|IPR010097|IPR036291,imex:IM-9475|pubmed:19423573
P08250,Apolipoprotein A-I,Gallus gallus,IPR000074|IPR050163,imex:IM-15154|pubmed:22174833
P08551,Neurofilament light polypeptide,Mus musculus,IPR018039|IPR039008|IPR006821|IPR050405,imex:IM-9475|pubmed:19423573
P08553,Neurofilament medium polypeptide,Mus musculus,IPR018039|IPR039008|IPR006821|IPR050405|IPR002957,imex:IM-9475|pubmed:19423573
P09117,Fructose-bisphosphate aldolase C,Rattus norvegicus,IPR029768|IPR013785|IPR000741,imex:IM-11875|pubmed:17610306
P09411,Phosphoglycerate kinase 1,Mus musculus,IPR001576|IPR015911|IPR015824|IPR036043,imex:IM-9475|pubmed:19423573
P09572,Sodium/potassium-transporting ATPase subunit alpha-1,Gallus gallus,IPR006068|IPR004014|IPR023299|IPR018303|IPR023298|IPR008250|IPR059000|IPR050510|IPR036412|IPR023214|IPR005775|IPR001757|IPR044492,imex:IM-15154|pubmed:22174833
P09654,Vimentin,Gallus gallus,IPR018039|IPR039008|IPR006821|IPR050405,imex:IM-15154|pubmed:22174833
P09671,Superoxide dismutase [Mn], mitochondrial,Mus musculus,IPR050265|IPR001189|IPR019833|IPR019832|IPR019831|IPR036324|IPR036314,imex:IM-9475|pubmed:19423573
P09951,Synapsin-1,Rattus norvegicus,IPR013815|IPR016185|IPR001359|IPR020898|IPR019735|IPR019736|IPR020897,imex:IM-11875|pubmed:17610306
P0DOF2,Matrix protein,Rabies virus (strain ERA),IPR006870|IPR038617,imex:IM-27674|pubmed:33208464
P0DTC5,Membrane protein,Severe acute respiratory syndrome coronavirus 2,IPR002574|IPR044361,imex:IM-29365|pubmed:34232536
P10518,Delta-aminolevulinic acid dehydratase,Mus musculus,IPR001731|IPR030656|IPR013785,imex:IM-9475|pubmed:19423573
P10630,Eukaryotic initiation factor 4A-II,Mus musculus,IPR011545|IPR044728|IPR014001|IPR001650|IPR027417|IPR000629|IPR014014,imex:IM-9475|pubmed:19423573
P10649,Glutathione S-transferase Mu 1,Mus musculus,IPR010987|IPR036282|IPR040079|IPR004045|IPR004046|IPR003081|IPR050213|IPR036249,imex:IM-9475|pubmed:19423573
P11087,Collagen alpha-1(I) chain,Mus musculus,IPR008160|IPR050149|IPR000885|IPR001007,imex:IM-9475|pubmed:19423573
P11352,Glutathione peroxidase 1,Mus musculus,IPR000889|IPR029759|IPR029760|IPR036249,imex:IM-9475|pubmed:19423573
P11501,Heat shock protein HSP 90-alpha,Gallus gallus,IPR036890|IPR003594|IPR019805|IPR037196|IPR001404|IPR020575|IPR020568,imex:IM-15154|pubmed:22174833
P12370,cAMP-dependent protein kinase catalytic subunit 1,Drosophila melanogaster,IPR000961|IPR011009|IPR000719|IPR017441|IPR008271|IPR044109,pubmed:10234050|pubmed:unassigned4
P13471,Small ribosomal subunit protein uS11,Rattus norvegicus,IPR001971|IPR018102|IPR036967,imex:IM-11875|pubmed:17610306
P13648,Lamin-A,Gallus gallus,IPR018039|IPR039008|IPR001322|IPR036415,imex:IM-15154|pubmed:22174833
P13707,Glycerol-3-phosphate dehydrogenase [NAD(+)], cytoplasmic,Mus musculus,IPR008927|IPR013328|IPR006168|IPR006109|IPR017751|IPR011128|IPR036291,imex:IM-9475|pubmed:19423573
P13731,Serpin H1,Gallus gallus,IPR023795|IPR023796|IPR000215|IPR033830|IPR036186|IPR042178|IPR042185,imex:IM-15154|pubmed:22174833
P14206,Small ribosomal subunit protein uS2,Mus musculus,IPR001865|IPR032281|IPR018130|IPR027498|IPR005707|IPR023591|IPR027504,imex:IM-9475|pubmed:19423573
P14211,Calreticulin,Mus musculus,IPR001580|IPR018124|IPR009169|IPR009033|IPR013320,imex:IM-9475|pubmed:19423573
P14732,Lamin-B2,Gallus gallus,IPR018039|IPR039008|IPR001322|IPR036415,imex:IM-15154|pubmed:22174833
P15331,Peripherin,Mus musculus,IPR018039|IPR039008|IPR006821|IPR050405|IPR002957,imex:IM-9475|pubmed:19423573
P16045,Galectin-1,Mus musculus,IPR013320|IPR044156|IPR001079,imex:IM-9475|pubmed:19423573
P16053,Neurofilament medium polypeptide,Gallus gallus,IPR018039|IPR039008|IPR006821|IPR002957,imex:IM-15154|pubmed:22174833
P16125,L-lactate dehydrogenase B chain,Mus musculus,IPR001557|IPR011304|IPR018177|IPR022383|IPR001236|IPR015955|IPR036291,imex:IM-9475|pubmed:19423573
P16580,Glutamine synthetase,Gallus gallus,IPR008147|IPR036651|IPR014746|IPR008146|IPR027303|IPR027302|IPR050292,imex:IM-15154|pubmed:22174833
P16627,Heat shock 70 kDa protein 1-like,Mus musculus,IPR043129|IPR018181|IPR029048|IPR029047|IPR013126,imex:IM-9475|pubmed:19423573
P16858,Glyceraldehyde-3-phosphate dehydrogenase,Mus musculus,IPR020831|IPR020830|IPR020829|IPR020828|IPR006424|IPR036291,imex:IM-9475|pubmed:19423573
P17074,Small ribosomal subunit protein eS19,Rattus norvegicus,IPR001266|IPR018277|IPR036388|IPR036390,imex:IM-11875|pubmed:17610306
P17153,Annexin A5,Gallus gallus,IPR001464|IPR018502|IPR018252|IPR037104|IPR002392,imex:IM-15154|pubmed:22174833
P17156,Heat shock-related 70 kDa protein 2,Mus musculus,IPR043129|IPR018181|IPR029048|IPR029047|IPR013126,imex:IM-9475|pubmed:19423573
P17182,Alpha-enolase,Mus musculus,IPR000941|IPR036849|IPR029017|IPR020810|IPR020809|IPR020811,imex:IM-9475|pubmed:19423573
P17183,Gamma-enolase,Mus musculus,IPR000941|IPR036849|IPR029017|IPR020810|IPR020809|IPR020811,imex:IM-9475|pubmed:19423573
P17742,Peptidyl-prolyl cis-trans isomerase A,Mus musculus,IPR029000|IPR024936|IPR020892|IPR002130,imex:IM-9475|pubmed:19423573
P17751,Triosephosphate isomerase,Mus musculus,IPR013785|IPR035990|IPR022896|IPR000652|IPR020861,imex:IM-9475|pubmed:19423573
P17918,DNA sliding clamp PCNA,Mus musculus,IPR046938|IPR000730|IPR022649|IPR022659|IPR022648,imex:IM-9475|pubmed:19423573
P18359,Destrin,Gallus gallus,IPR002108|IPR029006|IPR017904,imex:IM-15154|pubmed:22174833
P18760,Cofilin-1,Mus musculus,IPR002108|IPR029006|IPR017904,imex:IM-9475|pubmed:19423573
P19121,Albumin,Gallus gallus,IPR000264|IPR020858|IPR021177|IPR020857|IPR014760,imex:IM-15154|pubmed:22174833
P19246,Neurofilament heavy polypeptide,Mus musculus,IPR010790|IPR018039|IPR039008,imex:IM-9475|pubmed:19423573
P20029,Endoplasmic reticulum chaperone BiP,Mus musculus,IPR043129|IPR042050|IPR018181|IPR029048|IPR029047|IPR013126,imex:IM-9475|pubmed:19423573
P20152,Vimentin,Mus musculus,IPR018039|IPR039008|IPR006821|IPR050405,imex:IM-9475|pubmed:19423573
P21550,Beta-enolase,Mus musculus,IPR000941|IPR036849|IPR029017|IPR020810|IPR020809|IPR020811,imex:IM-9475|pubmed:19423573
P21614,Vitamin D-binding protein,Mus musculus,IPR000264|IPR020858|IPR020857|IPR014760|IPR000213|IPR015247,imex:IM-9475|pubmed:19423573
P22599,Alpha-1-antitrypsin 1-2,Mus musculus,IPR023795|IPR023796|IPR000215|IPR036186|IPR042178|IPR042185,imex:IM-9475|pubmed:19423573
P23927,Alpha-crystallin B chain,Mus musculus,IPR002068|IPR037882|IPR055269|IPR001436|IPR003090|IPR008978,imex:IM-9475|pubmed:19423573
P24032,Myosin regulatory light chain 2, smooth muscle minor isoform,Gallus gallus,IPR011992|IPR018247|IPR002048|IPR050403,imex:IM-15154|pubmed:22174833
P24394,Interleukin-4 receptor subunit alpha,Homo sapiens,IPR003961|IPR036116|IPR003531|IPR013783|IPR015319,doi:10.1016/j.cell.2021.04.011|imex:IM-29278|pubmed:33961781
P26045,Tyrosine-protein phosphatase non-receptor type 3,Homo sapiens,IPR019749|IPR014352|IPR035963|IPR019748|IPR019747|IPR000299|IPR018979|IPR018980|IPR001478|IPR036034|IPR011993|IPR029021|IPR000242|IPR041783|IPR016130|IPR003595|IPR000387|IPR012151|IPR029071,doi:10.1038/s41467-022-33018-0|imex:IM-30294|pubmed:36115835
P26443,Glutamate dehydrogenase 1, mitochondrial,Mus musculus,IPR046346|IPR006095|IPR006096|IPR006097|IPR033524|IPR036291|IPR033922,imex:IM-9475|pubmed:19423573
P27573,Myelin protein P0,Mus musculus,IPR007110|IPR036179|IPR013783|IPR003599|IPR013106|IPR000920|IPR019738|IPR047014|IPR019566,imex:IM-9475|pubmed:19423573
P27773,Protein disulfide-isomerase A3,Mus musculus,IPR005788|IPR041868|IPR005792|IPR036249|IPR017937|IPR013766,imex:IM-9475|pubmed:19423573
P28497,F-actin-capping protein subunit alpha-2,Gallus gallus,IPR002189|IPR037282|IPR042276|IPR042489|IPR017865,imex:IM-15154|pubmed:22174833
P29310,14-3-3 protein zeta,Drosophila melanogaster,IPR000308|IPR023409|IPR036815|IPR023410,pubmed:10230800
P29475,Nitric oxide synthase 1,Homo sapiens,IPR003097|IPR017927|IPR001094|IPR008254|IPR001709|IPR029039|IPR039261|IPR023173|IPR050607|IPR044943|IPR044940|IPR044944|IPR012144|IPR004030|IPR036119|IPR001433|IPR001478|IPR036034|IPR017938,doi:10.1038/s41467-022-33018-0|imex:IM-30294|pubmed:36115835
P29699,Alpha-2-HS-glycoprotein,Mus musculus,IPR000010|IPR025760|IPR046350|IPR050735|IPR001363,imex:IM-9475|pubmed:19423573
P29758,Ornithine aminotransferase, mitochondrial,Mus musculus,IPR005814|IPR049704|IPR050103|IPR010164|IPR015424|IPR015421|IPR015422,imex:IM-9475|pubmed:19423573
P31000,Vimentin,Rattus norvegicus,IPR018039|IPR039008|IPR006821|IPR050405,imex:IM-11875|pubmed:17610306
P31395,Stathmin,Gallus gallus,IPR030514|IPR000956|IPR036002,imex:IM-15154|pubmed:22174833
P32882,Tubulin beta-2 chain,Gallus gallus,IPR013838|IPR002453|IPR008280|IPR000217|IPR037103|IPR018316|IPR036525|IPR023123|IPR017975|IPR003008,imex:IM-15154|pubmed:22174833
P35915,Hydroxymethylglutaryl-CoA lyase, mitochondrial,Gallus gallus,IPR013785|IPR000138|IPR043594|IPR000891,imex:IM-15154|pubmed:22174833
P35922,Fragile X messenger ribonucleoprotein 1,Mus musculus,IPR008395|IPR040148|IPR022034|IPR032196|IPR040472|IPR004087|IPR004088|IPR036612|IPR047438|IPR047440|IPR047431|IPR047436|IPR041560,doi:10.1038/nn.4594|imex:IM-26285|pubmed:28671696
P35979,Large ribosomal subunit protein uL11,Mus musculus,IPR000911|IPR020783|IPR036769|IPR020785|IPR020784|IPR036796,imex:IM-9475|pubmed:19423573
P37301,Myelin protein P0,Gallus gallus,IPR007110|IPR036179|IPR013783|IPR003599|IPR013106|IPR000920|IPR019738|IPR047014|IPR019566,imex:IM-15154|pubmed:22174833
P37804,Transgelin,Mus musculus,IPR050606|IPR000557|IPR001715|IPR036872|IPR003096,imex:IM-9475|pubmed:19423573
P38647,Stress-70 protein, mitochondrial,Mus musculus,IPR043129|IPR012725|IPR018181|IPR029048|IPR029047|IPR013126,imex:IM-9475|pubmed:19423573
P40142,Transketolase,Mus musculus,IPR029061|IPR009014|IPR051424|IPR005475|IPR020826|IPR033248|IPR049557|IPR005474,imex:IM-9475|pubmed:19423573
P40238,Thrombopoietin receptor,Homo sapiens,IPR003961|IPR036116|IPR015152|IPR013783|IPR003528,doi:10.1016/j.cell.2021.04.011|imex:IM-29278|pubmed:33961781
P40936,Indolethylamine N-methyltransferase,Mus musculus,IPR025820|IPR000940|IPR053384|IPR029063,imex:IM-9475|pubmed:19423573
P41135,DNA-binding protein inhibitor ID-1,Rattus norvegicus,IPR011598|IPR026052|IPR036638,imex:IM-11875|pubmed:17610306
P42324,Hippocalcin-like protein 1,Gallus gallus,IPR011992|IPR018247|IPR002048|IPR028846,imex:IM-15154|pubmed:22174833
P46638,Ras-related protein Rab-11B,Mus musculus,IPR027417|IPR050209|IPR005225|IPR001806,imex:IM-9475|pubmed:19423573
P46660,Alpha-internexin,Mus musculus,IPR018039|IPR039008|IPR006821|IPR050405,imex:IM-9475|pubmed:19423573
P47198,Large ribosomal subunit protein eL22,Rattus norvegicus,IPR002671|IPR038526,imex:IM-11875|pubmed:17610306
P47860,ATP-dependent 6-phosphofructokinase, platelet type,Rattus norvegicus,IPR009161|IPR022953|IPR041914|IPR015912|IPR000023|IPR035966,imex:IM-11875|pubmed:17610306
P48036,Annexin A5,Mus musculus,IPR001464|IPR018502|IPR018252|IPR037104|IPR002392,imex:IM-9475|pubmed:19423573
P48463,Serine/threonine-protein phosphatase 2A catalytic subunit alpha isoform,Gallus gallus,IPR004843|IPR029052|IPR047129|IPR006186,imex:IM-15154|pubmed:22174833
P48678-1,Isoform A of Prelamin-A/C,Mus musculus,Brak InterPro kodów dla tego białka.,imex:IM-9475|pubmed:19423573
P48678-2,Isoform C of Prelamin-A/C,Mus musculus,Brak InterPro kodów dla tego białka.,imex:IM-9475|pubmed:19423573
P49442,Inositol polyphosphate 1-phosphatase,Mus musculus,IPR050725|IPR020583|IPR000760|IPR020550|IPR044897,imex:IM-9475|pubmed:19423573
P49911,Acidic leucine-rich nuclear phosphoprotein 32 family member A,Rattus norvegicus,IPR045081|IPR001611|IPR032675,imex:IM-11875|pubmed:17610306
P50396,Rab GDP dissociation inhibitor alpha,Mus musculus,IPR036188|IPR018203|IPR000806,imex:IM-9475|pubmed:19423573
P50890,Small ribosomal subunit protein uS2,Gallus gallus,IPR001865|IPR032281|IPR018130|IPR027498|IPR005707|IPR023591|IPR027504,imex:IM-15154|pubmed:22174833
P51863,V-type proton ATPase subunit d 1,Mus musculus,IPR036079|IPR002843|IPR016727|IPR035067|IPR044911,imex:IM-9475|pubmed:19423573
P51903,Phosphoglycerate kinase,Gallus gallus,IPR001576|IPR015911|IPR015824|IPR036043,imex:IM-15154|pubmed:22174833
P51913,Alpha-enolase,Gallus gallus,IPR000941|IPR036849|IPR029017|IPR020810|IPR020809|IPR020811,imex:IM-15154|pubmed:22174833
P53671,LIM domain kinase 2,Homo sapiens,IPR050940|IPR011009|IPR001478|IPR036034|IPR000719|IPR017441|IPR001245|IPR001781,doi:10.1038/s41467-022-33018-0|imex:IM-30294|pubmed:36115835
P54097,Beta-tectorin,Gallus gallus,IPR055355|IPR042235|IPR001507|IPR017977,imex:IM-15154|pubmed:22174833
P54227,Stathmin,Mus musculus,IPR030514|IPR000956|IPR036002,imex:IM-9475|pubmed:19423573
P56480,ATP synthase F(1) complex catalytic subunit beta, mitochondrial,Mus musculus,IPR003593|IPR055190|IPR005722|IPR020003|IPR050053|IPR004100|IPR036121|IPR000194|IPR024034|IPR027417,imex:IM-9475|pubmed:19423573
P57105,Synaptojanin-2-binding protein,Homo sapiens,IPR001478|IPR036034|IPR050614,doi:10.1038/s41467-022-33018-0|imex:IM-30294|pubmed:36115835
P58044,Isopentenyl-diphosphate Delta-isomerase 1,Mus musculus,IPR011876|IPR015797|IPR000086,imex:IM-9475|pubmed:19423573
P58771,Tropomyosin alpha-1 chain,Mus musculus,IPR000533,imex:IM-9475|pubmed:19423573
P58774,Tropomyosin beta chain,Mus musculus,IPR000533,imex:IM-9475|pubmed:19423573
P60122,RuvB-like 1,Mus musculus,IPR003593|IPR027417|IPR027238|IPR041048|IPR042487|IPR010339,imex:IM-9475|pubmed:19423573
P60710,Actin, cytoplasmic 1,Mus musculus,IPR004000|IPR020902|IPR004001|IPR043129,imex:IM-9475|pubmed:19423573
P60825,Cold-inducible RNA-binding protein,Rattus norvegicus,IPR012677|IPR035979|IPR050441|IPR034278|IPR000504|IPR003954,imex:IM-11875|pubmed:17610306
P60868,Small ribosomal subunit protein uS10,Rattus norvegicus,IPR001848|IPR018268|IPR027486|IPR036838|IPR005729,imex:IM-11875|pubmed:17610306
P60878,Synaptosomal-associated protein 25,Gallus gallus,IPR000928|IPR039077|IPR000727,imex:IM-15154|pubmed:22174833
P61979,Heterogeneous nuclear ribonucleoprotein K,Mus musculus,IPR004087|IPR004088|IPR036612|IPR012987,imex:IM-9475|pubmed:19423573
P61982,14-3-3 protein gamma,Mus musculus,IPR000308|IPR023409|IPR036815|IPR023410,imex:IM-9475|pubmed:19423573
P62083,Small ribosomal subunit protein eS7,Rattus norvegicus,IPR000554|IPR047861,imex:IM-11875|pubmed:17610306
P62161,Brak nazwy,Brak organizmu,Brak InterPro kodów dla tego białka.,imex:IM-11875|pubmed:17610306
P62204,Brak nazwy,Brak organizmu,Brak InterPro kodów dla tego białka.,imex:IM-9475|pubmed:19423573
P62259,14-3-3 protein epsilon,Mus musculus,IPR000308|IPR023409|IPR036815|IPR023410,imex:IM-9475|pubmed:19423573
P62748,Hippocalcin-like protein 1,Mus musculus,IPR011992|IPR018247|IPR002048|IPR028846,imex:IM-9475|pubmed:19423573
P62758,Neurocalcin-delta,Gallus gallus,IPR011992|IPR018247|IPR002048|IPR028846,imex:IM-15154|pubmed:22174833
P62764,Visinin-like protein 1,Gallus gallus,IPR011992|IPR018247|IPR002048|IPR028846,imex:IM-15154|pubmed:22174833
P62821,Ras-related protein Rab-1A,Mus musculus,IPR027417|IPR050227|IPR057289|IPR005225|IPR001806,imex:IM-9475|pubmed:19423573
P62835,Ras-related protein Rap-1A,Mus musculus,IPR027417|IPR038851|IPR005225|IPR001806|IPR020849,imex:IM-9475|pubmed:19423573
P63017,Heat shock cognate 71 kDa protein,Mus musculus,IPR043129|IPR018181|IPR029048|IPR029047|IPR013126,imex:IM-9475|pubmed:19423573
P63028,Translationally-controlled tumor protein,Mus musculus,IPR011057|IPR011323|IPR034737|IPR018103|IPR018105,imex:IM-9475|pubmed:19423573
P63038,60 kDa heat shock protein, mitochondrial,Mus musculus,IPR018370|IPR001844|IPR002423|IPR027409|IPR027413|IPR027410,imex:IM-9475|pubmed:19423573
P63101,14-3-3 protein zeta/delta,Mus musculus,IPR000308|IPR023409|IPR036815|IPR023410,imex:IM-9475|pubmed:19423573
P63260,Actin, cytoplasmic 2,Mus musculus,IPR004000|IPR020902|IPR004001|IPR043129,imex:IM-9475|pubmed:19423573
P63324,Small ribosomal subunit protein eS12,Rattus norvegicus,IPR029064|IPR004038|IPR000530|IPR047860,imex:IM-11875|pubmed:17610306
P68134,Actin, alpha skeletal muscle,Mus musculus,IPR004000|IPR020902|IPR004001|IPR043129,imex:IM-9475|pubmed:19423573
P68139,Actin, alpha skeletal muscle,Gallus gallus,IPR004000|IPR020902|IPR004001|IPR043129,imex:IM-15154|pubmed:22174833
P68254,14-3-3 protein theta,Mus musculus,IPR000308|IPR023409|IPR036815|IPR023410|IPR042584,imex:IM-9475|pubmed:19423573
P68362,Tubulin alpha-1A chain,Cricetulus griseus,IPR002452|IPR008280|IPR000217|IPR037103|IPR018316|IPR036525|IPR023123|IPR017975|IPR003008,imex:IM-15154|pubmed:22174833
P68366,Tubulin alpha-4A chain,Homo sapiens,IPR002452|IPR008280|IPR000217|IPR037103|IPR018316|IPR036525|IPR023123|IPR017975|IPR003008,imex:IM-9475|pubmed:19423573
P68510,14-3-3 protein eta,Mus musculus,IPR000308|IPR023409|IPR036815|IPR023410,imex:IM-9475|pubmed:19423573
P70296,Phosphatidylethanolamine-binding protein 1,Mus musculus,IPR008914|IPR036610|IPR035810|IPR001858,imex:IM-9475|pubmed:19423573
P78352,Disks large homolog 4,Homo sapiens,IPR019583|IPR016313|IPR019590|IPR008145|IPR008144|IPR020590|IPR027417|IPR001478|IPR036034|IPR036028|IPR001452|IPR050614,doi:10.1038/s41467-022-33018-0|imex:IM-30294|pubmed:36115835
P80026,Parvalbumin, muscle,Gallus gallus,IPR011992|IPR018247|IPR002048|IPR008080,imex:IM-15154|pubmed:22174833
P80314,T-complex protein 1 subunit beta,Mus musculus,IPR012716|IPR017998|IPR002194|IPR002423|IPR027409|IPR027413|IPR027410|IPR053374,imex:IM-9475|pubmed:19423573
P80566,Superoxide dismutase [Cu-Zn],Gallus gallus,IPR036423|IPR024134|IPR018152|IPR001424,imex:IM-15154|pubmed:22174833
P81628,Endoplasmic reticulum resident protein 29,Gallus gallus,IPR016855|IPR011679|IPR036356|IPR012883|IPR036249,imex:IM-15154|pubmed:22174833
P83105,Serine protease HTRA4,Homo sapiens,IPR009030|IPR000867|IPR002350|IPR036058|IPR001478|IPR036034|IPR009003|IPR001940,doi:10.1038/s41467-022-33018-0|imex:IM-30294|pubmed:36115835
P83110,Serine protease HTRA3,Homo sapiens,IPR009030|IPR000867|IPR002350|IPR036058|IPR001478|IPR036034|IPR009003|IPR001940,doi:10.1038/s41467-022-33018-0|imex:IM-30294|pubmed:36115835
P83510,Traf2 and NCK-interacting protein kinase,Mus musculus,IPR001180|IPR011009|IPR000719|IPR017441|IPR008271|IPR051700,doi:10.1038/nn.4594|imex:IM-26285|pubmed:28671696
P83917,Chromobox protein homolog 1,Mus musculus,IPR016197|IPR000953|IPR017984|IPR023780|IPR008251|IPR023779|IPR051219,imex:IM-9475|pubmed:19423573
P84075,Neuron-specific calcium-binding protein hippocalcin,Mus musculus,IPR011992|IPR018247|IPR002048|IPR028846,imex:IM-9475|pubmed:19423573
P84173,Prohibitin 1,Gallus gallus,IPR001107|IPR036013|IPR000163,imex:IM-15154|pubmed:22174833
P86252,Transcriptional activator protein Pur-alpha,Rattus norvegicus,IPR006628,imex:IM-11875|pubmed:17610306
P97457,Myosin regulatory light chain 11,Mus musculus,IPR011992|IPR018247|IPR002048|IPR050403,imex:IM-9475|pubmed:19423573
P97807,Fumarate hydratase, mitochondrial,Mus musculus,IPR005677|IPR024083|IPR018951|IPR020557|IPR000362|IPR022761|IPR008948,imex:IM-9475|pubmed:19423573
P99024,Tubulin beta-5 chain,Mus musculus,IPR013838|IPR002453|IPR008280|IPR000217|IPR037103|IPR018316|IPR036525|IPR023123|IPR017975|IPR003008,imex:IM-9475|pubmed:19423573
Q00623,Apolipoprotein A-I,Mus musculus,IPR000074|IPR050163,imex:IM-9475|pubmed:19423573
Q00649,Heat shock protein beta-1,Gallus gallus,IPR002068|IPR037876|IPR001436|IPR008978,imex:IM-15154|pubmed:22174833
Q01339,Beta-2-glycoprotein 1,Mus musculus,IPR050350|IPR035976|IPR015104|IPR000436,imex:IM-9475|pubmed:19423573
Q01406,Src substrate protein p85,Gallus gallus,IPR035716|IPR003134|IPR036028|IPR001452,imex:IM-15154|pubmed:22174833
Q01853,Transitional endoplasmic reticulum ATPase,Mus musculus,IPR003593|IPR005938|IPR050168|IPR041569|IPR009010|IPR003959|IPR003960|IPR004201|IPR029067|IPR003338|IPR027417,imex:IM-9475|pubmed:19423573
Q02410,Amyloid-beta A4 precursor protein-binding family A member 1,Homo sapiens,IPR051230|IPR001478|IPR036034|IPR011993|IPR006020,doi:10.1038/s41467-022-33018-0|imex:IM-30294|pubmed:36115835
Q02763,Angiopoietin-1 receptor,Homo sapiens,IPR000742|IPR003961|IPR036116|IPR007110|IPR036179|IPR013783|IPR011009|IPR002049|IPR000719|IPR017441|IPR050122|IPR001245|IPR018941|IPR008266|IPR020635,doi:10.1016/j.cell.2021.04.011|imex:IM-29278|pubmed:33961781
Q02819,Nucleobindin-1,Mus musculus,IPR011992|IPR018247|IPR002048|IPR057576|IPR040250,imex:IM-9475|pubmed:19423573
Q03265,ATP synthase F(1) complex subunit alpha, mitochondrial,Mus musculus,IPR023366|IPR000793|IPR038376|IPR033732|IPR005294|IPR020003|IPR004100|IPR036121|IPR000194|IPR027417,imex:IM-9475|pubmed:19423573
Q04447,Creatine kinase B-type,Mus musculus,IPR000749|IPR022415|IPR022414|IPR022413|IPR036802|IPR014746,imex:IM-9475|pubmed:19423573
Q07157,Tight junction protein 1,Homo sapiens,IPR008145|IPR008144|IPR027417|IPR001478|IPR036034|IPR036028|IPR001452|IPR005417|IPR005418|IPR035597|IPR000906,doi:10.1038/s41467-022-33018-0|imex:IM-30294|pubmed:36115835
Q07212,Thy-1 membrane glycoprotein,Gallus gallus,IPR036179|IPR013783|IPR013106|IPR033292,imex:IM-15154|pubmed:22174833
Q08331,Calretinin,Mus musculus,IPR029646|IPR051001|IPR011992|IPR018247|IPR002048,imex:IM-9475|pubmed:19423573
Q09666,Neuroblast differentiation-associated protein AHNAK,Homo sapiens,IPR052082|IPR001478|IPR036034,doi:10.1038/s41467-022-33018-0|imex:IM-30294|pubmed:36115835
Q12923,Tyrosine-protein phosphatase non-receptor type 13,Homo sapiens,IPR019749|IPR014352|IPR035963|IPR019748|IPR000299|IPR018979|IPR018980|IPR011019|IPR052074|IPR001478|IPR036034|IPR011993|IPR029021|IPR000242|IPR012153|IPR003595|IPR000387|IPR029071,doi:10.1038/s41467-022-33018-0|imex:IM-30294|pubmed:36115835
Q12959,Disks large homolog 1,Homo sapiens,IPR019583|IPR016313|IPR019590|IPR008145|IPR008144|IPR020590|IPR015143|IPR004172|IPR036892|IPR027417|IPR001478|IPR036034|IPR036028|IPR001452|IPR050614,doi:10.1038/s41467-022-33018-0|imex:IM-30294|pubmed:36115835
Q13424,Alpha-1-syntrophin,Homo sapiens,IPR001478|IPR036034|IPR011993|IPR001849|IPR041428|IPR015482|IPR055108,doi:10.1038/s41467-022-33018-0|imex:IM-30294|pubmed:36115835
Q13488,V-type proton ATPase 116 kDa subunit a 3,Homo sapiens,IPR002490|IPR026028,doi:10.1016/j.cell.2021.04.011|imex:IM-29278|pubmed:33961781
Q13705,Activin receptor type-2B,Homo sapiens,IPR000472|IPR011009|IPR000719|IPR008271|IPR045860|IPR000333,doi:10.1016/j.cell.2021.04.011|imex:IM-29278|pubmed:33961781
Q13884,Beta-1-syntrophin,Homo sapiens,IPR001478|IPR036034|IPR011993|IPR001849|IPR041428|IPR015482|IPR055108,doi:10.1038/s41467-022-33018-0|imex:IM-30294|pubmed:36115835
Q14005,Pro-interleukin-16,Homo sapiens,IPR020450|IPR055287|IPR001478|IPR036034,doi:10.1038/s41467-022-33018-0|imex:IM-30294|pubmed:36115835
Q14160,Protein scribble homolog,Homo sapiens,IPR001611|IPR003591|IPR032675|IPR055414|IPR001478|IPR036034|IPR050614,doi:10.1038/s41467-022-33018-0|imex:IM-30294|pubmed:36115835
Q14168,MAGUK p55 subfamily member 2,Homo sapiens,IPR008145|IPR008144|IPR020590|IPR014775|IPR004172|IPR036892|IPR050716|IPR035602|IPR027417|IPR001478|IPR036034|IPR036028|IPR001452,doi:10.1038/s41467-022-33018-0|imex:IM-30294|pubmed:36115835
Q14CM0,FERM and PDZ domain-containing protein 4,Homo sapiens,IPR019749|IPR049385|IPR014352|IPR035963|IPR019748|IPR000299|IPR041779|IPR001478|IPR036034|IPR011993|IPR029071|IPR001202,doi:10.1038/s41467-022-33018-0|imex:IM-30294|pubmed:36115835
Q15599,Na(+)/H(+) exchange regulatory cofactor NHE-RF2,Homo sapiens,IPR015098|IPR051067|IPR017300|IPR001478|IPR036034,doi:10.1038/s41467-022-33018-0|imex:IM-30294|pubmed:36115835
Q15700,Disks large homolog 2,Homo sapiens,IPR019583|IPR016313|IPR019590|IPR035759|IPR008145|IPR008144|IPR020590|IPR027417|IPR001478|IPR036034|IPR036028|IPR001452|IPR050614,doi:10.1038/s41467-022-33018-0|imex:IM-30294|pubmed:36115835
Q3KQQ4,Brak nazwy,Mus musculus,IPR023795|IPR023796|IPR000215|IPR036186|IPR042178|IPR042185,imex:IM-9475|pubmed:19423573
Q568Z9,Phytanoyl-CoA hydroxylase-interacting protein,Rattus norvegicus,IPR003961|IPR036116|IPR013783|IPR042868|IPR045545,imex:IM-11875|pubmed:17610306
Q5BVD1,TPA-induced transmembrane protein,Homo sapiens,IPR033223,doi:10.1016/j.cell.2021.04.011|imex:IM-29278|pubmed:33961781
Q5D0B0,Alpha-2-macroglobulin receptor-associated protein,Mus musculus,IPR038003|IPR010483|IPR009066|IPR038001|IPR037999|IPR036744,imex:IM-9475|pubmed:19423573
Q5F3W6,14-3-3 protein gamma,Gallus gallus,IPR000308|IPR023409|IPR036815|IPR023410,imex:IM-15154|pubmed:22174833
Q5F425,Protein lin-7 homolog C,Gallus gallus,IPR014775|IPR004172|IPR036892|IPR017365|IPR051109|IPR001478|IPR036034,imex:IM-15154|pubmed:22174833
Q5JV73,FERM and PDZ domain-containing protein 3,Homo sapiens,IPR019749|IPR049385|IPR014352|IPR035963|IPR019748|IPR000299|IPR041779|IPR001478|IPR036034|IPR011993|IPR029071,doi:10.1038/s41467-022-33018-0|imex:IM-30294|pubmed:36115835
Q5SQX6,Cytoplasmic FMR1-interacting protein 2,Mus musculus,IPR009828|IPR008081,doi:10.1038/nn.4594|imex:IM-26285|pubmed:28671696
Q5SX40,Myosin-1,Mus musculus,IPR000048|IPR036961|IPR001609|IPR008989|IPR002928|IPR027417|IPR004009|IPR014751,imex:IM-9475|pubmed:19423573
Q5SYB0,FERM and PDZ domain-containing protein 1,Homo sapiens,IPR019749|IPR014352|IPR035963|IPR019748|IPR000299|IPR041779|IPR001478|IPR036034|IPR011993|IPR029071,doi:10.1038/s41467-022-33018-0|imex:IM-30294|pubmed:36115835
Q5T197,E3 ubiquitin-protein ligase DCST1,Homo sapiens,IPR051856|IPR012858|IPR058842|IPR001841,doi:10.1016/j.cell.2021.04.011|imex:IM-29278|pubmed:33961781
Q5T2T1,MAGUK p55 subfamily member 7,Homo sapiens,IPR008145|IPR008144|IPR020590|IPR014775|IPR004172|IPR036892|IPR050716|IPR035599|IPR027417|IPR001478|IPR036034|IPR036028|IPR001452,doi:10.1038/s41467-022-33018-0|imex:IM-30294|pubmed:36115835
Q5T2W1,Na(+)/H(+) exchange regulatory cofactor NHE-RF3,Homo sapiens,IPR051067|IPR001478|IPR036034,doi:10.1038/s41467-022-33018-0|imex:IM-30294|pubmed:36115835
Q5T5U3,Rho GTPase-activating protein 21,Homo sapiens,IPR001478|IPR041489|IPR036034|IPR011993|IPR001849|IPR008936|IPR000198,doi:10.1038/s41467-022-33018-0|imex:IM-30294|pubmed:36115835
Q5TCQ9,Membrane-associated guanylate kinase, WW and PDZ domain-containing protein 3,Homo sapiens,IPR008145|IPR008144|IPR020590|IPR027417|IPR001478|IPR036034|IPR001202|IPR036020,doi:10.1038/s41467-022-33018-0|imex:IM-30294|pubmed:36115835
Q5U2Z3,Nucleosome assembly protein 1-like 4,Rattus norvegicus,IPR037231|IPR002164,imex:IM-11875|pubmed:17610306
Q5ZHP5,Charged multivesicular body protein 4b,Gallus gallus,IPR005024,imex:IM-15154|pubmed:22174833
Q5ZHY5,E3 ubiquitin-protein ligase CHIP,Gallus gallus,IPR045202|IPR041312|IPR011990|IPR019734|IPR003613|IPR013083,imex:IM-15154|pubmed:22174833
Q5ZIV5,Programmed cell death protein 10,Gallus gallus,IPR046409|IPR009652|IPR048288,imex:IM-15154|pubmed:22174833
Q5ZJ22,Glia maturation factor,Gallus gallus,IPR002108|IPR029006|IPR011171,imex:IM-15154|pubmed:22174833
Q5ZJF4,Peroxiredoxin-6,Gallus gallus,IPR000866|IPR024706|IPR019479|IPR045020|IPR036249|IPR013766,imex:IM-15154|pubmed:22174833
Q5ZJV0,COP9 signalosome complex subunit 4,Gallus gallus,IPR041406|IPR000717|IPR054559|IPR040134|IPR036388|IPR036390,imex:IM-15154|pubmed:22174833
Q5ZKC9,14-3-3 protein zeta,Gallus gallus,IPR000308|IPR023409|IPR036815|IPR023410,imex:IM-15154|pubmed:22174833
Q5ZKJ2,14-3-3 domain-containing protein,Gallus gallus,IPR000308|IPR023409|IPR036815|IPR023410,imex:IM-15154|pubmed:22174833
Q5ZKK4,LRP chaperone MESD,Gallus gallus,IPR019330,imex:IM-15154|pubmed:22174833
Q5ZL39,Serine/threonine-protein phosphatase,Gallus gallus,IPR004843|IPR029052|IPR050341|IPR006186|IPR031675,imex:IM-15154|pubmed:22174833
Q5ZL50,Profilin,Gallus gallus,IPR048278|IPR005455|IPR036140|IPR005454|IPR027310,imex:IM-15154|pubmed:22174833
Q5ZL57,Coatomer subunit delta,Gallus gallus,IPR036168|IPR022775|IPR027059|IPR011012|IPR028565,imex:IM-15154|pubmed:22174833
Q5ZL72,60 kDa heat shock protein, mitochondrial,Gallus gallus,IPR018370|IPR001844|IPR002423|IPR027409|IPR027413|IPR027410,imex:IM-15154|pubmed:22174833
Q5ZLB5,Brak nazwy,Gallus gallus,IPR016346|IPR015943|IPR001632|IPR020472|IPR019775|IPR036322|IPR001680,imex:IM-15154|pubmed:22174833
Q5ZLC5,ATP synthase F(1) complex catalytic subunit beta, mitochondrial,Gallus gallus,IPR003593|IPR055190|IPR005722|IPR020003|IPR050053|IPR004100|IPR036121|IPR000194|IPR024034|IPR027417,imex:IM-15154|pubmed:22174833
Q5ZLD1,Fumarate hydratase, mitochondrial,Gallus gallus,IPR005677|IPR024083|IPR018951|IPR020557|IPR000362|IPR022761|IPR008948,imex:IM-15154|pubmed:22174833
Q5ZLG1,Ras-related protein Rab-18,Gallus gallus,IPR027417|IPR050227|IPR025662|IPR005225|IPR001806,imex:IM-15154|pubmed:22174833
Q5ZLN1,Phosphoglycerate mutase 1,Gallus gallus,IPR013078|IPR029033|IPR001345|IPR005952,imex:IM-15154|pubmed:22174833
Q5ZLQ6,14-3-3 protein beta/alpha,Gallus gallus,IPR000308|IPR023409|IPR036815|IPR023410,imex:IM-15154|pubmed:22174833
Q5ZM44,Calcineurin B homologous protein 1,Gallus gallus,IPR051875|IPR011992|IPR018247|IPR002048,imex:IM-15154|pubmed:22174833
Q5ZMA0,ADP-ribosylation factor,Gallus gallus,IPR045872|IPR027417|IPR005225|IPR024156|IPR006689,imex:IM-15154|pubmed:22174833
Q5ZMB2,Heme-binding protein 1,Gallus gallus,IPR011256|IPR006917,imex:IM-15154|pubmed:22174833
Q5ZMD1,14-3-3 protein theta,Gallus gallus,IPR000308|IPR023409|IPR036815|IPR023410|IPR042584,imex:IM-15154|pubmed:22174833
Q5ZME1,RRM domain-containing protein,Gallus gallus,IPR021662|IPR034486|IPR012677|IPR035979|IPR000504,imex:IM-15154|pubmed:22174833
Q5ZME2,Malate dehydrogenase, cytoplasmic,Gallus gallus,IPR001557|IPR022383|IPR001236|IPR015955|IPR001252|IPR011274|IPR010945|IPR036291,imex:IM-15154|pubmed:22174833
Q5ZMQ2,Actin, cytoplasmic 2,Gallus gallus,IPR004000|IPR020902|IPR004001|IPR043129,imex:IM-15154|pubmed:22174833
Q5ZMT0,14-3-3 protein epsilon,Gallus gallus,IPR000308|IPR023409|IPR036815|IPR023410,imex:IM-15154|pubmed:22174833
Q5ZMU9,Transitional endoplasmic reticulum ATPase,Gallus gallus,IPR003593|IPR005938|IPR050168|IPR041569|IPR009010|IPR003959|IPR003960|IPR004201|IPR029067|IPR003338|IPR027417,imex:IM-15154|pubmed:22174833
Q60854,Serpin B6,Mus musculus,IPR023795|IPR023796|IPR000215|IPR036186|IPR042178|IPR042185,imex:IM-9475|pubmed:19423573
Q60864,Stress-induced-phosphoprotein 1,Mus musculus,IPR041243|IPR006636|IPR011990|IPR019734,imex:IM-9475|pubmed:19423573
Q60932,Non-selective voltage-gated ion channel VDAC1,Mus musculus,IPR023614|IPR001925|IPR027246,imex:IM-9475|pubmed:19423573
Q61171,Peroxiredoxin-2,Mus musculus,IPR000866|IPR050217|IPR024706|IPR019479|IPR036249|IPR013766,imex:IM-9475|pubmed:19423573
Q61233,Plastin-2,Mus musculus,IPR001589|IPR001715|IPR036872|IPR011992|IPR018247|IPR002048|IPR039959,imex:IM-9475|pubmed:19423573
Q61599,Rho GDP-dissociation inhibitor 2,Mus musculus,IPR014756|IPR000406|IPR024792,imex:IM-9475|pubmed:19423573
Q61753,D-3-phosphoglycerate dehydrogenase,Mus musculus,IPR029009|IPR006139|IPR029753|IPR029752|IPR006140|IPR036291|IPR006236|IPR045626,imex:IM-9475|pubmed:19423573
Q61838,Pregnancy zone protein,Mus musculus,IPR009048|IPR036595|IPR050473|IPR011625|IPR041813|IPR047565|IPR011626|IPR013783|IPR014756|IPR001599|IPR019742|IPR002890|IPR041555|IPR040839|IPR008930,imex:IM-9475|pubmed:19423573
Q62433,Protein NDRG1,Mus musculus,IPR029058|IPR004142,imex:IM-9475|pubmed:19423573
Q62465,NADPH-dependent quinone oxidoreductase VAT1,Mus musculus,IPR013154|IPR020843|IPR011032|IPR036291|IPR002364|IPR052100,imex:IM-9475|pubmed:19423573
Q62905,Vitronectin,Rattus norvegicus,IPR051298|IPR000585|IPR036375|IPR018487|IPR018486|IPR020436|IPR036024|IPR001212,imex:IM-11875|pubmed:17610306
Q63537,Synapsin-2,Rattus norvegicus,IPR013815|IPR016185|IPR001359|IPR020898|IPR019735|IPR019736|IPR020897,imex:IM-11875|pubmed:17610306
Q63560,Microtubule-associated protein 6,Rattus norvegicus,IPR007882,imex:IM-11875|pubmed:17610306
Q641Y8,ATP-dependent RNA helicase DDX1,Rattus norvegicus,IPR001870|IPR043136|IPR013320|IPR011545|IPR014001|IPR001650|IPR027417|IPR014014|IPR003877,imex:IM-11875|pubmed:17610306
Q64LC9,RNA-binding protein 4B,Rattus norvegicus,IPR050502|IPR012677|IPR035979|IPR034897|IPR034898|IPR000504|IPR001878,imex:IM-11875|pubmed:17610306
Q68DX3,FERM and PDZ domain-containing protein 2,Homo sapiens,IPR019749|IPR014352|IPR035963|IPR019748|IPR000299|IPR018979|IPR018980|IPR011019|IPR052074|IPR001478|IPR036034|IPR011993|IPR029071,doi:10.1038/s41467-022-33018-0|imex:IM-30294|pubmed:36115835
Q6AXS5,SERPINE1 mRNA-binding protein 1,Rattus norvegicus,IPR039764|IPR006861|IPR032381,imex:IM-11875|pubmed:17610306
Q6AY09,Heterogeneous nuclear ribonucleoprotein H2,Rattus norvegicus,IPR050666|IPR012677|IPR035979|IPR000504|IPR012996,imex:IM-11875|pubmed:17610306
Q6AYD3,Proliferation-associated protein 2G4,Rattus norvegicus,IPR036005|IPR004545|IPR047113|IPR000994|IPR018349|IPR036388|IPR036390,imex:IM-11875|pubmed:17610306
Q6P0Q8,Microtubule-associated serine/threonine-protein kinase 2,Homo sapiens,IPR000961|IPR011009|IPR037711|IPR015022|IPR023142|IPR001478|IPR041489|IPR036034|IPR000719|IPR008271|IPR050236,doi:10.1038/s41467-022-33018-0|imex:IM-30294|pubmed:36115835
Q6P9V9,Tubulin alpha-1B chain,Rattus norvegicus,IPR002452|IPR008280|IPR000217|IPR037103|IPR018316|IPR036525|IPR023123|IPR017975|IPR003008,imex:IM-11875|pubmed:17610306
Q6PFA2,Clathrin light chain,Mus musculus,IPR000996,imex:IM-9475|pubmed:19423573
Q6ZMN7,PDZ domain-containing RING finger protein 4,Homo sapiens,IPR051971|IPR001478|IPR036034|IPR001841|IPR013083|IPR017907,doi:10.1038/s41467-022-33018-0|imex:IM-30294|pubmed:36115835
Q6ZQN7,Solute carrier organic anion transporter family member 4C1,Homo sapiens,IPR002350|IPR036058|IPR020846|IPR036259|IPR004156,doi:10.1016/j.cell.2021.04.011|imex:IM-29278|pubmed:33961781
Q7TMI0,26S proteasome non-ATPase regulatory subunit 11,Mus musculus,IPR050871|IPR000717|IPR040780|IPR040773|IPR011990|IPR036390,imex:IM-9475|pubmed:19423573
Q7Z6J2,Protein TAMALIN,Homo sapiens,IPR052122|IPR001478|IPR036034,doi:10.1038/s41467-022-33018-0|imex:IM-30294|pubmed:36115835
Q80UU9,Membrane-associated progesterone receptor component 2,Mus musculus,IPR001199|IPR036400|IPR050577,imex:IM-9475|pubmed:19423573
Q86UL8,Membrane-associated guanylate kinase, WW and PDZ domain-containing protein 2,Homo sapiens,IPR008145|IPR008144|IPR020590|IPR027417|IPR001478|IPR036034|IPR001202|IPR036020,doi:10.1038/s41467-022-33018-0|imex:IM-30294|pubmed:36115835
Q86UT5,Na(+)/H(+) exchange regulatory cofactor NHE-RF4,Homo sapiens,IPR051067|IPR001478|IPR036034,doi:10.1038/s41467-022-33018-0|imex:IM-30294|pubmed:36115835
Q86UT5-2,Isoform 2 of Na(+)/H(+) exchange regulatory cofactor NHE-RF4,Homo sapiens,Brak InterPro kodów dla tego białka.,doi:10.1038/s41467-022-33018-0|imex:IM-30294|pubmed:36115835
Q8BFZ9,Erlin-2,Mus musculus,IPR001107|IPR036013|IPR033294,imex:IM-9475|pubmed:19423573
Q8BH97,Reticulocalbin-3,Mus musculus,IPR011992|IPR018247|IPR002048,imex:IM-9475|pubmed:19423573
Q8BWT1,3-ketoacyl-CoA thiolase, mitochondrial,Mus musculus,IPR002155|IPR016039|IPR020615|IPR020610|IPR020617|IPR020613|IPR020616,imex:IM-9475|pubmed:19423573
Q8IPH9,Slowpoke-binding protein,Drosophila melanogaster,IPR011009|IPR051837,pubmed:9539129
Q8IPH9-1,Isoform 1 of Slowpoke-binding protein,Drosophila melanogaster,Brak InterPro kodów dla tego białka.,pubmed:9539129
Q8IPH9-2,Isoform 2 of Slowpoke-binding protein,Drosophila melanogaster,Brak InterPro kodów dla tego białka.,pubmed:9539129
Q8IVF5,Rho guanine nucleotide exchange factor TIAM2,Homo sapiens,IPR035899|IPR000219|IPR001331|IPR001478|IPR036034|IPR011993|IPR001849|IPR055230|IPR003116|IPR043537|IPR040655,doi:10.1038/s41467-022-33018-0|imex:IM-30294|pubmed:36115835
Q8K0E8,Fibrinogen beta chain,Mus musculus,IPR037579|IPR036056|IPR014716|IPR002181|IPR012290|IPR020837,imex:IM-9475|pubmed:19423573
Q8K183,Pyridoxal kinase,Mus musculus,IPR013749|IPR004625|IPR029056,imex:IM-9475|pubmed:19423573
Q8K4R8,Sodium-dependent phosphate transport protein 2C,Rattus norvegicus,IPR003841,imex:IM-11875|pubmed:17610306
Q8MR31,Slo-interacting protein 1,Drosophila melanogaster,IPR051971|IPR001478|IPR036034,pubmed:9502797
Q8N448,Ligand of Numb protein X 2,Homo sapiens,IPR001478|IPR051342|IPR036034|IPR001841|IPR013083|IPR017907,doi:10.1038/s41467-022-33018-0|imex:IM-30294|pubmed:36115835
Q8NAC3,Interleukin-17 receptor C,Homo sapiens,IPR039465|IPR027841|IPR013568,doi:10.1016/j.cell.2021.04.011|imex:IM-29278|pubmed:33961781
Q8NGN1,Olfactory receptor 6T1,Homo sapiens,IPR000276|IPR017452|IPR000725|IPR047132,doi:10.1016/j.cell.2021.04.011|imex:IM-29278|pubmed:33961781
Q8NI35,InaD-like protein,Homo sapiens,IPR015132|IPR004172|IPR036892|IPR001478|IPR051342|IPR036034,doi:10.1038/s41467-022-33018-0|imex:IM-30294|pubmed:36115835
Q8TBB1,E3 ubiquitin-protein ligase LNX,Homo sapiens,IPR001478|IPR051342|IPR036034|IPR018957|IPR001841|IPR013083|IPR017907,doi:10.1038/s41467-022-33018-0|imex:IM-30294|pubmed:36115835
Q8TCX5,Rhophilin-1,Homo sapiens,IPR004328|IPR038499|IPR011072|IPR036274|IPR001478|IPR036034|IPR042715|IPR047138,doi:10.1038/s41467-022-33018-0|imex:IM-30294|pubmed:36115835
Q8TDM6,Disks large homolog 5,Homo sapiens,IPR001315|IPR011029|IPR006907|IPR035537|IPR008145|IPR008144|IPR053004|IPR027417|IPR001478|IPR036034|IPR036028|IPR001452,doi:10.1038/s41467-022-33018-0|imex:IM-30294|pubmed:36115835
Q8TEU7,Rap guanine nucleotide exchange factor 6,Homo sapiens,IPR000595|IPR018490|IPR001478|IPR036034|IPR000159|IPR000651|IPR023578|IPR001895|IPR036964|IPR014710,doi:10.1038/s41467-022-33018-0|imex:IM-30294|pubmed:36115835
Q8TEW0,Partitioning defective 3 homolog,Homo sapiens,IPR052213|IPR021922|IPR001478|IPR036034,doi:10.1038/s41467-022-33018-0|imex:IM-30294|pubmed:36115835
Q8TEW8,Partitioning defective 3 homolog B,Homo sapiens,IPR052213|IPR021922|IPR001478|IPR036034,doi:10.1038/s41467-022-33018-0|imex:IM-30294|pubmed:36115835
Q8UVX3,ATP synthase subunit alpha,Gallus gallus,IPR023366|IPR000793|IPR038376|IPR033732|IPR005294|IPR020003|IPR004100|IPR036121|IPR000194|IPR027417,imex:IM-15154|pubmed:22174833
Q8VCT3,Aminopeptidase B,Mus musculus,IPR045357|IPR042097|IPR016024|IPR049980|IPR038502|IPR034015|IPR001930|IPR015211|IPR014782|IPR027268,imex:IM-9475|pubmed:19423573
Q8VIP3,Brak nazwy,Rattus norvegicus,IPR008280|IPR023123,imex:IM-11875|pubmed:17610306
Q8WWF5,E3 ubiquitin-protein ligase ZNRF4,Homo sapiens,IPR051653|IPR046450|IPR003137|IPR001841|IPR013083|IPR044744,doi:10.1016/j.cell.2021.04.011|imex:IM-29278|pubmed:33961781
Q90593,Endoplasmic reticulum chaperone BiP,Gallus gallus,IPR043129|IPR042050|IPR018181|IPR029048|IPR029047|IPR013126,imex:IM-15154|pubmed:22174833
Q90635,Dihydropyrimidinase-related protein 2,Gallus gallus,IPR006680|IPR011778|IPR011059|IPR032466|IPR050378,imex:IM-15154|pubmed:22174833
Q90835,Elongation factor 1-alpha 1,Gallus gallus,IPR004161|IPR031157|IPR054696|IPR027417|IPR000795|IPR050100|IPR009000|IPR009001|IPR004539,imex:IM-15154|pubmed:22174833
Q91X72,Hemopexin,Mus musculus,IPR051298|IPR016358|IPR000585|IPR036375|IPR018487|IPR018486,imex:IM-9475|pubmed:19423573
Q91XH5,Sepiapterin reductase,Mus musculus,IPR051721|IPR036291|IPR002347|IPR006393,imex:IM-9475|pubmed:19423573
Q921I1,Serotransferrin,Mus musculus,IPR030685|IPR016357|IPR001156|IPR018195,imex:IM-9475|pubmed:19423573
Q922A2,Annexin,Mus musculus,IPR001464|IPR018502|IPR018252|IPR037104,imex:IM-9475|pubmed:19423573
Q92743,Serine protease HTRA1,Homo sapiens,IPR009030|IPR000867|IPR002350|IPR036058|IPR001478|IPR041489|IPR036034|IPR009003|IPR001940,doi:10.1038/s41467-022-33018-0|imex:IM-30294|pubmed:36115835
Q92796,Disks large homolog 3,Homo sapiens,IPR019583|IPR016313|IPR019590|IPR035763|IPR008145|IPR008144|IPR020590|IPR027417|IPR001478|IPR036034|IPR036028|IPR001452|IPR050614,doi:10.1038/s41467-022-33018-0|imex:IM-30294|pubmed:36115835
Q92997,Segment polarity protein dishevelled homolog DVL-3,Homo sapiens,IPR000591|IPR024580|IPR008339|IPR003351|IPR001158|IPR038207|IPR015506|IPR008342|IPR001478|IPR036034|IPR029071|IPR036388|IPR036390,doi:10.1038/s41467-022-33018-0|imex:IM-30294|pubmed:36115835
Q93092,Transaldolase,Mus musculus,IPR013785|IPR001585|IPR004730|IPR018225,imex:IM-9475|pubmed:19423573
Q96F46,Interleukin-17 receptor A,Homo sapiens,IPR039465|IPR032356|IPR038683|IPR043046|IPR013568,doi:10.1016/j.cell.2021.04.011|imex:IM-29278|pubmed:33961781
Q96GR4,Palmitoyltransferase ZDHHC12,Homo sapiens,IPR001594|IPR039859,doi:10.1016/j.cell.2021.04.011|imex:IM-29278|pubmed:33961781
Q96JH8,Ras-associating and dilute domain-containing protein,Homo sapiens,IPR037983|IPR002710|IPR000253|IPR001478|IPR036034|IPR000159|IPR008984|IPR029071|IPR052072,doi:10.1038/s41467-022-33018-0|imex:IM-30294|pubmed:36115835
Q96L92,Sorting nexin-27,Homo sapiens,IPR001478|IPR036034|IPR001683|IPR036871|IPR000159|IPR037827|IPR037833|IPR037835|IPR029071,doi:10.1038/s41467-022-33018-0|imex:IM-30294|pubmed:36115835
Q96NW7,Leucine-rich repeat-containing protein 7,Homo sapiens,IPR001611|IPR003591|IPR032675|IPR055414|IPR001478|IPR036034|IPR050614,doi:10.1038/s41467-022-33018-0|imex:IM-30294|pubmed:36115835
Q96QZ7,Membrane-associated guanylate kinase, WW and PDZ domain-containing protein 1,Homo sapiens,IPR008145|IPR008144|IPR020590|IPR027417|IPR001478|IPR036034|IPR001202|IPR036020,doi:10.1038/s41467-022-33018-0|imex:IM-30294|pubmed:36115835
Q96RT1,Erbin,Homo sapiens,IPR001611|IPR003591|IPR032675|IPR055414|IPR001478|IPR036034|IPR050614,doi:10.1038/s41467-022-33018-0|imex:IM-30294|pubmed:36115835
Q99767,Amyloid-beta A4 precursor protein-binding family A member 2,Homo sapiens,IPR051230|IPR001478|IPR036034|IPR011993|IPR006020,doi:10.1038/s41467-022-33018-0|imex:IM-30294|pubmed:36115835
Q99JY9,Actin-related protein 3,Mus musculus,IPR004000|IPR020902|IPR043129,imex:IM-9475|pubmed:19423573
Q99KI0,Aconitate hydratase, mitochondrial,Mus musculus,IPR015931|IPR001030|IPR015928|IPR050926|IPR018136|IPR036008|IPR015932|IPR006248|IPR000573,imex:IM-9475|pubmed:19423573
Q99LB4,Macrophage-capping protein,Mus musculus,IPR029006|IPR007123|IPR007122,imex:IM-9475|pubmed:19423573
Q99LX0,Parkinson disease protein 7 homolog,Mus musculus,IPR029062|IPR006287|IPR002818|IPR050325,imex:IM-9475|pubmed:19423573
Q99MY2,Diphosphoinositol polyphosphate phosphohydrolase 2,Rattus norvegicus,IPR047198|IPR015797|IPR020084|IPR000086,imex:IM-11875|pubmed:17610306
Q99N28,Cell adhesion molecule 3,Mus musculus,IPR013162|IPR007110|IPR036179|IPR013783|IPR003599|IPR003598|IPR013106|IPR003585,imex:IM-9475|pubmed:19423573
Q9BQQ3,Golgi reassembly-stacking protein 1,Homo sapiens,IPR007583|IPR024958|IPR036034,doi:10.1038/s41467-022-33018-0|imex:IM-30294|pubmed:36115835
Q9BXL7,Caspase recruitment domain-containing protein 11,Homo sapiens,IPR001315|IPR042141|IPR011029|IPR027417|IPR036034,doi:10.1038/s41467-022-33018-0|imex:IM-30294|pubmed:36115835
Q9BXS4,Transmembrane protein 59,Homo sapiens,IPR022065,doi:10.1016/j.cell.2021.04.011|imex:IM-29278|pubmed:33961781
Q9C0E4,Glutamate receptor-interacting protein 2,Homo sapiens,IPR043545|IPR001478|IPR041489|IPR036034,doi:10.1038/s41467-022-33018-0|imex:IM-30294|pubmed:36115835
Q9CPU0,Lactoylglutathione lyase,Mus musculus,IPR029068|IPR004360|IPR004361|IPR018146|IPR037523,imex:IM-9475|pubmed:19423573
Q9CQ65,S-methyl-5'-thioadenosine phosphorylase,Mus musculus,IPR010044|IPR000845|IPR035994|IPR018099,imex:IM-9475|pubmed:19423573
Q9CQA3,Succinate dehydrogenase [ubiquinone] iron-sulfur subunit, mitochondrial,Mus musculus,IPR036010|IPR001041|IPR006058|IPR017896|IPR017900|IPR012675|IPR009051|IPR050573|IPR004489|IPR025192,imex:IM-9475|pubmed:19423573
Q9CQV8,14-3-3 protein beta/alpha,Mus musculus,IPR000308|IPR023409|IPR036815|IPR023410,imex:IM-9475|pubmed:19423573
Q9CWS0,N(G),N(G)-dimethylarginine dimethylaminohydrolase 1,Mus musculus,IPR033199,imex:IM-9475|pubmed:19423573
Q9CZ13,Cytochrome b-c1 complex subunit 1, mitochondrial,Mus musculus,IPR011249|IPR050361|IPR011765|IPR007863,imex:IM-9475|pubmed:19423573
Q9D051,Pyruvate dehydrogenase E1 component subunit beta, mitochondrial,Mus musculus,IPR027110|IPR029061|IPR009014|IPR005475|IPR033248,imex:IM-9475|pubmed:19423573
Q9D6R2,Isocitrate dehydrogenase [NAD] subunit alpha, mitochondrial,Mus musculus,IPR019818|IPR004434|IPR024084,imex:IM-9475|pubmed:19423573
Q9DBJ1,Phosphoglycerate mutase 1,Mus musculus,IPR013078|IPR029033|IPR001345|IPR005952,imex:IM-9475|pubmed:19423573
Q9DBP5,UMP-CMP kinase,Mus musculus,IPR000850|IPR033690|IPR027417|IPR006266,imex:IM-9475|pubmed:19423573
Q9DCH4,Eukaryotic translation initiation factor 3 subunit F,Mus musculus,IPR027531|IPR024969|IPR000555|IPR037518,imex:IM-9475|pubmed:19423573
Q9DCW4,Electron transfer flavoprotein subunit beta,Mus musculus,IPR000049|IPR014730|IPR012255|IPR033948|IPR014729,imex:IM-9475|pubmed:19423573
Q9EQ20,Methylmalonate-semialdehyde/malonate-semialdehyde dehydrogenase [acylating], mitochondrial,Mus musculus,IPR016161|IPR016163|IPR016160|IPR016162|IPR015590|IPR010061,imex:IM-9475|pubmed:19423573
Q9EQX4,Allograft inflammatory factor 1-like,Mus musculus,IPR049025|IPR042433|IPR011992|IPR002048,imex:IM-9475|pubmed:19423573
Q9H313,Protein tweety homolog 1,Homo sapiens,IPR006990,doi:10.1016/j.cell.2021.04.011|imex:IM-29278|pubmed:33961781
Q9H5P4,PDZ domain-containing protein 7,Homo sapiens,IPR001478|IPR036034|IPR042786|IPR051844,doi:10.1038/s41467-022-33018-0|imex:IM-30294|pubmed:36115835
Q9H8Y8,Golgi reassembly-stacking protein 2,Homo sapiens,IPR007583|IPR024958|IPR036034,doi:10.1038/s41467-022-33018-0|imex:IM-30294|pubmed:36115835
Q9HAP6,Protein lin-7 homolog B,Homo sapiens,IPR014775|IPR004172|IPR036892|IPR017365|IPR051109|IPR001478|IPR036034,doi:10.1038/s41467-022-33018-0|imex:IM-30294|pubmed:36115835
Q9HBX9,Relaxin receptor 1,Homo sapiens,IPR000276|IPR017452|IPR036055|IPR023415|IPR002172|IPR001611|IPR003591|IPR032675|IPR008112,doi:10.1016/j.cell.2021.04.011|imex:IM-29278|pubmed:33961781
Q9HD26,Golgi-associated PDZ and coiled-coil motif-containing protein,Homo sapiens,IPR038879|IPR001478|IPR036034,doi:10.1038/s41467-022-33018-0|imex:IM-30294|pubmed:36115835
Q9I9D1,Non-selective voltage-gated ion channel VDAC2,Gallus gallus,IPR023614|IPR001925|IPR027246,imex:IM-15154|pubmed:22174833
Q9I9H1,Alpha-synuclein,Gallus gallus,IPR001058|IPR002460,imex:IM-15154|pubmed:22174833
Q9JHU9,Inositol-3-phosphate synthase 1,Mus musculus,IPR002587|IPR013021|IPR036291,imex:IM-9475|pubmed:19423573
Q9NRD5,PRKCA-binding protein,Homo sapiens,IPR027267|IPR010504|IPR030798|IPR001478|IPR036034|IPR037959,doi:10.1038/s41467-022-33018-0|imex:IM-30294|pubmed:36115835
Q9NRJ7,Protocadherin beta-16,Homo sapiens,IPR002126|IPR015919|IPR032455|IPR020894|IPR013164|IPR050174,doi:10.1016/j.cell.2021.04.011|imex:IM-29278|pubmed:33961781
Q9NSN8,Gamma-1-syntrophin,Homo sapiens,IPR001478|IPR036034|IPR001849|IPR015482|IPR055108,doi:10.1038/s41467-022-33018-0|imex:IM-30294|pubmed:36115835
Q9NUP9,Protein lin-7 homolog C,Homo sapiens,IPR014775|IPR004172|IPR036892|IPR017365|IPR051109|IPR001478|IPR036034,doi:10.1038/s41467-022-33018-0|imex:IM-30294|pubmed:36115835
Q9NY99,Gamma-2-syntrophin,Homo sapiens,IPR001478|IPR036034|IPR015482|IPR055108,doi:10.1038/s41467-022-33018-0|imex:IM-30294|pubmed:36115835
Q9NZN5-2,Isoform 2 of Rho guanine nucleotide exchange factor 12,Homo sapiens,Brak InterPro kodów dla tego białka.,doi:10.1038/s41467-022-33018-0|imex:IM-30294|pubmed:36115835
Q9NZW5,Protein PALS2,Homo sapiens,IPR008145|IPR008144|IPR020590|IPR014775|IPR004172|IPR036892|IPR050716|IPR035603|IPR027417|IPR001478|IPR036034|IPR036028|IPR001452,doi:10.1038/s41467-022-33018-0|imex:IM-30294|pubmed:36115835
Q9P202,Whirlin,Homo sapiens,IPR001478|IPR036034|IPR051844|IPR047056|IPR033028,doi:10.1038/s41467-022-33018-0|imex:IM-30294|pubmed:36115835
Q9P2E8,E3 ubiquitin-protein ligase MARCHF4,Homo sapiens,IPR046356|IPR047905|IPR011016|IPR013083,doi:10.1016/j.cell.2021.04.011|imex:IM-29278|pubmed:33961781
Q9P2F8,Signal-induced proliferation-associated 1-like protein 2,Homo sapiens,IPR001478|IPR036034|IPR035974|IPR000331|IPR050989|IPR021818,doi:10.1038/s41467-022-33018-0|imex:IM-30294|pubmed:36115835
Q9PTG6,Dynactin subunit 2,Gallus gallus,IPR028133,imex:IM-15154|pubmed:22174833
Q9QUI0,Transforming protein RhoA,Mus musculus,IPR027417|IPR005225|IPR001806|IPR003578,imex:IM-9475|pubmed:19423573
Q9R0P9,Ubiquitin carboxyl-terminal hydrolase isozyme L1,Mus musculus,IPR038765|IPR001578|IPR036959|IPR057254,imex:IM-9475|pubmed:19423573
Q9R0Y5,Adenylate kinase isoenzyme 1,Mus musculus,IPR000850|IPR033690|IPR028582|IPR006267|IPR027417,imex:IM-9475|pubmed:19423573
Q9R257,Heme-binding protein 1,Mus musculus,IPR011256|IPR006917,imex:IM-9475|pubmed:19423573
Q9UDY2,Tight junction protein 2,Homo sapiens,IPR008145|IPR008144|IPR027417|IPR001478|IPR036034|IPR036028|IPR001452|IPR005417|IPR005419|IPR035598,doi:10.1038/s41467-022-33018-0|imex:IM-30294|pubmed:36115835
Q9UPQ7,E3 ubiquitin-protein ligase PDZRN3,Homo sapiens,IPR051971|IPR001478|IPR036034|IPR001841|IPR013083|IPR017907|IPR001293,doi:10.1038/s41467-022-33018-0|imex:IM-30294|pubmed:36115835
Q9WV92,Band 4.1-like protein 3,Mus musculus,IPR030691|IPR008379|IPR019749|IPR000798|IPR014847|IPR014352|IPR035963|IPR019748|IPR019747|IPR000299|IPR018979|IPR018980|IPR011993|IPR007477|IPR029071,imex:IM-9475|pubmed:19423573
Q9Y2H9,Microtubule-associated serine/threonine-protein kinase 1,Homo sapiens,IPR000961|IPR011009|IPR037711|IPR015022|IPR023142|IPR001478|IPR041489|IPR036034|IPR000719|IPR008271|IPR050236,doi:10.1038/s41467-022-33018-0|imex:IM-30294|pubmed:36115835
Q9Y3R0,Glutamate receptor-interacting protein 1,Homo sapiens,IPR043545|IPR001478|IPR041489|IPR036034,doi:10.1038/s41467-022-33018-0|imex:IM-30294|pubmed:36115835
Q9Y4A9,Olfactory receptor 10H1,Homo sapiens,IPR000276|IPR017452|IPR000725,doi:10.1016/j.cell.2021.04.011|imex:IM-29278|pubmed:33961781
Q9Y566,SH3 and multiple ankyrin repeat domains protein 1,Homo sapiens,IPR002110|IPR036770|IPR001478|IPR041489|IPR036034|IPR001660|IPR013761|IPR036028|IPR001452|IPR051569,doi:10.1038/s41467-022-33018-0|imex:IM-30294|pubmed:36115835
Q9Y5E3,Protocadherin beta-6,Homo sapiens,IPR002126|IPR015919|IPR032455|IPR020894|IPR013164|IPR050174,doi:10.1016/j.cell.2021.04.011|imex:IM-29278|pubmed:33961781
Q9Y5F7,Protocadherin gamma-C4,Homo sapiens,IPR002126|IPR015919|IPR031904|IPR020894|IPR013164|IPR050174,doi:10.1016/j.cell.2021.04.011|imex:IM-29278|pubmed:33961781
Q9Y5G2,Protocadherin gamma-B2,Homo sapiens,IPR002126|IPR015919|IPR032455|IPR031904|IPR020894|IPR013164|IPR050174,doi:10.1016/j.cell.2021.04.011|imex:IM-29278|pubmed:33961781
Q9Y5H8,Protocadherin alpha-3,Homo sapiens,IPR002126|IPR015919|IPR031904|IPR020894|IPR013164|IPR050174,doi:10.1016/j.cell.2021.04.011|imex:IM-29278|pubmed:33961781
Q9Y6V0,Protein piccolo,Homo sapiens,IPR000008|IPR035892|IPR042720|IPR001478|IPR036034|IPR052098|IPR011011|IPR008899|IPR013083,doi:10.1038/s41467-022-33018-0|imex:IM-30294|pubmed:36115835
Q9Z2I8,Succinate--CoA ligase [GDP-forming] subunit beta, mitochondrial,Mus musculus,IPR011761|IPR013650|IPR013815|IPR017866|IPR005811|IPR034722|IPR005809|IPR016102,imex:IM-9475|pubmed:19423573
Q9Z2I9,Succinate--CoA ligase [ADP-forming] subunit beta, mitochondrial,Mus musculus,IPR011761|IPR013650|IPR013815|IPR017866|IPR005811|IPR034723|IPR005809|IPR016102,imex:IM-9475|pubmed:19423573
Q9Z2U0,Proteasome subunit alpha type-7,Mus musculus,IPR029055|IPR050115|IPR023332|IPR000426|IPR001353,imex:IM-9475|pubmed:19423573
intact:EBI-1638526
intact:EBI-1638529
intact:EBI-1638534
intact:EBI-1638538
intact:EBI-1638542
intact:EBI-1638547
intact:EBI-3058670
intact:EBI-3058855
intact:EBI-3059217
intact:EBI-3059222
intact:EBI-3059226
