A0A1D6IAW0,DNA 5'-3' helicase FANCJ,Zea mays,IPR006555|IPR045028|IPR002464|IPR014013|IPR006554|IPR027417|IPR010614,imex:IM-29553|pubmed:36581701
A0A1D6JSI9,Ubiquitin carboxyl-terminal hydrolase 26,Zea mays,IPR035927|IPR038765|IPR033841|IPR006615|IPR050164|IPR001394|IPR000626|IPR029071|IPR044743|IPR028889|IPR018200,imex:IM-29553|pubmed:36581701
B3XYC5,Brak nazwy,Solanum lycopersicum var. cerasiforme,IPR001002|IPR036861,imex:IM-16562|pubmed:21656680
B4FCX3,Proteasome subunit beta,Zea mays,IPR029055|IPR050115|IPR016295|IPR016050|IPR001353|IPR023333,imex:IM-29553|pubmed:36581701
B4FH55,Histone H2A,Zea mays,IPR007125|IPR009072|IPR002119|IPR032454|IPR032458,imex:IM-29553|pubmed:36581701
B7ZAQ6,Golgi pH regulator A,Homo sapiens,IPR025969|IPR022535|IPR015672,doi:10.1016/j.cell.2021.04.011|imex:IM-29278|pubmed:33961781
F4HZR4,Brak nazwy,Arabidopsis thaliana,Brak InterPro kodów dla tego białka.,doi:10.1126/science.1251358|imex:IM-26362|pubmed:24833385
F4I4R0,glucan endo-1,3-beta-D-glucosidase,Arabidopsis thaliana,IPR017853|IPR000490|IPR044965,doi:10.1126/science.1251358|imex:IM-26362|pubmed:24833385
F4JN35,Protein NTM1-like 9,Arabidopsis thaliana,IPR003441|IPR036093,imex:IM-16043|pubmed:21798944
F4K1J1,Brak nazwy,Arabidopsis thaliana,IPR029052|IPR018946|IPR038607,doi:10.1126/science.1251358|imex:IM-26362|pubmed:24833385
K7VW09,Brak nazwy,Brak organizmu,Brak InterPro kodów dla tego białka.,imex:IM-29553|pubmed:36581701
O00124,UBX domain-containing protein 8,Homo sapiens,IPR029071|IPR001012|IPR050730|IPR017247,doi:10.1016/j.cell.2021.04.011|imex:IM-29278|pubmed:33961781
O22151,Golgi SNAP receptor complex member 1-2,Arabidopsis thaliana,IPR023601,doi:10.1126/science.1251358|imex:IM-26362|pubmed:24833385
O22588,Probable aquaporin TIP3-2,Arabidopsis thaliana,IPR023271|IPR034294|IPR000425|IPR022357,doi:10.3389/fpls.2012.00124|imex:IM-26295|pubmed:22737156
O22622,Dolichyl-diphosphooligosaccharide--protein glycosyltransferase subunit DAD2,Arabidopsis thaliana,IPR003038,doi:10.1126/science.1251358|imex:IM-26362|pubmed:24833385
O60427,Acyl-CoA (8-3)-desaturase,Homo sapiens,IPR001199|IPR036400|IPR005804|IPR012171,doi:10.1016/j.cell.2021.04.011|imex:IM-29278|pubmed:33961781
O83083,Brak nazwy,Treponema pallidum (strain DSM 117211 / Nichols),IPR023346|IPR008258,doi:10.1371/journal.pone.0002292|imex:IM-9152|pubmed:18509523
O83268,Large ribosomal subunit protein bL12,Treponema pallidum (strain DSM 117211 / Nichols),IPR000206|IPR013823|IPR014719|IPR008932|IPR036235,doi:10.1371/journal.pone.0002292|imex:IM-9152|pubmed:18509523
O83282,Brak nazwy,Treponema pallidum (strain DSM 117211 / Nichols),Brak InterPro kodów dla tego białka.,doi:10.1371/journal.pone.0002292|imex:IM-9152|pubmed:18509523
O83293,Threonylcarbamoyladenosine tRNA methylthiotransferase MtaB,Treponema pallidum (strain DSM 117211 / Nichols),IPR006638|IPR005839|IPR020612|IPR013848|IPR038135|IPR006467|IPR007197|IPR023404|IPR058240,doi:10.1371/journal.pone.0002292|imex:IM-9152|pubmed:18509523
O83352,Uncharacterized protein TP_0332,Treponema pallidum (strain DSM 117211 / Nichols),Brak InterPro kodów dla tego białka.,doi:10.1371/journal.pone.0002292|imex:IM-9152|pubmed:18509523
O83572,TPM domain-containing protein,Treponema pallidum (strain DSM 117211 / Nichols),IPR007621,doi:10.1371/journal.pone.0002292|imex:IM-9152|pubmed:18509523
O83814,Methionine aminopeptidase,Treponema pallidum (strain DSM 117211 / Nichols),IPR036005|IPR000994|IPR001714|IPR002467,doi:10.1371/journal.pone.0002292|imex:IM-9152|pubmed:18509523
O83873,UDP-N-acetylmuramoylalanine--D-glutamate ligase,Treponema pallidum (strain DSM 117211 / Nichols),IPR036565|IPR036615|IPR013221|IPR005762,doi:10.1371/journal.pone.0002292|imex:IM-9152|pubmed:18509523
O83887,Magnesium transporter MgtE,Treponema pallidum (strain DSM 117211 / Nichols),IPR000644|IPR046342|IPR006668|IPR038076|IPR006669|IPR006667|IPR036739,doi:10.1371/journal.pone.0002292|imex:IM-9152|pubmed:18509523
O83958,Probable endolytic peptidoglycan transglycosylase RlpA,Treponema pallidum (strain DSM 117211 / Nichols),IPR034718|IPR009009|IPR036908|IPR012997,doi:10.1371/journal.pone.0002292|imex:IM-9152|pubmed:18509523
P00519,Tyrosine-protein kinase ABL1,Homo sapiens,IPR035837|IPR015015|IPR011009|IPR050198|IPR000719|IPR017441|IPR001245|IPR000980|IPR036860|IPR036028|IPR001452|IPR008266|IPR020635,imex:IM-11903|mint:MINT-8109998|pubmed:17474147
P04035,3-hydroxy-3-methylglutaryl-coenzyme A reductase,Homo sapiens,IPR002202|IPR023074|IPR023076|IPR004554|IPR004816|IPR023282|IPR009023|IPR009029|IPR053958|IPR000731,doi:10.1016/j.cell.2021.04.011|imex:IM-29278|pubmed:33961781
P05090,Apolipoprotein D,Homo sapiens,IPR026222|IPR002969|IPR012674|IPR022271|IPR022272|IPR000566,doi:10.1016/j.cell.2021.04.011|imex:IM-29278|pubmed:33961781
P06241,Tyrosine-protein kinase Fyn,Homo sapiens,IPR047924|IPR035750|IPR011009|IPR050198|IPR000719|IPR017441|IPR001245|IPR000980|IPR036860|IPR036028|IPR001452|IPR008266|IPR020635,imex:IM-11903|mint:MINT-8109998|pubmed:17474147
P07864,L-lactate dehydrogenase C chain,Homo sapiens,IPR001557|IPR011304|IPR018177|IPR022383|IPR001236|IPR015955|IPR036291,doi:10.1016/j.cell.2021.04.011|imex:IM-29278|pubmed:33961781
P0DPB3,Schwannomin-interacting protein 1,Homo sapiens,IPR039045|IPR015649,imex:IM-20475|pubmed:20195357
P10591,Heat shock protein SSA1,Saccharomyces cerevisiae (strain ATCC 204508 / S288c),IPR043129|IPR018181|IPR029048|IPR029047|IPR013126,pubmed:19536198
P10592,Heat shock protein SSA2,Saccharomyces cerevisiae (strain ATCC 204508 / S288c),IPR043129|IPR018181|IPR029048|IPR029047|IPR013126,pubmed:19536198
P11484,Ribosome-associated molecular chaperone SSB1,Saccharomyces cerevisiae (strain ATCC 204508 / S288c),IPR043129|IPR018181|IPR029048|IPR029047|IPR013126,pubmed:19536198
P16333,SH2/SH3 adapter protein NCK1,Homo sapiens,IPR017304|IPR035882|IPR035562|IPR035564|IPR035565|IPR000980|IPR036860|IPR036028|IPR001452|IPR051184,imex:IM-11903|mint:MINT-8109998|pubmed:17474147
P20263,POU domain, class 5, transcription factor 1,Mus musculus,IPR001356|IPR017970|IPR009057|IPR010982|IPR013847|IPR000327|IPR050255,imex:IM-20293|pubmed:17093407
P22227,Zinc finger protein 42,Mus musculus,IPR036236|IPR013087,imex:IM-20293|pubmed:17093407
P25071,Calmodulin-like protein 12,Arabidopsis thaliana,IPR050230|IPR011992|IPR018247|IPR002048,pubmed:17360592
P25854,Brak nazwy,Brak organizmu,Brak InterPro kodów dla tego białka.,pubmed:17360592
P27986,Phosphatidylinositol 3-kinase regulatory subunit alpha,Homo sapiens,IPR044124|IPR032498|IPR035591|IPR035020|IPR035022|IPR008936|IPR000198|IPR000980|IPR036860|IPR036028|IPR001452,imex:IM-11903|mint:MINT-8109998|pubmed:17474147
P30187,Calmodulin-like protein 10,Arabidopsis thaliana,IPR050230|IPR011992|IPR018247|IPR002048,pubmed:17360592
P32589,Heat shock protein homolog SSE1,Saccharomyces cerevisiae (strain ATCC 204508 / S288c),IPR043129|IPR018181|IPR029048|IPR029047|IPR013126,pubmed:19536198
P43304,Glycerol-3-phosphate dehydrogenase, mitochondrial,Homo sapiens,IPR031656|IPR038299|IPR011992|IPR018247|IPR002048|IPR006076|IPR036188|IPR000447,doi:10.1016/j.cell.2021.04.011|imex:IM-29278|pubmed:33961781
P47192,Vesicle-associated membrane protein 722,Arabidopsis thaliana,IPR011012|IPR010908|IPR001388|IPR051097|IPR042855,doi:10.1126/science.1251358|imex:IM-26362|pubmed:24833385
P51674,Neuronal membrane glycoprotein M6-a,Homo sapiens,IPR001614|IPR018237,doi:10.1016/j.cell.2021.04.011|imex:IM-29278|pubmed:33961781
P57103-2,Isoform 2 of Sodium/calcium exchanger 3,Homo sapiens,Brak InterPro kodów dla tego białka.,doi:10.1038/nature22366|imex:IM-25778|pubmed:28514442
P59220,Calmodulin-7,Arabidopsis thaliana,IPR050230|IPR011992|IPR018247|IPR002048,pubmed:17360592
P62993,Growth factor receptor-bound protein 2,Homo sapiens,IPR043539|IPR035643|IPR035641|IPR000980|IPR036860|IPR036028|IPR001452,imex:IM-11903|mint:MINT-8109998|pubmed:17474147
P73912,Cytochrome c biogenesis protein CcsB,Synechocystis sp. (strain ATCC 27184 / PCC 6803 / Kazusa),IPR023494|IPR007816,pubmed:18000013
P92961,Proline transporter 1,Arabidopsis thaliana,IPR013057,doi:10.1126/science.1251358|imex:IM-26362|pubmed:24833385
Q02159,Ubiquitin-conjugating enzyme E2 7,Saccharomyces cerevisiae (strain ATCC 204508 / S288c),IPR050113|IPR000608|IPR023313|IPR016135,pubmed:14690591
Q10587,Thyrotroph embryonic factor,Homo sapiens,IPR004827|IPR046347|IPR040223,imex:IM-13779|pubmed:20711500
Q1ECK0,Brak nazwy,Arabidopsis thaliana,Brak InterPro kodów dla tego białka.,doi:10.1126/science.1251358|imex:IM-26362|pubmed:24833385
Q2PZI1,Protein C-mannosyl-transferase DPY19L1,Homo sapiens,IPR018732|IPR047463,doi:10.1016/j.cell.2021.04.011|imex:IM-29278|pubmed:33961781
Q39080,Dolichyl-diphosphooligosaccharide--protein glycosyltransferase subunit DAD1,Arabidopsis thaliana,IPR003038,doi:10.1126/science.1251358|imex:IM-26362|pubmed:24833385
Q3E912,Protein DMP10,Arabidopsis thaliana,IPR007770,doi:10.1126/science.1251358|imex:IM-26362|pubmed:24833385
Q56ZN6,Pyrophosphate-energized membrane proton pump 2,Arabidopsis thaliana,IPR004131,doi:10.1126/science.1251358|imex:IM-26362|pubmed:24833385
Q5HYI7,Metaxin-3,Homo sapiens,IPR036282|IPR040079|IPR017410|IPR033468|IPR050931|IPR019564,doi:10.1016/j.cell.2021.04.011|imex:IM-29278|pubmed:33961781
Q61066,Nuclear receptor subfamily 0 group B member 1,Mus musculus,IPR035500|IPR033544|IPR000536|IPR001723|IPR025900,imex:IM-20293|pubmed:17093407
Q67ZM7,Farnesol kinase, chloroplastic,Arabidopsis thaliana,IPR039606,doi:10.1126/science.1251358|imex:IM-26362|pubmed:24833385
Q6FHY5,Brak nazwy,Homo sapiens,IPR001356|IPR020479|IPR017970|IPR009057|IPR042634,imex:IM-25472|pubmed:32296183
Q6NXT4,Zinc transporter 6,Homo sapiens,IPR002524|IPR058533|IPR027469|IPR052005,doi:10.1016/j.cell.2021.04.011|imex:IM-29278|pubmed:33961781
Q6P1A2,Lysophospholipid acyltransferase 5,Homo sapiens,IPR049941|IPR004299,doi:10.1016/j.cell.2021.04.011|imex:IM-29278|pubmed:33961781
Q80Z64,Homeobox protein NANOG,Mus musculus,IPR050460|IPR001356|IPR017970|IPR009057,imex:IM-20293|pubmed:17093407
Q84JZ7,Brak nazwy,Arabidopsis thaliana,IPR027370|IPR001841|IPR013083|IPR017907,doi:10.1126/science.1251358|imex:IM-26362|pubmed:24833385
Q84VQ1,SNF1-related protein kinase regulatory subunit beta-1,Arabidopsis thaliana,IPR032640|IPR006828|IPR037256|IPR013783|IPR014756|IPR043554,imex:IM-30002|pubmed:39307424
Q86TM6,E3 ubiquitin-protein ligase synoviolin,Homo sapiens,IPR050731|IPR057992|IPR001841|IPR013083|IPR058051,doi:10.1016/j.cell.2021.04.011|imex:IM-29278|pubmed:33961781
Q86TM6-2,Isoform 2 of E3 ubiquitin-protein ligase synoviolin,Homo sapiens,Brak InterPro kodów dla tego białka.,doi:10.1038/nature22366|imex:IM-25778|pubmed:28514442
Q8N6G5,Chondroitin sulfate N-acetylgalactosaminyltransferase 2,Homo sapiens,IPR008428|IPR051227|IPR029044,doi:10.1016/j.cell.2021.04.011|imex:IM-29278|pubmed:33961781
Q8RWZ6,Auxin efflux carrier component 4,Arabidopsis thaliana,IPR014024|IPR051107|IPR004776,doi:10.1126/science.1251358|imex:IM-26362|pubmed:24833385
Q8TAD4,Proton-coupled zinc antiporter SLC30A5,Homo sapiens,IPR002524|IPR058533|IPR027469|IPR045316,doi:10.1016/j.cell.2021.04.011|imex:IM-29278|pubmed:33961781
Q8TB61,Adenosine 3'-phospho 5'-phosphosulfate transporter 1,Homo sapiens,IPR037185|IPR013657,doi:10.1016/j.cell.2021.04.011|imex:IM-29278|pubmed:33961781
Q8TCT7,Signal peptide peptidase-like 2B,Homo sapiens,IPR046450|IPR003137|IPR007369|IPR006639,doi:10.1016/j.cell.2021.04.011|imex:IM-29278|pubmed:33961781
Q8VZP6,Putative glucuronosyltransferase PGSIP8,Arabidopsis thaliana,IPR050587|IPR029044|IPR059839,doi:10.1126/science.1251358|imex:IM-26362|pubmed:24833385
Q8WUY8,Probable N-acetyltransferase 14,Homo sapiens,IPR016181|IPR000182|IPR050769,doi:10.1016/j.cell.2021.04.011|imex:IM-29278|pubmed:33961781
Q93YP9,Sugar transporter ERD6-like 4,Arabidopsis thaliana,IPR020846|IPR044775|IPR005828|IPR036259|IPR050549|IPR003663|IPR005829,doi:10.3389/fpls.2012.00124|imex:IM-26295|pubmed:22737156
Q93Z20,Protein NRT1/ PTR FAMILY 8.5,Arabidopsis thaliana,IPR036259|IPR000109|IPR018456,doi:10.1126/science.1251358|imex:IM-26362|pubmed:24833385
Q944K2,Dolichyl-diphosphooligosaccharide--protein glycosyltransferase 48 kDa subunit,Arabidopsis thaliana,IPR005013|IPR055459|IPR055457,doi:10.1126/science.1251358|imex:IM-26362|pubmed:24833385
Q94AU5,Brak nazwy,Arabidopsis thaliana,IPR018908,doi:10.1126/science.1251358|imex:IM-26362|pubmed:24833385
Q96B77,Transmembrane protein 186,Homo sapiens,IPR026571|IPR045325,doi:10.1016/j.cell.2021.04.011|doi:10.1038/nature22366|imex:IM-25778|imex:IM-29278|pubmed:28514442|pubmed:33961781
Q96N66,Membrane-bound acylglycerophosphatidylinositol O-acyltransferase MBOAT7,Homo sapiens,IPR049941|IPR004299,doi:10.1016/j.cell.2021.04.011|imex:IM-29278|pubmed:33961781
Q99808,Equilibrative nucleoside transporter 1,Homo sapiens,IPR034764|IPR002259|IPR036259,doi:10.1016/j.cell.2021.04.011|imex:IM-29278|pubmed:33961781
Q99LI5,Zinc finger protein 281,Mus musculus,IPR050752|IPR036236|IPR013087,imex:IM-20293|pubmed:17093407
Q9C5D6,Cationic amino acid transporter 9, chloroplastic,Arabidopsis thaliana,IPR002293|IPR029485,doi:10.3389/fpls.2012.00124|imex:IM-26295|pubmed:22737156
Q9EPL2-PRO_0000323600
Q9FFD0,Auxin efflux carrier component 5,Arabidopsis thaliana,IPR014024|IPR051107|IPR004776,doi:10.1126/science.1251358|imex:IM-26362|pubmed:24833385
Q9FM10,Bidirectional sugar transporter SWEET5,Arabidopsis thaliana,IPR047664|IPR004316,doi:10.1126/science.1251358|imex:IM-26362|pubmed:24833385
Q9FZ23,Brak nazwy,Arabidopsis thaliana,Brak InterPro kodów dla tego białka.,doi:10.1126/science.1251358|imex:IM-26362|pubmed:24833385
Q9GZR5,Very long chain fatty acid elongase 4,Homo sapiens,IPR030457|IPR002076|IPR033678,doi:10.1016/j.cell.2021.04.011|imex:IM-29278|pubmed:33961781
Q9GZW8,Membrane-spanning 4-domains subfamily A member 7,Homo sapiens,IPR007237|IPR030417,imex:IM-13779|pubmed:20711500
Q9LFG8,ABC transporter G family member 20,Arabidopsis thaliana,IPR003593|IPR013525|IPR003439|IPR017871|IPR050352|IPR027417,doi:10.1126/science.1251358|imex:IM-26362|pubmed:24833385
Q9LW08,signal peptidase I,Arabidopsis thaliana,IPR036286|IPR015927|IPR001733,doi:10.1126/science.1251358|imex:IM-26362|pubmed:24833385
Q9LY44,Brak nazwy,Arabidopsis thaliana,Brak InterPro kodów dla tego białka.,doi:10.1126/science.1251358|imex:IM-26362|pubmed:24833385
Q9M9C3,Brak nazwy,Arabidopsis thaliana,IPR044174|IPR003406,doi:10.1126/science.1251358|imex:IM-26362|pubmed:24833385
Q9NR77,Peroxisomal membrane protein 2,Homo sapiens,IPR007248,doi:10.1016/j.cell.2021.04.011|imex:IM-29278|pubmed:33961781
Q9NRK6,ATP-binding cassette sub-family B member 10, mitochondrial,Homo sapiens,IPR003593|IPR011527|IPR036640|IPR003439|IPR017871|IPR027417|IPR039421,doi:10.1016/j.cell.2021.04.011|doi:10.1038/nature22366|imex:IM-25778|imex:IM-29278|pubmed:28514442|pubmed:33961781
Q9SQH6,Auxin efflux carrier component 6,Arabidopsis thaliana,IPR014024|IPR051107|IPR004776,doi:10.1126/science.1251358|imex:IM-26362|pubmed:24833385
Q9SV74,Brak nazwy,Arabidopsis thaliana,IPR036378|IPR000782|IPR052806,doi:10.1126/science.1251358|imex:IM-26362|pubmed:24833385
Q9SY38,Brak nazwy,Arabidopsis thaliana,Brak InterPro kodów dla tego białka.,doi:10.1126/science.1251358|imex:IM-26362|pubmed:24833385
Q9UBU6,Protein FAM8A1,Homo sapiens,IPR039871|IPR010432,doi:10.1016/j.cell.2021.04.011|imex:IM-29278|pubmed:33961781
Q9V9V9,Alpha/beta-tubulin-N-acetyltransferase 9,Drosophila melanogaster,IPR016181|IPR000182|IPR039135,imex:IM-16524|mint:MINT-5216804|pubmed:14605208
Q9VA97,Pyridoxal phosphate homeostasis protein,Drosophila melanogaster,IPR001608|IPR029066|IPR011078,imex:IM-16524|mint:MINT-5216804|pubmed:14605208
Q9VEW2,Putative SERF-like protein,Drosophila melanogaster,IPR007513|IPR040211,imex:IM-16527|pubmed:25294943
Q9VJ30,non-specific serine/threonine protein kinase,Drosophila melanogaster,IPR011009|IPR000719,imex:IM-16527|pubmed:25294943
Q9VLS7,Brak nazwy,Drosophila melanogaster,IPR004177|IPR058055|IPR004170|IPR057825,imex:IM-16527|pubmed:25294943
Q9VMY2,Brak nazwy,Drosophila melanogaster,Brak InterPro kodów dla tego białka.,imex:IM-16524|mint:MINT-5216804|pubmed:14605208
Q9VNF6,Metastasis-associated protein MTA3,Drosophila melanogaster,IPR001025|IPR043151|IPR000949|IPR009057|IPR040138|IPR035170|IPR001005|IPR017884|IPR013087|IPR000679|IPR013088,imex:IM-16527|pubmed:25294943
Q9W161,Sperm microtubule inner protein 1 C-terminal domain-containing protein,Drosophila melanogaster,IPR054323,imex:IM-16524|mint:MINT-5216804|pubmed:14605208
Q9W512,Brak nazwy,Drosophila melanogaster,Brak InterPro kodów dla tego białka.,imex:IM-16524|mint:MINT-5216804|pubmed:14605208
Q9ZNS0,Probable polyol transporter 3,Arabidopsis thaliana,IPR020846|IPR005828|IPR036259|IPR044776|IPR045262|IPR003663|IPR005829,doi:10.3389/fpls.2012.00124|imex:IM-26295|pubmed:22737156
Q9ZPS7,Transmembrane 9 superfamily member 3,Arabidopsis thaliana,IPR004240|IPR036259,doi:10.1126/science.1251358|imex:IM-26362|pubmed:24833385
Q9ZS88,Derlin-2.2,Arabidopsis thaliana,IPR007599|IPR035952,doi:10.1126/science.1251358|imex:IM-26362|pubmed:24833385
