A0A0B4KGY6,RNA-binding protein Pasilla,Drosophila melanogaster,IPR047275|IPR047276|IPR047274|IPR004087|IPR004088|IPR036612,imex:IM-16527|pubmed:25294943
A0A0G2JZJ1,Ubiquitin C-terminal hydrolase PSMD14,Rattus norvegicus,IPR000555|IPR050242|IPR037518|IPR056263,imex:IM-29994|pubmed:37228199
A0A1D6EF82,Brak nazwy,Zea mays,Brak InterPro kodów dla tego białka.,imex:IM-29553|pubmed:36581701
A0A1D6F304,Brak nazwy,Brak organizmu,Brak InterPro kodów dla tego białka.,imex:IM-29553|pubmed:36581701
A0A1D6FQ51,Brak nazwy,Brak organizmu,Brak InterPro kodów dla tego białka.,imex:IM-29553|pubmed:36581701
A0A1D6GAK2,Brak nazwy,Brak organizmu,Brak InterPro kodów dla tego białka.,imex:IM-29553|pubmed:36581701
A0A1D6GD30,Brak nazwy,Brak organizmu,Brak InterPro kodów dla tego białka.,imex:IM-29553|pubmed:36581701
A0A1D6GRJ1,EF-hand domain-containing protein,Zea mays,IPR050230|IPR011992|IPR018247|IPR002048,imex:IM-29553|pubmed:36581701
A0A1D6GU10,Brak nazwy,Brak organizmu,Brak InterPro kodów dla tego białka.,imex:IM-29553|pubmed:36581701
A0A1D6HK91,Brak nazwy,Brak organizmu,Brak InterPro kodów dla tego białka.,imex:IM-29553|pubmed:36581701
A0A1D6IAI4,Brak nazwy,Brak organizmu,Brak InterPro kodów dla tego białka.,imex:IM-29553|pubmed:36581701
A0A1D6ID51,Condensin-2 complex subunit H2,Zea mays,IPR031737|IPR031719|IPR009378|IPR031739,imex:IM-29553|pubmed:36581701
A0A1D6JD96,Brak nazwy,Brak organizmu,Brak InterPro kodów dla tego białka.,imex:IM-29553|pubmed:36581701
A0A1D6JYV4,Protein kinase domain-containing protein,Zea mays,IPR011009|IPR000719|IPR017441|IPR001245,imex:IM-29553|pubmed:36581701
A0A1D6K1W3,Brak nazwy,Zea mays,Brak InterPro kodów dla tego białka.,imex:IM-29553|pubmed:36581701
A0A1D6KWQ5,Brak nazwy,Brak organizmu,Brak InterPro kodów dla tego białka.,imex:IM-29553|pubmed:36581701
A0A1D6LGX9,Brak nazwy,Brak organizmu,Brak InterPro kodów dla tego białka.,imex:IM-29553|pubmed:36581701
A0A1D6M3A7,Brak nazwy,Brak organizmu,Brak InterPro kodów dla tego białka.,imex:IM-29553|pubmed:36581701
A0A1D6M665,Brak nazwy,Brak organizmu,Brak InterPro kodów dla tego białka.,imex:IM-29553|pubmed:36581701
A0A1D6N681,Nuclear pore localisation protein NPL4 C-terminal domain-containing protein,Zea mays,IPR016563|IPR007717|IPR029071,imex:IM-29553|pubmed:36581701
A0A1D6NA80,Brak nazwy,Brak organizmu,Brak InterPro kodów dla tego białka.,imex:IM-29553|pubmed:36581701
A0A1D6PFP9,Brak nazwy,Brak organizmu,Brak InterPro kodów dla tego białka.,imex:IM-29553|pubmed:36581701
A0A1D6PTN4,Brak nazwy,Brak organizmu,Brak InterPro kodów dla tego białka.,imex:IM-29553|pubmed:36581701
A0A1D6QCH9,Brak nazwy,Brak organizmu,Brak InterPro kodów dla tego białka.,imex:IM-29553|pubmed:36581701
A2T1W7,Brak nazwy,Zea mays,IPR020471|IPR044498|IPR018170|IPR036812|IPR023210,imex:IM-29553|pubmed:36581701
A4FUJ8,Brak nazwy,Homo sapiens,IPR043451|IPR004018|IPR003034|IPR036361,doi:10.1016/j.celrep.2020.108050|imex:IM-28217|pubmed:32814053
A6NEM2,Host cell factor 1,Homo sapiens,IPR003961|IPR036116|IPR043536|IPR013783|IPR015915|IPR059124,imex:IM-24272|pubmed:26496610
B4FKB7,Brak nazwy,Zea mays,IPR006476,imex:IM-29553|pubmed:36581701
B4FL26,Brak nazwy,Zea mays,IPR006571,imex:IM-29553|pubmed:36581701
B4FTM1,Tubulin beta chain,Zea mays,IPR002453|IPR008280|IPR000217|IPR037103|IPR018316|IPR036525|IPR023123|IPR017975|IPR003008,imex:IM-29553|pubmed:36581701
B6SHM7,40S ribosomal protein S7,Zea mays,IPR000554|IPR047861,imex:IM-29553|pubmed:36581701
B6SLW1,Brak nazwy,Zea mays,IPR050230|IPR011992|IPR018247|IPR002048,imex:IM-29553|pubmed:36581701
B6SUL0,Autophagy-related protein,Zea mays,IPR004241|IPR029071,imex:IM-29553|pubmed:36581701
B6T7B2,30S ribosomal protein S4, chloroplastic,Zea mays,IPR022801|IPR018079|IPR005710|IPR001912|IPR002942|IPR036986,imex:IM-29553|pubmed:36581701
B7NZD2,26S proteasome non-ATPase regulatory subunit 4,Oryctolagus cuniculus,IPR027040|IPR049590|IPR003903|IPR002035|IPR036465,imex:IM-21433|pubmed:23706739
C0PGK8,Auxin response factor,Zea mays,IPR010525|IPR044835|IPR003340|IPR015300,imex:IM-29553|pubmed:36581701
C0PHW4,FAD-binding PCMH-type domain-containing protein,Zea mays,IPR012951|IPR016166|IPR036318|IPR016167|IPR016169|IPR006094,imex:IM-29553|pubmed:36581701
C0PJN1,ENTH domain-containing protein,Zea mays,IPR011417|IPR014712|IPR048050|IPR045192|IPR013809|IPR008942,imex:IM-29553|pubmed:36581701
G5E9A7,Brak nazwy,Homo sapiens,IPR015943|IPR036322|IPR001680|IPR051362,doi:10.1016/j.celrep.2020.108050|imex:IM-28217|pubmed:32814053
K7UKT1,Brak nazwy,Zea mays,IPR029962|IPR026057|IPR025846,imex:IM-29553|pubmed:36581701
O00231,26S proteasome non-ATPase regulatory subunit 11,Homo sapiens,IPR050871|IPR000717|IPR040780|IPR040773|IPR011990|IPR036390,doi:10.1016/j.cell.2021.04.011|imex:IM-12079|imex:IM-12193|imex:IM-21659|imex:IM-29278|pubmed:19490896|pubmed:19615732|pubmed:27705803|pubmed:33961781
O00232,26S proteasome non-ATPase regulatory subunit 12,Homo sapiens,IPR000717|IPR054559|IPR040134|IPR040896|IPR036388|IPR036390,doi:10.1016/j.cell.2021.04.011|imex:IM-12079|imex:IM-12193|imex:IM-29278|pubmed:19490896|pubmed:19615732|pubmed:33961781
O00410,Importin-5,Homo sapiens,IPR011989|IPR016024|IPR000357|IPR058584|IPR001494|IPR040122|IPR041653|IPR040928|IPR041389|IPR034085|IPR057672,imex:IM-12079|pubmed:19615732
O00487,Ubiquitin C-terminal hydrolase PSMD14,Homo sapiens,IPR000555|IPR050242|IPR037518|IPR056263,doi:10.1016/j.cell.2021.04.011|imex:IM-12079|imex:IM-12193|imex:IM-24272|imex:IM-29278|pubmed:19490896|pubmed:19615732|pubmed:26496610|pubmed:33961781
O14649,Potassium channel subfamily K member 3,Homo sapiens,IPR003280|IPR003092|IPR013099|IPR005406,imex:IM-29540|pubmed:36012204
O14715,RANBP2-like and GRIP domain-containing protein 8,Homo sapiens,IPR032023|IPR000237|IPR011993|IPR000156|IPR045255|IPR011990|IPR019734,doi:10.1016/j.cell.2021.04.011|imex:IM-29278|pubmed:33961781
O14818,Proteasome subunit alpha type-7,Homo sapiens,IPR029055|IPR050115|IPR023332|IPR000426|IPR001353,imex:IM-12193|pubmed:19490896
O14862,Interferon-inducible protein AIM2,Homo sapiens,IPR004020|IPR011029|IPR040205|IPR004021|IPR012340,imex:IM-23523|pubmed:25665578
O14929,Histone acetyltransferase type B catalytic subunit,Homo sapiens,IPR016181|IPR048776|IPR019467|IPR037113|IPR017380|IPR013523,imex:IM-12079|pubmed:19615732
O15294,UDP-N-acetylglucosamine--peptide N-acetylglucosaminyltransferase 110 kDa subunit,Homo sapiens,IPR037919|IPR029489|IPR011990|IPR019734,doi:10.1016/j.cell.2021.04.011|imex:IM-12079|imex:IM-21659|imex:IM-29278|pubmed:19615732|pubmed:27705803|pubmed:33961781
O15355,Protein phosphatase 1G,Homo sapiens,IPR015655|IPR000222|IPR036457|IPR001932,imex:IM-12079|pubmed:19615732
O15381-5,Isoform 5 of Nuclear valosin-containing protein-like,Homo sapiens,Brak InterPro kodów dla tego białka.,doi:10.1016/j.celrep.2020.108050|imex:IM-28217|pubmed:32814053
O15392,Baculoviral IAP repeat-containing protein 5,Homo sapiens,IPR051190|IPR001370,doi:10.1016/j.celrep.2020.108050|imex:IM-28217|pubmed:32814053
O43242,26S proteasome non-ATPase regulatory subunit 3,Homo sapiens,IPR050756|IPR000717|IPR013586|IPR011990|IPR057985|IPR036390,doi:10.1016/j.cell.2021.04.011|imex:IM-12079|imex:IM-12193|imex:IM-21659|imex:IM-29278|pubmed:19490896|pubmed:19615732|pubmed:27705803|pubmed:33961781
O43318,Mitogen-activated protein kinase kinase kinase 7,Homo sapiens,IPR011009|IPR049637|IPR000719|IPR017441|IPR001245|IPR008271,doi:10.1016/j.molcel.2020.07.001|imex:IM-29257|pubmed:32707033
O43396,Thioredoxin-like protein 1,Homo sapiens,IPR008979|IPR010400|IPR037047|IPR036249|IPR017937|IPR013766,imex:IM-12079|pubmed:19615732
O43791,Speckle-type POZ protein,Homo sapiens,IPR056423|IPR000210|IPR002083|IPR011333|IPR034089|IPR008974,doi:10.1016/j.cell.2022.04.014|imex:IM-29493|pubmed:35512704
O60739,Eukaryotic translation initiation factor 1b,Homo sapiens,IPR001950|IPR036877|IPR005874,doi:10.1016/j.celrep.2020.108050|imex:IM-28217|pubmed:17353931|pubmed:32814053
O75150,E3 ubiquitin-protein ligase BRE1B,Homo sapiens,IPR058643|IPR058642|IPR013956|IPR018957|IPR001841|IPR013083|IPR017907,imex:IM-24272|pubmed:26496610
O75179,Ankyrin repeat domain-containing protein 17,Homo sapiens,IPR051631|IPR002110|IPR036770|IPR047375|IPR004087|IPR004088|IPR036612,imex:IM-12079|pubmed:19615732
O75317,Ubiquitin carboxyl-terminal hydrolase 12,Homo sapiens,IPR038765|IPR050164|IPR001394|IPR028889|IPR018200,imex:IM-12079|pubmed:19615732
O75832,26S proteasome non-ATPase regulatory subunit 10,Homo sapiens,IPR051637|IPR002110|IPR036770,doi:10.1016/j.cell.2021.04.011|imex:IM-12079|imex:IM-12193|imex:IM-29278|pubmed:19490896|pubmed:19615732|pubmed:33961781
O75940,Survival of motor neuron-related-splicing factor 30,Homo sapiens,IPR010304|IPR002999,imex:IM-30059|pubmed:39251607
O95218,Zinc finger Ran-binding domain-containing protein 2,Homo sapiens,IPR001876|IPR036443|IPR017337,imex:IM-30059|pubmed:39251607
O95600,Krueppel-like factor 8,Homo sapiens,IPR036236|IPR013087,imex:IM-28767|pubmed:35140242
O95777,U6 snRNA-associated Sm-like protein LSm8,Homo sapiens,IPR034103|IPR010920|IPR044642|IPR047575|IPR001163,doi:10.1016/j.celrep.2020.108050|imex:IM-28217|pubmed:32814053
O95789,Zinc finger MYM-type protein 6,Homo sapiens,IPR012337|IPR011017|IPR010507|IPR051284,doi:10.1016/j.cell.2021.04.011|doi:10.1038/nature22366|imex:IM-25778|imex:IM-29278|pubmed:28514442|pubmed:33961781
O96006,E3 SUMO-protein ligase ZBED1,Homo sapiens,IPR008906|IPR012337|IPR052717|IPR003656|IPR036236,imex:IM-23318|pubmed:25416956
P00441,Superoxide dismutase [Cu-Zn],Homo sapiens,IPR036423|IPR024134|IPR018152|IPR001424,doi:10.1016/j.cels.2017.10.010|imex:IM-26363|pubmed:29128334
P00533,Epidermal growth factor receptor,Homo sapiens,IPR006211|IPR006212|IPR032778|IPR009030|IPR011009|IPR000719|IPR017441|IPR000494|IPR036941|IPR050122|IPR001245|IPR049328|IPR008266|IPR020635|IPR016245,doi:10.1016/j.cell.2022.04.014|imex:IM-17166|imex:IM-26434|imex:IM-29493|pubmed:20029029|pubmed:31980649|pubmed:35512704
P01106,Myc proto-oncogene protein,Homo sapiens,IPR011598|IPR036638|IPR003327|IPR050433|IPR002418|IPR012682,imex:IM-28767|pubmed:35140242
P04637,Cellular tumor antigen p53,Homo sapiens,IPR008967|IPR012346|IPR057064|IPR011615|IPR040926|IPR036674|IPR010991|IPR013872|IPR002117,doi:10.1016/j.celrep.2020.108050|imex:IM-28217|pubmed:32814053
P05067,Amyloid-beta precursor protein,Homo sapiens,IPR036669|IPR008155|IPR013803|IPR037071|IPR011178|IPR024329|IPR008154|IPR015849|IPR036454|IPR019745|IPR019543|IPR019744|IPR036176|IPR002223|IPR036880|IPR011993|IPR020901,doi:10.1016/j.celrep.2020.108050|imex:IM-20090|imex:IM-28217|pubmed:16049941|pubmed:32814053
P05067-2,Isoform APP305 of Amyloid-beta precursor protein,Homo sapiens,Brak InterPro kodów dla tego białka.,doi:10.1016/j.celrep.2020.108050|imex:IM-28217|pubmed:32814053
P07910,Heterogeneous nuclear ribonucleoproteins C1/C2,Homo sapiens,IPR017347|IPR012677|IPR035979|IPR000504|IPR051186,imex:IM-30059|pubmed:39251607
P08922,Proto-oncogene tyrosine-protein kinase ROS,Homo sapiens,IPR011042|IPR003961|IPR036116|IPR013783|IPR011009|IPR000033|IPR000719|IPR017441|IPR050122|IPR001245|IPR008266|IPR020635|IPR002011,imex:IM-29494|pubmed:35384245
P09936-2,Isoform 2 of Ubiquitin carboxyl-terminal hydrolase isozyme L1,Homo sapiens,Brak InterPro kodów dla tego białka.,imex:IM-30146|pubmed:37316325
P09936-3,Isoform 3 of Ubiquitin carboxyl-terminal hydrolase isozyme L1,Homo sapiens,Brak InterPro kodów dla tego białka.,imex:IM-30146|pubmed:37316325
P0C1Z6,TCF3 fusion partner,Homo sapiens,IPR056513|IPR033555,doi:10.1016/j.cell.2021.04.011|imex:IM-12079|imex:IM-29278|pubmed:19615732|pubmed:33961781
P0CG47,Polyubiquitin-B,Homo sapiens,IPR000626|IPR029071|IPR019954|IPR019956|IPR050158,imex:IM-16517|mint:MINT-5217955|pubmed:15531586|pubmed:16169070
P0DTC3,ORF3a protein,Severe acute respiratory syndrome coronavirus 2,IPR046446|IPR046445|IPR024407,doi:10.1101/2020.06.17.156455|imex:IM-28109|pmc:PPR177217|pubmed:33845483
P0DTC7,ORF7a protein,Severe acute respiratory syndrome coronavirus 2,IPR044390|IPR014888|IPR044871|IPR036495,doi:10.1101/2020.03.31.019216|imex:IM-27901|pmc:PPR138438|pubmed:32838362
P10242,Transcriptional activator Myb,Homo sapiens,IPR015395|IPR009057|IPR017930|IPR050560|IPR001005|IPR012642,imex:IM-28767|pubmed:35140242
P10636-8,Isoform Tau-F of Microtubule-associated protein tau,Homo sapiens,Brak InterPro kodów dla tego białka.,imex:IM-29773|pubmed:35063084
P11484,Ribosome-associated molecular chaperone SSB1,Saccharomyces cerevisiae (strain ATCC 204508 / S288c),IPR043129|IPR018181|IPR029048|IPR029047|IPR013126,pubmed:19536198
P11908,Ribose-phosphate pyrophosphokinase 2,Homo sapiens,IPR000842|IPR029099|IPR029057|IPR000836|IPR005946|IPR037515,doi:10.1016/j.cell.2021.04.011|imex:IM-29278|pubmed:33961781
P13473-2,Isoform LAMP-2B of Lysosome-associated membrane glycoprotein 2,Homo sapiens,Brak InterPro kodów dla tego białka.,doi:10.1016/j.celrep.2020.108050|imex:IM-28217|pubmed:32814053
P13569,Cystic fibrosis transmembrane conductance regulator,Homo sapiens,IPR003593|IPR011527|IPR036640|IPR003439|IPR017871|IPR050173|IPR009147|IPR047082|IPR025837|IPR027417,imex:IM-27204|imex:IM-29540|pubmed:29924966|pubmed:36012204
P14921,Protein C-ets-1,Homo sapiens,IPR045688|IPR000418|IPR046328|IPR003118|IPR013761|IPR041886|IPR016311|IPR036388|IPR036390,imex:IM-28767|pubmed:35140242
P15056,Serine/threonine-protein kinase B-raf,Homo sapiens,IPR046349|IPR020454|IPR011009|IPR002219|IPR000719|IPR017441|IPR003116|IPR001245|IPR008271|IPR051681|IPR029071,doi:10.1016/j.cell.2022.04.014|imex:IM-29493|pubmed:35512704
P15172,Myoblast determination protein 1,Homo sapiens,IPR011598|IPR036638|IPR022032|IPR002546|IPR039704,imex:IM-28767|pubmed:35140242
P15884,Transcription factor 4,Homo sapiens,IPR011598|IPR036638|IPR051098,imex:IM-29810|pubmed:37207277
P16220,Cyclic AMP-responsive element-binding protein 1,Homo sapiens,IPR004827|IPR046347|IPR003102|IPR001630,imex:IM-30532|pubmed:38884001
P17706,Tyrosine-protein phosphatase non-receptor type 2,Homo sapiens,IPR051985|IPR029021|IPR000242|IPR012265|IPR016130|IPR003595|IPR000387,imex:IM-12079|pubmed:19615732
P17980,26S proteasome regulatory subunit 6A,Homo sapiens,IPR050221|IPR003593|IPR041569|IPR003959|IPR003960|IPR012340|IPR027417|IPR032501,doi:10.1016/j.cell.2021.04.011|imex:IM-12079|imex:IM-12193|imex:IM-29278|pubmed:19490896|pubmed:19615732|pubmed:33961781
P18431-3,Isoform SGG39 of Protein kinase shaggy,Drosophila melanogaster,Brak InterPro kodów dla tego białka.,imex:IM-16527|pubmed:25294943
P18846,Cyclic AMP-dependent transcription factor ATF-1,Homo sapiens,IPR004827|IPR046347|IPR003102|IPR001630,imex:IM-30532|pubmed:38884001
P18847,Cyclic AMP-dependent transcription factor ATF-3,Homo sapiens,IPR000837|IPR004827|IPR046347,doi:10.1016/j.celrep.2020.108050|imex:IM-28217|pubmed:32814053
P19013,Keratin, type II cytoskeletal 4,Homo sapiens,IPR018039|IPR039008|IPR032444|IPR003054,imex:IM-12079|pubmed:19615732
P19474,E3 ubiquitin-protein ligase TRIM21,Homo sapiens,IPR001870|IPR043136|IPR003879|IPR013320|IPR006574|IPR035831|IPR003877|IPR050143|IPR003613|IPR000315|IPR020457|IPR018957|IPR001841|IPR013083|IPR017907,doi:10.1016/j.celrep.2020.108050|imex:IM-28217|pubmed:32814053
P20618,Proteasome subunit beta type-1,Homo sapiens,IPR029055|IPR016050|IPR001353|IPR023333,imex:IM-12193|pubmed:19490896
P21580,Tumor necrosis factor alpha-induced protein 3,Homo sapiens,IPR051346|IPR003323|IPR002653,imex:IM-30229|pubmed:30402268
P22314,Ubiquitin-like modifier-activating enzyme 1,Homo sapiens,IPR032420|IPR032418|IPR042302|IPR045886|IPR000594|IPR018965|IPR042449|IPR038252|IPR019572|IPR042063|IPR035985|IPR018075|IPR018074|IPR033127|IPR000011,imex:IM-22822|pubmed:25260751
P23508,Colorectal mutant cancer protein,Homo sapiens,IPR040171|IPR019536,pubmed:17353931
P23769,Endothelial transcription factor GATA-2,Homo sapiens,IPR016374|IPR039355|IPR000679|IPR013088,imex:IM-28767|pubmed:35140242
P24390,ER lumen protein-retaining receptor 1,Homo sapiens,IPR000133,doi:10.1016/j.cell.2021.04.011|imex:IM-29278|pubmed:33961781
P25490,Transcriptional repressor protein YY1,Homo sapiens,IPR017114|IPR036236|IPR013087,doi:10.1016/j.cell.2021.04.011|imex:IM-21659|imex:IM-28767|imex:IM-29278|pubmed:27705803|pubmed:33961781|pubmed:35140242
P25786,Proteasome subunit alpha type-1,Homo sapiens,IPR029055|IPR050115|IPR023332|IPR035144|IPR000426|IPR001353,imex:IM-12193|pubmed:19490896
P25787,Proteasome subunit alpha type-2,Homo sapiens,IPR029055|IPR050115|IPR023332|IPR000426|IPR001353,imex:IM-12193|pubmed:19490896
P25788,Proteasome subunit alpha type-3,Homo sapiens,IPR029055|IPR050115|IPR023332|IPR000426|IPR001353,imex:IM-12193|pubmed:19490896
P25789,Proteasome subunit alpha type-4,Homo sapiens,IPR029055|IPR050115|IPR023332|IPR000426|IPR016050|IPR001353,imex:IM-12193|pubmed:19490896
P26196,Probable ATP-dependent RNA helicase DDX6,Homo sapiens,IPR011545|IPR014001|IPR001650|IPR027417|IPR000629|IPR014014,imex:IM-30059|pubmed:39251607
P26367,Paired box protein Pax-6,Homo sapiens,IPR001356|IPR017970|IPR009057|IPR043182|IPR001523|IPR043565|IPR036388,imex:IM-28767|pubmed:35140242
P28066,Proteasome subunit alpha type-5,Homo sapiens,IPR029055|IPR050115|IPR023332|IPR033812|IPR000426|IPR001353,imex:IM-12193|pubmed:19490896
P28070,Proteasome subunit beta type-4,Homo sapiens,IPR029055|IPR016295|IPR016050|IPR001353|IPR023333,imex:IM-12193|pubmed:19490896
P28072,Proteasome subunit beta type-6,Homo sapiens,IPR029055|IPR000243|IPR016050|IPR001353|IPR023333,imex:IM-12079|pubmed:19615732
P28074,Proteasome subunit beta type-5,Homo sapiens,IPR029055|IPR000243|IPR016050|IPR001353|IPR023333,imex:IM-12079|pubmed:19615732
P29322,Ephrin type-A receptor 8,Homo sapiens,IPR027936|IPR001090|IPR050449|IPR003961|IPR036116|IPR008979|IPR013783|IPR011009|IPR000719|IPR017441|IPR001660|IPR013761|IPR001245|IPR008266|IPR020635|IPR016257|IPR001426,imex:IM-29494|pubmed:35384245
P31314,T-cell leukemia homeobox protein 1,Homo sapiens,IPR001356|IPR020479|IPR017970|IPR009057|IPR042247,imex:IM-28767|pubmed:35140242
P31749,RAC-alpha serine/threonine-protein kinase,Homo sapiens,IPR000961|IPR034676|IPR011009|IPR011993|IPR001849|IPR039026|IPR017892|IPR000719|IPR017441|IPR008271,doi:10.1016/j.cell.2022.04.014|imex:IM-29493|pubmed:35512704
P32519,ETS-related transcription factor Elf-1,Homo sapiens,IPR000418|IPR046328|IPR022084|IPR036388|IPR036390,imex:IM-28767|pubmed:35140242
P33151,Cadherin-5,Homo sapiens,IPR039808|IPR002126|IPR015919|IPR020894|IPR000233|IPR027397,imex:IM-30239|pubmed:39232006
P33416,Heat shock protein 78, mitochondrial,Saccharomyces cerevisiae (strain ATCC 204508 / S288c),IPR003593|IPR003959|IPR019489|IPR001270|IPR018368|IPR028299|IPR041546|IPR050130|IPR027417,pubmed:19536198
P35680,Hepatocyte nuclear factor 1-beta,Homo sapiens,IPR001356|IPR039066|IPR006899|IPR044869|IPR023219|IPR006897|IPR044866|IPR009057|IPR010982,imex:IM-28767|pubmed:35140242
P35998,26S proteasome regulatory subunit 7,Homo sapiens,IPR050221|IPR003593|IPR041569|IPR003959|IPR003960|IPR012340|IPR048723|IPR027417,doi:10.1016/j.cell.2021.04.011|imex:IM-12079|imex:IM-12193|imex:IM-21659|imex:IM-29278|pubmed:19490896|pubmed:19615732|pubmed:27705803|pubmed:33961781
P36507,Dual specificity mitogen-activated protein kinase kinase 2,Homo sapiens,IPR011009|IPR050915|IPR000719|IPR017441|IPR008271,doi:10.1016/j.molcel.2020.07.001|imex:IM-29257|pubmed:32707033
P36957,Dihydrolipoyllysine-residue succinyltransferase component of 2-oxoglutarate dehydrogenase complex, mitochondrial,Homo sapiens,IPR003016|IPR050537|IPR001078|IPR000089|IPR023213|IPR011053|IPR006255,doi:10.1016/j.cels.2017.10.010|imex:IM-26363|pubmed:29128334
P40337,von Hippel-Lindau disease tumor suppressor,Homo sapiens,IPR024048|IPR037139|IPR024053|IPR037140|IPR036208|IPR022772,pubmed:17353931
P41235,Hepatocyte nuclear factor 4-alpha,Homo sapiens,IPR049636|IPR049635|IPR035500|IPR000536|IPR050274|IPR001723|IPR001628|IPR013088,imex:IM-28767|pubmed:35140242
P41970,ETS domain-containing protein Elk-3,Homo sapiens,IPR000418|IPR046328|IPR036388|IPR036390,imex:IM-28767|pubmed:35140242
P43686,26S proteasome regulatory subunit 6B,Homo sapiens,IPR050221|IPR003593|IPR041569|IPR003959|IPR003960|IPR012340|IPR027417|IPR032501,doi:10.1016/j.cell.2021.04.011|imex:IM-12079|imex:IM-12193|imex:IM-21659|imex:IM-29278|pubmed:19490896|pubmed:19615732|pubmed:27705803|pubmed:33961781
P45973,Chromobox protein homolog 5,Homo sapiens,IPR016197|IPR000953|IPR017984|IPR023780|IPR008251|IPR023779|IPR051219,doi:10.15252/msb.20156660|imex:IM-25015|pubmed:27107012
P46527,Cyclin-dependent kinase inhibitor 1B,Homo sapiens,IPR003175|IPR044898,pubmed:12082530
P48039,Melatonin receptor type 1A,Homo sapiens,IPR000276|IPR017452|IPR002278|IPR000025,imex:IM-24624|pubmed:26514267
P48556,26S proteasome non-ATPase regulatory subunit 8,Homo sapiens,IPR006746|IPR033464|IPR000717,doi:10.1016/j.cell.2021.04.011|imex:IM-12079|imex:IM-12193|imex:IM-21659|imex:IM-29278|pubmed:19490896|pubmed:19615732|pubmed:27705803|pubmed:33961781
P49354-3,Isoform 3 of Protein farnesyltransferase/geranylgeranyltransferase type-1 subunit alpha,Homo sapiens,Brak InterPro kodów dla tego białka.,imex:IM-30146|pubmed:37316325
P49674,Casein kinase I isoform epsilon,Homo sapiens,IPR050235|IPR011009|IPR000719|IPR017441|IPR008271,imex:IM-24272|pubmed:26496610
P49716,CCAAT/enhancer-binding protein delta,Homo sapiens,IPR004827|IPR046347|IPR031106|IPR016468,imex:IM-30532|pubmed:38884001
P49720,Proteasome subunit beta type-3,Homo sapiens,IPR029055|IPR033811|IPR016050|IPR001353|IPR023333,imex:IM-12079|imex:IM-12193|pubmed:19490896|pubmed:19615732
P49721,Proteasome subunit beta type-2,Homo sapiens,IPR029055|IPR035206|IPR016050|IPR001353|IPR023333,imex:IM-12193|pubmed:19490896
P51571,Translocon-associated protein subunit delta,Homo sapiens,IPR008855,imex:IM-21659|pubmed:27705803
P51610,Host cell factor 1,Homo sapiens,IPR003961|IPR036116|IPR043536|IPR013783|IPR015915|IPR059124,doi:10.1016/j.cell.2021.04.011|imex:IM-11719|imex:IM-12079|imex:IM-21659|imex:IM-29278|pubmed:19615732|pubmed:20360068|pubmed:27705803|pubmed:33961781
P51665,26S proteasome non-ATPase regulatory subunit 7,Homo sapiens,IPR024969|IPR000555|IPR037518|IPR033858,doi:10.1016/j.cell.2021.04.011|imex:IM-12079|imex:IM-12193|imex:IM-21659|imex:IM-29278|pubmed:19490896|pubmed:19615732|pubmed:27705803|pubmed:33961781
P52788,Spermine synthase,Homo sapiens,IPR030374|IPR030373|IPR029063|IPR035246|IPR037163|IPR015576|IPR040900,imex:IM-24272|pubmed:26496610
P53919,H/ACA ribonucleoprotein complex non-core subunit NAF1,Saccharomyces cerevisiae (strain ATCC 204508 / S288c),IPR038664|IPR007504|IPR040309|IPR009000,pubmed:14690591
P54578,Ubiquitin carboxyl-terminal hydrolase 14,Homo sapiens,IPR038765|IPR001394|IPR000626|IPR029071|IPR019954|IPR044635|IPR028889|IPR018200,imex:IM-12079|imex:IM-12193|pubmed:19490896|pubmed:19615732
P54727,Lysine-specific demethylase RAD23B,Homo sapiens,IPR004806|IPR041811|IPR006636|IPR015940|IPR009060|IPR000626|IPR029071|IPR015360|IPR036353,imex:IM-12079|pubmed:19615732
P55036,26S proteasome non-ATPase regulatory subunit 4,Homo sapiens,IPR027040|IPR049590|IPR003903|IPR002035|IPR036465,doi:10.1016/j.cell.2021.04.011|imex:IM-12079|imex:IM-12193|imex:IM-21659|imex:IM-29278|pubmed:19490896|pubmed:19615732|pubmed:27705803|pubmed:33961781
P55072,Transitional endoplasmic reticulum ATPase,Homo sapiens,IPR003593|IPR005938|IPR050168|IPR041569|IPR009010|IPR003959|IPR003960|IPR004201|IPR029067|IPR003338|IPR027417,imex:IM-30119|pubmed:37776851
P56537,Eukaryotic translation initiation factor 6,Homo sapiens,IPR002769,pubmed:17353931
P57078,Receptor-interacting serine/threonine-protein kinase 4,Homo sapiens,IPR002110|IPR036770|IPR011009|IPR000719|IPR017441|IPR008271,doi:10.1016/j.molcel.2020.07.001|imex:IM-22750|imex:IM-29257|pubmed:26972000|pubmed:32707033
P60122,RuvB-like 1,Mus musculus,IPR003593|IPR027417|IPR027238|IPR041048|IPR042487|IPR010339,imex:IM-24272|pubmed:26496610
P60484,Phosphatidylinositol 3,4,5-trisphosphate 3-phosphatase and dual-specificity protein phosphatase PTEN,Homo sapiens,IPR017361|IPR035892|IPR051281|IPR029021|IPR045101|IPR014020|IPR029023|IPR016130|IPR003595|IPR000387,doi:10.1016/j.cell.2022.04.014|imex:IM-29493|pubmed:35512704
P60842-3,Isoform 3 of Eukaryotic initiation factor 4A-I,Homo sapiens,Brak InterPro kodów dla tego białka.,imex:IM-30146|pubmed:37316325
P60900,Proteasome subunit alpha type-6,Homo sapiens,IPR029055|IPR050115|IPR023332|IPR000426|IPR001353|IPR034642,imex:IM-12193|pubmed:19490896
P61086,Ubiquitin-conjugating enzyme E2 K,Homo sapiens,IPR015940|IPR009060|IPR000608|IPR042599|IPR023313|IPR016135,doi:10.1016/j.celrep.2020.108050|imex:IM-28217|pubmed:32814053
P61088,Ubiquitin-conjugating enzyme E2 N,Homo sapiens,IPR000608|IPR023313|IPR016135,imex:IM-22822|pubmed:25260751
P61289,Proteasome activator complex subunit 3,Homo sapiens,IPR003186|IPR036997|IPR036996|IPR009077|IPR003185|IPR036252,doi:10.1016/j.cell.2021.04.011|imex:IM-12079|imex:IM-29278|pubmed:19615732|pubmed:33961781
P61289-2,Isoform 2 of Proteasome activator complex subunit 3,Homo sapiens,Brak InterPro kodów dla tego białka.,doi:10.1038/nature22366|imex:IM-25778|pubmed:28514442
P61759,Prefoldin subunit 3,Mus musculus,IPR016655|IPR009053|IPR004127,imex:IM-24272|pubmed:26496610
P61981,14-3-3 protein gamma,Homo sapiens,IPR000308|IPR023409|IPR036815|IPR023410,imex:IM-30059|pubmed:39251607
P62191,26S proteasome regulatory subunit 4,Homo sapiens,IPR050221|IPR003593|IPR041569|IPR003959|IPR003960|IPR012340|IPR027417|IPR032501,doi:10.1016/j.cell.2021.04.011|imex:IM-12079|imex:IM-12193|imex:IM-24272|imex:IM-29278|pubmed:19490896|pubmed:19615732|pubmed:26496610|pubmed:33961781
P62193,26S proteasome regulatory subunit 4,Rattus norvegicus,IPR050221|IPR003593|IPR041569|IPR003959|IPR003960|IPR012340|IPR027417|IPR032501,imex:IM-29994|pubmed:37228199
P62195,26S proteasome regulatory subunit 8,Homo sapiens,IPR050221|IPR003593|IPR041569|IPR003959|IPR003960|IPR012340|IPR027417|IPR032501,doi:10.1016/j.cell.2021.04.011|imex:IM-12079|imex:IM-12193|imex:IM-21659|imex:IM-29278|pubmed:19490896|pubmed:19615732|pubmed:27705803|pubmed:33961781
P62333,26S proteasome regulatory subunit 10B,Homo sapiens,IPR050221|IPR003593|IPR041569|IPR003959|IPR003960|IPR012340|IPR027417|IPR032501,doi:10.1016/j.cell.2021.04.011|imex:IM-12079|imex:IM-12193|imex:IM-21659|imex:IM-29278|pubmed:19490896|pubmed:19615732|pubmed:27705803|pubmed:33961781
P62753,Small ribosomal subunit protein eS6,Homo sapiens,IPR001377|IPR014401|IPR018282,imex:IM-26301|pubmed:29568061
P62826,GTP-binding nuclear protein Ran,Homo sapiens,IPR027417|IPR002041|IPR005225|IPR001806,doi:10.1016/j.celrep.2020.108050|imex:IM-28217|pubmed:32814053
P63010-2,Isoform 2 of AP-2 complex subunit beta,Homo sapiens,Brak InterPro kodów dla tego białka.,doi:10.1016/j.celrep.2020.108050|imex:IM-28217|pubmed:32814053
P63279,SUMO-conjugating enzyme UBC9,Homo sapiens,IPR050113|IPR000608|IPR023313|IPR016135,pubmed:12082530
P83916,Chromobox protein homolog 1,Homo sapiens,IPR016197|IPR000953|IPR017984|IPR023780|IPR008251|IPR023779|IPR051219,doi:10.1016/j.celrep.2020.108050|imex:IM-12079|imex:IM-16517|imex:IM-28217|mint:MINT-5217955|pubmed:16169070|pubmed:19615732|pubmed:32814053
P85037,Forkhead box protein K1,Homo sapiens,IPR047394|IPR000253|IPR001766|IPR008984|IPR018122|IPR030456|IPR036388|IPR036390,doi:10.1016/j.cell.2021.04.011|imex:IM-12079|imex:IM-21659|imex:IM-24272|imex:IM-29278|pubmed:19615732|pubmed:26496610|pubmed:27705803|pubmed:33961781
Q01094,Transcription factor E2F1,Homo sapiens,IPR015633|IPR037241|IPR032198|IPR003316|IPR036388|IPR036390,imex:IM-28767|pubmed:35140242
Q01167,Forkhead box protein K2,Homo sapiens,IPR047397|IPR000253|IPR047398|IPR001766|IPR008984|IPR018122|IPR030456|IPR036388|IPR036390,doi:10.1016/j.cell.2021.04.011|imex:IM-12079|imex:IM-21659|imex:IM-29278|pubmed:19615732|pubmed:27705803|pubmed:33961781
Q02763,Angiopoietin-1 receptor,Homo sapiens,IPR000742|IPR003961|IPR036116|IPR007110|IPR036179|IPR013783|IPR011009|IPR002049|IPR000719|IPR017441|IPR050122|IPR001245|IPR018941|IPR008266|IPR020635,imex:IM-29494|pubmed:35384245
Q04695,Keratin, type I cytoskeletal 17,Homo sapiens,IPR018039|IPR039008|IPR002957,imex:IM-12079|pubmed:19615732
Q05086,Ubiquitin-protein ligase E3A,Homo sapiens,IPR032353|IPR042556|IPR044611|IPR000569|IPR035983|IPR017134,doi:10.1016/j.cell.2021.04.011|imex:IM-29278|pubmed:33961781
Q05086-2,Isoform I of Ubiquitin-protein ligase E3A,Homo sapiens,Brak InterPro kodów dla tego białka.,doi:10.1016/j.jmb.2018.01.021|imex:IM-26302|pubmed:29426014
Q05513,Protein kinase C zeta type,Homo sapiens,IPR000961|IPR034662|IPR046349|IPR047314|IPR020454|IPR011009|IPR053793|IPR034877|IPR000270|IPR012233|IPR002219|IPR017892|IPR000719|IPR017441|IPR008271,doi:10.1016/j.molcel.2020.07.001|imex:IM-29257|pubmed:32707033
Q05925,Homeobox protein engrailed-1,Homo sapiens,IPR050720|IPR001356|IPR000747|IPR020479|IPR019549|IPR019737|IPR017970|IPR009057,imex:IM-28767|pubmed:35140242
Q06124,Tyrosine-protein phosphatase non-receptor type 11,Homo sapiens,IPR029021|IPR000242|IPR000980|IPR036860|IPR016130|IPR003595|IPR000387|IPR012152,doi:10.1016/j.cell.2022.04.014|imex:IM-29493|pubmed:35512704
Q06787,Fragile X messenger ribonucleoprotein 1,Homo sapiens,IPR008395|IPR040148|IPR022034|IPR032196|IPR040472|IPR004087|IPR004088|IPR036612|IPR047438|IPR047440|IPR047431|IPR047436|IPR041560,imex:IM-26801|pubmed:31413325
Q08460,Calcium-activated potassium channel subunit alpha-1,Mus musculus,IPR005821|IPR003929|IPR047871|IPR036291|IPR003148|IPR048735,imex:IM-9475|pubmed:19423573
Q09289,Proteasomal ubiquitin receptor ADRM1 homolog,Caenorhabditis elegans,IPR044867|IPR006773|IPR044868|IPR038633|IPR032368|IPR038108,imex:IM-16523|mint:MINT-5216848|pubmed:14704431
Q12866,Tyrosine-protein kinase Mer,Homo sapiens,IPR003961|IPR036116|IPR007110|IPR036179|IPR013783|IPR003599|IPR013151|IPR011009|IPR000719|IPR017441|IPR050122|IPR001245|IPR008266|IPR020635,imex:IM-29494|pubmed:35384245
Q13113,PDZK1-interacting protein 1,Homo sapiens,IPR031627,doi:10.1016/j.celrep.2020.108050|imex:IM-28217|pubmed:32814053
Q13185,Chromobox protein homolog 3,Homo sapiens,IPR038033|IPR016197|IPR000953|IPR017984|IPR023780|IPR008251|IPR023779|IPR051219,imex:IM-12079|pubmed:19615732
Q13200,26S proteasome non-ATPase regulatory subunit 2,Homo sapiens,IPR016643|IPR011989|IPR016024|IPR002015|IPR041433|IPR040892,doi:10.1016/j.cell.2021.04.011|imex:IM-12079|imex:IM-12193|imex:IM-21659|imex:IM-29278|pubmed:19490896|pubmed:19615732|pubmed:27705803|pubmed:33961781
Q13330,Metastasis-associated protein MTA1,Homo sapiens,IPR001025|IPR043151|IPR000949|IPR009057|IPR040138|IPR035170|IPR001005|IPR017884|IPR000679,imex:IM-24279|pubmed:26028330
Q13404,Ubiquitin-conjugating enzyme E2 variant 1,Homo sapiens,IPR000608|IPR016135,imex:IM-22822|pubmed:25260751
Q13485,SMAD family member 4,Homo sapiens,IPR013790|IPR003619|IPR013019|IPR017855|IPR001132|IPR008984|IPR036578,doi:10.1016/j.cell.2022.04.014|imex:IM-29493|pubmed:35512704
Q13557,Calcium/calmodulin-dependent protein kinase type II subunit delta,Homo sapiens,IPR013543|IPR011009|IPR032710|IPR000719|IPR017441|IPR008271,doi:10.1016/j.cell.2021.04.011|imex:IM-29278|pubmed:33961781
Q13557-10,Isoform Delta 10 of Calcium/calmodulin-dependent protein kinase type II subunit delta,Homo sapiens,Brak InterPro kodów dla tego białka.,doi:10.1038/nature22366|imex:IM-25778|pubmed:28514442
Q13618,Cullin-3,Homo sapiens,IPR045093|IPR059120|IPR016157|IPR016158|IPR036317|IPR001373|IPR019559|IPR016159|IPR036388|IPR036390,imex:IM-29810|pubmed:37207277
Q13952,Nuclear transcription factor Y subunit gamma,Homo sapiens,IPR007125|IPR009072|IPR050568,imex:IM-28767|pubmed:35140242
Q14164,Inhibitor of nuclear factor kappa-B kinase subunit epsilon,Homo sapiens,IPR051180|IPR011009|IPR000719|IPR017441|IPR041309|IPR041087,doi:10.1016/j.celrep.2020.108050|imex:IM-28217|pubmed:17353931|pubmed:32814053
Q14192,Four and a half LIM domains protein 2,Homo sapiens,IPR056807|IPR001781,doi:10.1016/j.cell.2021.04.011|imex:IM-29278|pubmed:33961781
Q14558-2,Isoform 2 of Phosphoribosyl pyrophosphate synthase-associated protein 1,Homo sapiens,Brak InterPro kodów dla tego białka.,imex:IM-30146|pubmed:37316325
Q14938,Nuclear factor 1 X-type,Homo sapiens,IPR000647|IPR020604|IPR019739|IPR019548|IPR003619,imex:IM-28767|pubmed:35140242
Q14978,Nucleolar and coiled-body phosphoprotein 1,Homo sapiens,IPR006594|IPR039191|IPR007718,imex:IM-30059|pubmed:39251607
Q14CW9,Ataxin-7-like protein 3,Homo sapiens,IPR013246|IPR013243|IPR051078,imex:IM-11827|mint:MINT-5218676|pubmed:16713569
Q15008,26S proteasome non-ATPase regulatory subunit 6,Homo sapiens,IPR000717|IPR019585|IPR045135|IPR049549|IPR011990|IPR036390,doi:10.1016/j.cell.2021.04.011|imex:IM-12079|imex:IM-12193|imex:IM-29278|pubmed:19490896|pubmed:19615732|pubmed:33961781
Q15051,IQ calmodulin-binding motif-containing protein 1,Homo sapiens,IPR016024|IPR000048|IPR028765|IPR027417,imex:IM-16529|pubmed:21565611
Q15554-4,Isoform 2 of Telomeric repeat-binding factor 2,Homo sapiens,Brak InterPro kodów dla tego białka.,doi:10.1016/j.celrep.2020.108050|imex:IM-28217|pubmed:32814053
Q15723,ETS-related transcription factor Elf-2,Homo sapiens,IPR000418|IPR046328|IPR022084|IPR036388|IPR036390,imex:IM-28767|pubmed:35140242
Q15843,Ubiquitin-like protein NEDD8,Homo sapiens,IPR038738|IPR000626|IPR029071|IPR019954|IPR019956|IPR050158,doi:10.1016/j.celrep.2020.108050|imex:IM-16517|imex:IM-28217|mint:MINT-5217955|pubmed:16169070|pubmed:32814053
Q16186,Proteasomal ubiquitin receptor ADRM1,Homo sapiens,IPR044867|IPR006773|IPR044868|IPR038633|IPR032368|IPR038108,doi:10.1016/j.cell.2021.04.011|doi:10.1038/s41467-019-11959-3|imex:IM-12079|imex:IM-12193|imex:IM-23318|imex:IM-27438|imex:IM-29278|pubmed:19490896|pubmed:19615732|pubmed:25416956|pubmed:31515488|pubmed:33961781
Q16401,26S proteasome non-ATPase regulatory subunit 5,Homo sapiens,IPR011989|IPR016024|IPR019538,doi:10.1016/j.cell.2021.04.011|imex:IM-29278|pubmed:33961781
Q16576,Histone-binding protein RBBP7,Homo sapiens,IPR022052|IPR015943|IPR020472|IPR019775|IPR036322|IPR001680|IPR050459,imex:IM-12079|pubmed:19615732
Q16629,Serine/arginine-rich splicing factor 7,Homo sapiens,IPR012677|IPR035979|IPR000504|IPR034651|IPR001878|IPR036875,imex:IM-30059|pubmed:39251607
Q16650,T-box brain protein 1,Homo sapiens,IPR008967|IPR032385|IPR046360|IPR036960|IPR001699|IPR018186,imex:IM-28767|pubmed:35140242
Q16659,Mitogen-activated protein kinase 6,Homo sapiens,IPR011009|IPR050117|IPR008350|IPR000719|IPR017441|IPR008271,imex:IM-22750|pubmed:26972000
Q16666-2,Isoform 2 of Gamma-interferon-inducible protein 16,Homo sapiens,Brak InterPro kodów dla tego białka.,imex:IM-23523|pubmed:25665578
Q38845,Serine/threonine-protein phosphatase 2A 65 kDa regulatory subunit A alpha isoform,Arabidopsis thaliana,IPR011989|IPR016024|IPR000357|IPR021133|IPR054573|IPR051023,imex:IM-16043|pubmed:21798944
Q39016,Calcium-dependent protein kinase 11,Arabidopsis thaliana,IPR050205|IPR011992|IPR018247|IPR002048|IPR011009|IPR000719|IPR017441|IPR008271,imex:IM-20229|pubmed:19130088
Q3KRB8,Inactive Rho GTPase-activating protein 11B,Homo sapiens,IPR042869|IPR008936|IPR000198,imex:IM-26436|pubmed:32203420
Q49A88,Coiled-coil domain-containing protein 14,Homo sapiens,IPR029343,imex:IM-12079|pubmed:19615732
Q53HC0,Coiled-coil domain-containing protein 92,Homo sapiens,IPR040370|IPR039496,doi:10.1016/j.cell.2021.04.011|imex:IM-29278|pubmed:33961781
Q5JXX7,Transmembrane protein 31,Homo sapiens,Brak InterPro kodów dla tego białka.,doi:10.1016/j.cell.2021.04.011|imex:IM-29278|pubmed:33961781
Q5S007,Leucine-rich repeat serine/threonine-protein kinase 2,Homo sapiens,IPR056593|IPR036770|IPR011989|IPR016024|IPR056597|IPR056602|IPR032171|IPR057263|IPR011009|IPR001611|IPR003591|IPR032675|IPR027417|IPR000719|IPR017441|IPR020859|IPR008271|IPR051420|IPR005225|IPR015943|IPR036322,imex:IM-20537|imex:IM-26684|pubmed:24687852|pubmed:31046837
Q5THK1-4,Isoform 4 of Protein PRR14L,Homo sapiens,Brak InterPro kodów dla tego białka.,imex:IM-24272|pubmed:26496610
Q5U651,Ras-interacting protein 1,Homo sapiens,IPR037983|IPR002710|IPR000159|IPR008984|IPR029071|IPR052072,imex:IM-24272|pubmed:26496610
Q5XKL5,BTB/POZ domain-containing protein 8,Homo sapiens,IPR043225|IPR000210|IPR040121|IPR027907|IPR011333,imex:IM-24272|pubmed:26496610
Q62925,Mitogen-activated protein kinase kinase kinase 1,Rattus norvegicus,IPR011989|IPR016024|IPR011009|IPR000719|IPR017441|IPR008271|IPR001841|IPR013083|IPR007527,imex:IM-22822|pubmed:25260751
Q676U5-1,Isoform 1 of Autophagy-related protein 16-1,Homo sapiens,Brak InterPro kodów dla tego białka.,imex:IM-29997|pubmed:31015422
Q6DN90-2,Isoform 2 of IQ motif and SEC7 domain-containing protein 1,Homo sapiens,Brak InterPro kodów dla tego białka.,doi:10.1016/j.celrep.2020.108050|imex:IM-28217|pubmed:32814053
Q6K0P9,Pyrin and HIN domain-containing protein 1,Homo sapiens,IPR004020|IPR011029|IPR040205|IPR004021|IPR012340,imex:IM-23523|pubmed:25665578
Q6P4R8,Nuclear factor related to kappa-B-binding protein,Homo sapiens,IPR044867|IPR024867|IPR025220|IPR057748|IPR038106,doi:10.1016/j.cell.2021.04.011|imex:IM-12079|imex:IM-23318|imex:IM-29278|pubmed:19615732|pubmed:25416956|pubmed:33961781
Q6PCT9,26S proteasome non-ATPase regulatory subunit 6,Rattus norvegicus,IPR000717|IPR019585|IPR045135|IPR049549|IPR011990|IPR036390,imex:IM-29994|pubmed:37228199
Q6PI98,INO80 complex subunit C,Homo sapiens,IPR029525|IPR013272,doi:10.1016/j.cell.2021.04.011|imex:IM-29278|pubmed:33961781
Q76L83,Putative Polycomb group protein ASXL2,Homo sapiens,IPR026905|IPR024811|IPR028020|IPR007759|IPR044867,doi:10.1016/j.cell.2021.04.011|imex:IM-11719|imex:IM-12079|imex:IM-21659|imex:IM-29278|pubmed:19615732|pubmed:20360068|pubmed:27705803|pubmed:33961781
Q76L83-2,Isoform 2 of Putative Polycomb group protein ASXL2,Homo sapiens,Brak InterPro kodów dla tego białka.,doi:10.1038/nature22366|imex:IM-25778|pubmed:28514442
Q7K2G1,Proteasomal ubiquitin receptor ADRM1 homolog,Drosophila melanogaster,IPR044867|IPR006773|IPR044868|IPR038633|IPR032368|IPR038108,imex:IM-16524|imex:IM-28761|mint:MINT-5216804|pubmed:14605208|pubmed:37061542
Q7KZS0,SUMO-conjugating enzyme UBC9,Homo sapiens,IPR050113|IPR000608|IPR023313|IPR016135,doi:10.1016/j.celrep.2020.108050|imex:IM-28217|pubmed:32814053
Q7L5N1,COP9 signalosome complex subunit 6,Homo sapiens,IPR024969|IPR000555|IPR037518|IPR033859,imex:IM-12079|pubmed:19615732
Q7Z494,Nephrocystin-3,Homo sapiens,IPR056884|IPR056886|IPR056883|IPR027417|IPR011990|IPR056885|IPR019734,doi:10.1016/j.cell.2021.04.011|imex:IM-29278|pubmed:33961781
Q7Z699,Sprouty-related, EVH1 domain-containing protein 1,Homo sapiens,IPR023337|IPR011993|IPR041937|IPR007875|IPR000697,doi:10.1016/j.celrep.2020.108050|imex:IM-28217|pubmed:32814053
Q86TP1,Exopolyphosphatase PRUNE1,Homo sapiens,IPR001667|IPR038763|IPR004097|IPR038222,imex:IM-30146|pubmed:37316325
Q86TP1-1,Isoform 1 of Exopolyphosphatase PRUNE1,Homo sapiens,Brak InterPro kodów dla tego białka.,imex:IM-30146|pubmed:37316325
Q86WB0-2,Isoform 2 of Zinc finger C3HC-type protein 1,Homo sapiens,Brak InterPro kodów dla tego białka.,doi:10.1016/j.celrep.2020.108050|imex:IM-28217|pubmed:32814053
Q86XP3,ATP-dependent RNA helicase DDX42,Homo sapiens,IPR011545|IPR014001|IPR001650|IPR027417|IPR000629|IPR014014,imex:IM-24272|pubmed:26496610
Q86Y56,Dynein axonemal assembly factor 5,Homo sapiens,IPR011989|IPR016024|IPR052623|IPR000357|IPR056497|IPR021133|IPR034085|IPR057978,imex:IM-24272|pubmed:26496610
Q8CG73,Protein fantom,Mus musculus,IPR021656|IPR000008|IPR035892|IPR041091|IPR031139,imex:IM-16529|pubmed:21565611
Q8GWE6,Enhanced ethylene response protein 5,Arabidopsis thaliana,IPR045114|IPR000717|IPR036388,imex:IM-20458|pubmed:19843313
Q8IWZ3,Ankyrin repeat and KH domain-containing protein 1,Homo sapiens,IPR051631|IPR002110|IPR036770|IPR047374|IPR004087|IPR004088|IPR036612,doi:10.1016/j.cell.2021.04.011|imex:IM-12079|imex:IM-29278|pubmed:19615732|pubmed:33961781
Q8IX15,Homeobox and leucine zipper protein Homez,Homo sapiens,IPR001356|IPR009057|IPR024578,imex:IM-24272|pubmed:26496610
Q8IXJ9,Polycomb group protein ASXL1,Homo sapiens,IPR026905|IPR024811|IPR028020|IPR007759|IPR044867,doi:10.1016/j.cell.2021.04.011|imex:IM-11719|imex:IM-12079|imex:IM-17716|imex:IM-21659|imex:IM-24272|imex:IM-29278|pubmed:19615732|pubmed:20360068|pubmed:22897849|pubmed:26496610|pubmed:27705803|pubmed:33961781
Q8K0Q5,Rho GTPase-activating protein 18,Mus musculus,IPR057323|IPR008936|IPR000198|IPR060072,imex:IM-26436|pubmed:32203420
Q8N302,Angiogenic factor with G patch and FHA domains 1,Homo sapiens,IPR053027|IPR035624|IPR000253|IPR000467|IPR041591|IPR008984,imex:IM-30059|pubmed:39251607
Q8N5P1,Zinc finger CCCH domain-containing protein 8,Homo sapiens,IPR045124|IPR054361|IPR000571|IPR036855,imex:IM-30059|pubmed:39251607
Q8N6T3-3,Isoform 3 of ADP-ribosylation factor GTPase-activating protein 1,Homo sapiens,Brak InterPro kodów dla tego białka.,doi:10.1016/j.celrep.2020.108050|imex:IM-28217|pubmed:32814053
Q8NB78,Lysine-specific histone demethylase 2,Homo sapiens,IPR002937|IPR036188|IPR050281|IPR009057|IPR007526|IPR036388|IPR011124,doi:10.1016/j.cell.2021.04.011|imex:IM-12079|imex:IM-21659|imex:IM-24272|imex:IM-29278|pubmed:19615732|pubmed:26496610|pubmed:27705803|pubmed:33961781
Q8NBZ0,INO80 complex subunit E,Homo sapiens,IPR026678|IPR056515,doi:10.1016/j.cell.2021.04.011|imex:IM-12079|imex:IM-29278|pubmed:19615732|pubmed:33961781
Q8NI37,Protein phosphatase PTC7 homolog,Homo sapiens,IPR036457|IPR001932|IPR039123,imex:IM-25671|pubmed:28330616
Q8TAI7,GTPase RhebL1,Homo sapiens,IPR027417|IPR005225|IPR001806|IPR020849,doi:10.1016/j.celrep.2020.108050|imex:IM-28217|pubmed:32814053
Q8TC29,Enkurin,Homo sapiens,IPR027012|IPR052102,doi:10.1016/j.celrep.2020.108050|imex:IM-28217|pubmed:32814053
Q8TCF1-1,Isoform 1 of AN1-type zinc finger protein 1,Homo sapiens,Brak InterPro kodów dla tego białka.,imex:IM-30146|pubmed:37316325
Q8TCT1,Phosphoethanolamine/phosphocholine phosphatase,Homo sapiens,IPR036412|IPR006384|IPR023214|IPR016965,imex:IM-25671|pubmed:28330616
Q8TEX9,Importin-4,Homo sapiens,IPR011989|IPR016024|IPR021133|IPR058584|IPR001494|IPR040122|IPR034085|IPR057672,imex:IM-12079|pubmed:19615732
Q8WTW3,Conserved oligomeric Golgi complex subunit 1,Homo sapiens,IPR033370,imex:IM-24272|pubmed:26496610
Q8WUW1,Protein BRICK1,Homo sapiens,IPR033378,doi:10.1016/j.celrep.2020.108050|imex:IM-28217|pubmed:32814053
Q8WV99,AN1-type zinc finger protein 2B,Homo sapiens,IPR035896|IPR003903|IPR057357|IPR000058,doi:10.1016/j.cell.2021.04.011|imex:IM-29278|pubmed:33961781
Q8WVV9-3,Isoform 3 of Heterogeneous nuclear ribonucleoprotein L-like,Homo sapiens,Brak InterPro kodów dla tego białka.,doi:10.1016/j.celrep.2020.108050|imex:IM-28217|pubmed:32814053
Q8WYQ5,Microprocessor complex subunit DGCR8,Homo sapiens,IPR040375|IPR014720|IPR001202|IPR036020,imex:IM-30059|pubmed:39251607
Q8ZA28,C4-dicarboxylate transport protein,Yersinia pestis,IPR023954|IPR001991|IPR018107|IPR036458,imex:IM-13779|pubmed:20711500
Q92905,COP9 signalosome complex subunit 5,Homo sapiens,IPR040961|IPR000555|IPR050242|IPR037518,imex:IM-12079|pubmed:12082530|pubmed:19615732
Q944A6,Sucrose nonfermenting 4-like protein,Arabidopsis thaliana,IPR032640|IPR050511|IPR000644|IPR046342|IPR013783|IPR014756,imex:IM-30002|pubmed:39307424
Q969H0,F-box/WD repeat-containing protein 7,Homo sapiens,IPR036047|IPR001810|IPR056153|IPR015943|IPR020472|IPR019775|IPR036322|IPR001680,doi:10.1016/j.cell.2022.04.014|imex:IM-29493|pubmed:35512704
Q96AQ1,Coiled-coil domain-containing protein 74A,Homo sapiens,IPR029422|IPR040370|IPR039496,doi:10.1016/j.cell.2021.04.011|imex:IM-29278|pubmed:33961781
Q96DN6,Methyl-CpG-binding domain protein 6,Homo sapiens,IPR016177|IPR001739,imex:IM-21659|pubmed:27705803
Q96EZ8,Microspherule protein 1,Homo sapiens,IPR000253|IPR037912|IPR025999|IPR008984,doi:10.1016/j.cell.2021.04.011|imex:IM-29278|pubmed:33961781
Q96FW1,Ubiquitin thioesterase OTUB1,Homo sapiens,IPR003323|IPR016615|IPR038765|IPR019400|IPR042468|IPR042467,imex:IM-23897|pubmed:26752685
Q96HN2,S-adenosylhomocysteine hydrolase-like protein 2,Homo sapiens,IPR042172|IPR000043|IPR015878|IPR036291|IPR020082,imex:IM-12079|pubmed:19615732
Q96HS1,Serine/threonine-protein phosphatase PGAM5, mitochondrial,Homo sapiens,IPR013078|IPR029033|IPR051021,imex:IM-21659|pubmed:27705803
Q96JM7-2,Isoform 2 of Lethal(3)malignant brain tumor-like protein 3,Homo sapiens,Brak InterPro kodów dla tego białka.,doi:10.1016/j.celrep.2020.108050|imex:IM-28217|pubmed:32814053
Q96K37,Solute carrier family 35 member E1,Homo sapiens,IPR037185|IPR004853|IPR050186,imex:IM-24272|pubmed:26496610
Q96LY2,Coiled-coil domain-containing protein 74B,Homo sapiens,IPR029422|IPR040370|IPR039496,doi:10.1016/j.cell.2021.04.011|imex:IM-29278|pubmed:33961781
Q96N21,AP-4 complex accessory subunit Tepsin,Homo sapiens,IPR013809|IPR035802|IPR008942|IPR039273|IPR058028,imex:IM-24272|pubmed:26496610
Q96Q04,Serine/threonine-protein kinase LMTK3,Homo sapiens,IPR011009|IPR000719|IPR017441|IPR001245|IPR008266,imex:IM-29494|pubmed:35384245
Q96S59,Ran-binding protein 9,Homo sapiens,IPR001870|IPR043136|IPR013320|IPR013144|IPR024964|IPR006595|IPR006594|IPR003877|IPR035782|IPR050618,pubmed:12082530
Q99436,Proteasome subunit beta type-7,Homo sapiens,IPR029055|IPR000243|IPR024689|IPR016050|IPR001353|IPR023333,imex:IM-12193|pubmed:19490896
Q99460,26S proteasome non-ATPase regulatory subunit 1,Homo sapiens,IPR016642|IPR011989|IPR016024|IPR002015|IPR048570|IPR040623,doi:10.1016/j.cell.2021.04.011|imex:IM-12079|imex:IM-29278|pubmed:19615732|pubmed:33961781
Q99581,Protein FEV,Homo sapiens,IPR000418|IPR046328|IPR036388|IPR036390,imex:IM-28767|pubmed:35140242
Q99598,Translin-associated protein X,Homo sapiens,IPR016069|IPR002848|IPR016068|IPR036081,imex:IM-24272|pubmed:26496610
Q99607,ETS-related transcription factor Elf-4,Homo sapiens,IPR000418|IPR046328|IPR022084|IPR036388|IPR036390,imex:IM-28767|pubmed:35140242
Q99666,RANBP2-like and GRIP domain-containing protein 5/6,Homo sapiens,IPR032023|IPR000237|IPR011993|IPR000156|IPR045255|IPR011990|IPR019734,doi:10.1016/j.cell.2021.04.011|imex:IM-29278|pubmed:33961781
Q99933,BAG family molecular chaperone regulator 1,Homo sapiens,IPR039773|IPR036533|IPR003103|IPR000626|IPR029071,doi:10.1016/j.cell.2021.04.011|imex:IM-29278|pubmed:33961781
Q99JI4,26S proteasome non-ATPase regulatory subunit 6,Mus musculus,IPR000717|IPR019585|IPR045135|IPR049549|IPR011990|IPR036390,imex:IM-24272|pubmed:26496610
Q9BQE3,Tubulin alpha-1C chain,Homo sapiens,IPR002452|IPR008280|IPR000217|IPR037103|IPR018316|IPR036525|IPR023123|IPR017975|IPR003008,imex:IM-21659|pubmed:27705803
Q9BR81,Brak nazwy,Homo sapiens,IPR031904,doi:10.1016/j.celrep.2020.108050|imex:IM-28217|pubmed:32814053
Q9BRG1,Vacuolar protein-sorting-associated protein 25,Homo sapiens,IPR008570|IPR014041|IPR036388|IPR036390,doi:10.1016/j.cell.2021.04.011|imex:IM-29278|pubmed:33961781
Q9BRP4,Proteasomal ATPase-associated factor 1,Homo sapiens,IPR015943|IPR020472|IPR036322|IPR001680|IPR051179,doi:10.1016/j.cell.2021.04.011|imex:IM-12079|imex:IM-29278|pubmed:19615732|pubmed:33961781
Q9BSL1,Ubiquitin-associated domain-containing protein 1,Homo sapiens,IPR006636|IPR015940|IPR009060|IPR041926|IPR041927|IPR052476|IPR029071|IPR057650,doi:10.1016/j.celrep.2020.108050|imex:IM-28217|pubmed:32814053
Q9BSL1-1,Isoform 1 of Ubiquitin-associated domain-containing protein 1,Homo sapiens,Brak InterPro kodów dla tego białka.,imex:IM-30146|pubmed:37316325
Q9BSL1-2,Isoform 2 of Ubiquitin-associated domain-containing protein 1,Homo sapiens,Brak InterPro kodów dla tego białka.,imex:IM-30146|pubmed:37316325
Q9BXK1,Krueppel-like factor 16,Homo sapiens,IPR036236|IPR013087,imex:IM-28767|pubmed:35140242
Q9BYV6,Tripartite motif-containing protein 55,Homo sapiens,IPR017903|IPR050617|IPR027370|IPR000315|IPR001841|IPR013083|IPR017907,doi:10.1242/jcs.233395|imex:IM-25805|pubmed:31391242
Q9BYZ2,L-lactate dehydrogenase A-like 6B,Homo sapiens,IPR001557|IPR011304|IPR018177|IPR022383|IPR001236|IPR015955|IPR036291,doi:10.1016/j.celrep.2020.108050|imex:IM-28217|pubmed:32814053
Q9C086,INO80 complex subunit B,Homo sapiens,IPR029523|IPR006880|IPR007529,doi:10.1016/j.cell.2021.04.011|imex:IM-29278|pubmed:33961781
Q9C0C9,(E3-independent) E2 ubiquitin-conjugating enzyme,Homo sapiens,IPR057732|IPR000608|IPR057733|IPR057734|IPR057735|IPR016135,doi:10.1016/j.cell.2021.04.011|imex:IM-12079|imex:IM-21659|imex:IM-29278|pubmed:19615732|pubmed:27705803|pubmed:33961781
Q9C0F0,Putative Polycomb group protein ASXL3,Homo sapiens,IPR026905|IPR024811|IPR028020|IPR007759|IPR044867,doi:10.1016/j.cell.2021.04.011|imex:IM-29278|pubmed:33961781
Q9FVU9,COP9 signalosome complex subunit 5b,Arabidopsis thaliana,IPR040961|IPR000555|IPR050242|IPR037518,imex:IM-16043|pubmed:21798944
Q9FXT4,Alpha-galactosidase,Oryza sativa subsp. japonica,IPR013785|IPR017853|IPR002241|IPR000111|IPR013780|IPR041233,pubmed:12684538
Q9H078,Mitochondrial disaggregase,Homo sapiens,IPR003593|IPR002110|IPR036770|IPR003959|IPR019489|IPR001270|IPR050130|IPR027417,doi:10.1016/j.cell.2021.04.011|imex:IM-12079|imex:IM-29278|pubmed:19615732|pubmed:33961781
Q9H078-2,Isoform 2 of Mitochondrial disaggregase,Homo sapiens,Brak InterPro kodów dla tego białka.,doi:10.1038/nature22366|imex:IM-25778|pubmed:28514442
Q9H0Y0,Ubiquitin-like-conjugating enzyme ATG10,Homo sapiens,IPR007135,imex:IM-30012|pubmed:34524948
Q9H1Y0,Autophagy protein 5,Homo sapiens,IPR007239|IPR048940|IPR042526|IPR048939|IPR042527|IPR048318,doi:10.1016/j.celrep.2020.108050|imex:IM-28217|pubmed:17353931|pubmed:32814053
Q9H773,dCTP pyrophosphatase 1,Homo sapiens,IPR052555|IPR025984,imex:IM-24272|pubmed:26496610
Q9H981,Actin-related protein 8,Homo sapiens,IPR004000|IPR043129,doi:10.1016/j.cell.2021.04.011|imex:IM-29278|pubmed:33961781
Q9H9F9,Actin-related protein 5,Homo sapiens,IPR004000|IPR004001|IPR043129,doi:10.1016/j.cell.2021.04.011|imex:IM-24272|imex:IM-29278|pubmed:26496610|pubmed:33961781
Q9HB71-1,Isoform 1 of Calcyclin-binding protein,Homo sapiens,Brak InterPro kodów dla tego białka.,imex:IM-30146|pubmed:37316325
Q9HB71-3,Isoform 3 of Calcyclin-binding protein,Homo sapiens,Brak InterPro kodów dla tego białka.,imex:IM-30146|pubmed:37316325
Q9HC77,Centrosomal P4.1-associated protein,Homo sapiens,IPR009852|IPR047002|IPR026581|IPR058029,imex:IM-24272|pubmed:26496610
Q9HD26,Golgi-associated PDZ and coiled-coil motif-containing protein,Homo sapiens,IPR038879|IPR001478|IPR036034,doi:10.1016/j.cell.2021.04.011|imex:IM-29278|pubmed:33961781
Q9HD26-2,Isoform 2 of Golgi-associated PDZ and coiled-coil motif-containing protein,Homo sapiens,Brak InterPro kodów dla tego białka.,doi:10.1038/nature22366|imex:IM-25778|pubmed:28514442
Q9NRY4,Rho GTPase-activating protein 35,Homo sapiens,IPR002713|IPR036517|IPR057284|IPR027417|IPR039007|IPR051978|IPR008936|IPR032835|IPR000198|IPR045786|IPR039006|IPR001806,imex:IM-26436|pubmed:32203420
Q9P035,Very-long-chain (3R)-3-hydroxyacyl-CoA dehydratase 3,Homo sapiens,IPR007052|IPR008978|IPR007482,imex:IM-21659|pubmed:27705803
Q9P267,Methyl-CpG-binding domain protein 5,Homo sapiens,IPR016177|IPR001739|IPR000313,doi:10.1016/j.cell.2021.04.011|imex:IM-29278|pubmed:33961781
Q9R1T4,Septin-6,Mus musculus,IPR030379|IPR027417|IPR016491,imex:IM-24272|pubmed:26496610
Q9SCY5,SNF1-related protein kinase regulatory subunit beta-2,Arabidopsis thaliana,IPR032640|IPR006828|IPR037256|IPR013783|IPR014756|IPR043554,imex:IM-30002|pubmed:39307424
Q9UF33,Ephrin type-A receptor 6,Homo sapiens,IPR042746|IPR027936|IPR034280|IPR001090|IPR050449|IPR003961|IPR036116|IPR008979|IPR009030|IPR013783|IPR011009|IPR000719|IPR017441|IPR001660|IPR013761|IPR001245|IPR011641|IPR008266|IPR020635|IPR016257|IPR001426,imex:IM-29494|pubmed:35384245
Q9UI08-2,Isoform 1 of Ena/VASP-like protein,Homo sapiens,Brak InterPro kodów dla tego białka.,doi:10.1016/j.celrep.2020.108050|imex:IM-28217|pubmed:32814053
Q9UJX3,Anaphase-promoting complex subunit 7,Homo sapiens,IPR011990|IPR019734,imex:IM-12079|pubmed:19615732
Q9UK80,Ubiquitin carboxyl-terminal hydrolase 21,Homo sapiens,IPR038765|IPR001394|IPR050185|IPR028889|IPR018200,doi:10.1016/j.celrep.2020.108050|imex:IM-12079|imex:IM-28217|pubmed:19615732|pubmed:32814053
Q9UKE5,TRAF2 and NCK-interacting protein kinase,Homo sapiens,IPR001180|IPR011009|IPR000719|IPR017441|IPR008271|IPR051700,pubmed:17353931
Q9ULG1,Chromatin-remodeling ATPase INO80,Homo sapiens,IPR020838|IPR031047|IPR014001|IPR001650|IPR050520|IPR027417|IPR038718|IPR049730|IPR000330,doi:10.1016/j.cell.2021.04.011|imex:IM-29278|pubmed:33961781
Q9ULV8,E3 ubiquitin-protein ligase CBL-C,Homo sapiens,IPR024162|IPR014741|IPR036537|IPR003153|IPR014742|IPR024159|IPR011992|IPR036860|IPR001841|IPR013083|IPR017907,doi:10.15252/msb.20156660|imex:IM-25015|pubmed:27107012
Q9ULX5,RING finger protein 112,Homo sapiens,IPR030386|IPR015894|IPR027417|IPR018957|IPR001841|IPR013083,doi:10.1016/j.celrep.2020.108050|imex:IM-28217|pubmed:32814053
Q9UNM6,26S proteasome non-ATPase regulatory subunit 13,Homo sapiens,IPR000717|IPR054179|IPR035298|IPR036390,doi:10.1016/j.cell.2021.04.011|imex:IM-12193|imex:IM-29278|pubmed:19490896|pubmed:33961781
Q9UNS2,COP9 signalosome complex subunit 3,Homo sapiens,IPR055089|IPR050756|IPR048621|IPR000717|IPR036390,doi:10.1016/j.celrep.2020.108050|imex:IM-28217|pubmed:32814053
Q9UQM7,Calcium/calmodulin-dependent protein kinase type II subunit alpha,Homo sapiens,IPR013543|IPR011009|IPR032710|IPR000719|IPR017441|IPR008271,doi:10.1016/j.cell.2021.04.011|imex:IM-29278|pubmed:33961781
Q9W2D6,Mitochondrial import inner membrane translocase subunit Tim10,Drosophila melanogaster,IPR004217|IPR035427,imex:IM-16524|mint:MINT-5216804|pubmed:14605208
Q9W325,HECT-type E3 ubiquitin transferase,Drosophila melanogaster,IPR050409|IPR000569|IPR035983,imex:IM-16524|mint:MINT-5216804|pubmed:14605208
Q9WTM5,RuvB-like 2,Mus musculus,IPR003593|IPR027417|IPR027238|IPR041048|IPR042487|IPR010339,imex:IM-24272|pubmed:26496610
Q9Y230,RuvB-like 2,Homo sapiens,IPR003593|IPR027417|IPR027238|IPR041048|IPR042487|IPR010339,doi:10.1016/j.cell.2021.04.011|imex:IM-29278|pubmed:33961781
Q9Y265,RuvB-like 1,Homo sapiens,IPR003593|IPR027417|IPR027238|IPR041048|IPR042487|IPR010339,doi:10.1016/j.cell.2021.04.011|imex:IM-29278|pubmed:33961781
Q9Y281-1,Isoform CFL2b of Cofilin-2,Homo sapiens,Brak InterPro kodów dla tego białka.,imex:IM-30146|pubmed:37316325
Q9Y2K6,Ubiquitin carboxyl-terminal hydrolase 20,Homo sapiens,IPR035927|IPR038765|IPR006615|IPR001394|IPR050185|IPR028889|IPR018200|IPR013083|IPR001607,imex:IM-12079|pubmed:19615732
Q9Y4K3,TNF receptor-associated factor 6,Homo sapiens,IPR002083|IPR012227|IPR008974|IPR049342|IPR037309|IPR027139|IPR041310|IPR001841|IPR013083|IPR017907|IPR001293,doi:10.1016/j.celrep.2020.108050|imex:IM-28217|pubmed:17353931|pubmed:32814053
Q9Y5Z7,Host cell factor 2,Homo sapiens,IPR003961|IPR036116|IPR011043|IPR043536|IPR013783|IPR015915|IPR059124,doi:10.1016/j.cell.2021.04.011|imex:IM-21659|imex:IM-29278|pubmed:27705803|pubmed:33961781
Q9Y613,FH1/FH2 domain-containing protein 1,Homo sapiens,IPR011989|IPR016024|IPR015425|IPR042201|IPR056771|IPR041387|IPR014768,doi:10.1016/j.cell.2021.04.011|imex:IM-29278|pubmed:33961781
Q9Y6E3,26S proteasome non-ATPase regulatory subunit 13,Homo sapiens,IPR000717|IPR054179|IPR035298|IPR036390,imex:IM-12079|pubmed:19615732
chebi:"CHEBI:17283"
intact:EBI-25894571
intact:EBI-8762634
