A0A2U3TZT1,Brak nazwy,Homo sapiens,IPR041032,imex:IM-25472|pubmed:32296183
A0A4Y1W7L5,Brak nazwy,Bacillus anthracis,IPR024563,imex:IM-13779|pubmed:20711500
A0A5P8YEP4,Flagellar hook protein FlgE,Yersinia pestis,IPR037058|IPR001444|IPR019776|IPR020013|IPR010930|IPR037925|IPR011491|IPR053967,imex:IM-13779|pubmed:20711500
A0A5P8YFD8,Anthranilate synthase component 1,Yersinia pestis,IPR005801|IPR019999|IPR006805|IPR005257|IPR015890,imex:IM-13779|pubmed:20711500
A4D1S0,Killer cell lectin-like receptor subfamily G member 2,Homo sapiens,IPR001304|IPR016186|IPR016187|IPR043318|IPR033992,doi:10.1016/j.cell.2021.04.011|imex:IM-29278|pubmed:33961781
O00339,Matrilin-2,Homo sapiens,IPR026823|IPR050525|IPR000742|IPR001881|IPR000152|IPR009030|IPR036337|IPR019466|IPR049883|IPR002035|IPR036465,doi:10.1016/j.cell.2021.04.011|imex:IM-29278|pubmed:33961781
O00526,Uroplakin-2,Homo sapiens,IPR009952,doi:10.1016/j.cell.2021.04.011|imex:IM-29278|pubmed:33961781
O00587,Beta-1,3-N-acetylglucosaminyltransferase manic fringe,Homo sapiens,IPR017374|IPR003378,doi:10.1016/j.cell.2021.04.011|imex:IM-29278|pubmed:33961781
O14960,Leukocyte cell-derived chemotaxin-2,Homo sapiens,IPR011055|IPR008663|IPR017381|IPR016047,doi:10.1016/j.cell.2021.04.011|imex:IM-29278|pubmed:33961781
O15520,Fibroblast growth factor 10,Homo sapiens,IPR002209|IPR008996,doi:10.1016/j.cell.2021.04.011|doi:10.1038/nature22366|imex:IM-25778|imex:IM-29278|pubmed:28514442|pubmed:33961781
O15547,P2X purinoceptor 6,Homo sapiens,IPR003049|IPR027309|IPR001429|IPR059116|IPR053792,doi:10.1016/j.cell.2021.04.011|imex:IM-29278|pubmed:33961781
O43240,Kallikrein-10,Homo sapiens,IPR009003|IPR043504|IPR001314|IPR001254|IPR018114,doi:10.1016/j.cell.2021.04.011|imex:IM-29278|pubmed:33961781
O43711,T-cell leukemia homeobox protein 3,Homo sapiens,IPR001356|IPR020479|IPR017970|IPR009057|IPR042247,imex:IM-25472|pubmed:32296183
O43824,Putative GTP-binding protein 6,Homo sapiens,IPR030394|IPR006073|IPR032305|IPR016496|IPR025121|IPR042108|IPR027417,doi:10.1016/j.cell.2021.04.011|imex:IM-29278|pubmed:33961781
O60513,Beta-1,4-galactosyltransferase 4,Homo sapiens,IPR003859|IPR027791|IPR027995|IPR029044,doi:10.1016/j.cell.2021.04.011|imex:IM-29278|pubmed:33961781
O60676,Cystatin-8,Homo sapiens,IPR000010|IPR046350|IPR052691,doi:10.1016/j.cell.2021.04.011|imex:IM-29278|pubmed:33961781
O60938,Keratocan,Homo sapiens,IPR001611|IPR003591|IPR032675|IPR000372|IPR050333,doi:10.1016/j.cell.2021.04.011|imex:IM-29278|pubmed:33961781
O75462,Cytokine receptor-like factor 1,Homo sapiens,IPR003961|IPR036116|IPR015152|IPR036179|IPR013783|IPR050379,doi:10.1016/j.cell.2021.04.011|imex:IM-29278|pubmed:33961781
O75564,Jerky protein homolog,Homo sapiens,IPR050863|IPR004875|IPR009057|IPR006600|IPR007889,doi:10.1016/j.cell.2021.04.011|imex:IM-29278|pubmed:33961781
O76096,Cystatin-F,Homo sapiens,IPR042886|IPR000010|IPR046350,doi:10.1016/j.cell.2021.04.011|imex:IM-29278|pubmed:33961781
O94763,Unconventional prefoldin RPB5 interactor 1,Homo sapiens,IPR009053|IPR004127|IPR052255,doi:10.1016/j.cell.2021.04.011|imex:IM-29278|pubmed:33961781
O95156,Neurexophilin-2,Homo sapiens,IPR010450|IPR026845,doi:10.1016/j.cell.2021.04.011|imex:IM-29278|pubmed:33961781
O95231,Homeobox protein VENTX,Homo sapiens,IPR001356|IPR017970|IPR050848|IPR009057,imex:IM-25472|pubmed:32296183
O95816,BAG family molecular chaperone regulator 2,Homo sapiens,IPR037689|IPR003103,doi:10.1016/j.cell.2021.04.011|imex:IM-29278|pubmed:33961781
O95968,Secretoglobin family 1D member 1,Homo sapiens,IPR016126|IPR035960,doi:10.1016/j.cell.2021.04.011|imex:IM-29278|pubmed:33961781
O96008,Mitochondrial import receptor subunit TOM40 homolog,Homo sapiens,IPR023614|IPR027246|IPR037930,imex:IM-24272|pubmed:26496610
P00533,Epidermal growth factor receptor,Homo sapiens,IPR006211|IPR006212|IPR032778|IPR009030|IPR011009|IPR000719|IPR017441|IPR000494|IPR036941|IPR050122|IPR001245|IPR049328|IPR008266|IPR020635|IPR016245,imex:IM-29494|pubmed:35384245
P01375,Tumor necrosis factor,Homo sapiens,IPR006053|IPR002959|IPR021184|IPR006052|IPR008983,doi:10.1016/j.cell.2021.04.011|imex:IM-29278|pubmed:33961781
P02768,Albumin,Homo sapiens,IPR000264|IPR020858|IPR021177|IPR020857|IPR014760,imex:IM-19123|pubmed:15174051
P04808,Prorelaxin H1,Homo sapiens,IPR022352|IPR016179|IPR036438|IPR022353|IPR022421|IPR051042,doi:10.1016/j.cell.2021.04.011|imex:IM-29278|pubmed:33961781
P07585,Decorin,Homo sapiens,IPR001611|IPR003591|IPR032675|IPR000372|IPR050333|IPR016352,doi:10.1016/j.cell.2021.04.011|imex:IM-29278|pubmed:33961781
P08246,Neutrophil elastase,Homo sapiens,IPR050850|IPR009003|IPR043504|IPR001314|IPR001254|IPR018114|IPR033116,doi:10.1016/j.cell.2021.04.011|imex:IM-29278|pubmed:33961781
P08620,Fibroblast growth factor 4,Homo sapiens,IPR002209|IPR008996,doi:10.1016/j.cell.2021.04.011|imex:IM-29278|pubmed:33961781
P09238,Stromelysin-2,Homo sapiens,IPR000585|IPR036375|IPR018487|IPR018486|IPR033739|IPR024079|IPR001818|IPR021190|IPR021158|IPR006026|IPR002477|IPR036365,doi:10.1016/j.cell.2021.04.011|imex:IM-29278|pubmed:33961781
P0C6X5-PRO_0000283874
P0C722,Transcriptional activator BRRF1,Human herpesvirus 4 (strain GD1),IPR006878,imex:IM-20435|mint:MINT-6769080|pubmed:17446270
P0CG47,Polyubiquitin-B,Homo sapiens,IPR000626|IPR029071|IPR019954|IPR019956|IPR050158,doi:10.1016/j.cell.2021.04.011|imex:IM-29278|pubmed:33961781
P0DPF6,Putative uncharacterized protein CDRT15P3,Homo sapiens,Brak InterPro kodów dla tego białka.,doi:10.1016/j.cell.2021.04.011|imex:IM-29278|pubmed:33961781
P10636-8,Isoform Tau-F of Microtubule-associated protein tau,Homo sapiens,Brak InterPro kodów dla tego białka.,imex:IM-29755|imex:IM-29773|pubmed:32812023|pubmed:35063084
P11908,Ribose-phosphate pyrophosphokinase 2,Homo sapiens,IPR000842|IPR029099|IPR029057|IPR000836|IPR005946|IPR037515,doi:10.1016/j.cell.2021.04.011|imex:IM-29278|pubmed:33961781
P12314,High affinity immunoglobulin gamma Fc receptor I,Homo sapiens,IPR007110|IPR036179|IPR013783|IPR050488|IPR003599|IPR003598|IPR013151,doi:10.1016/j.cell.2021.04.011|doi:10.1038/nature22366|imex:IM-25778|imex:IM-29278|pubmed:28514442|pubmed:33961781
P13569,Cystic fibrosis transmembrane conductance regulator,Homo sapiens,IPR003593|IPR011527|IPR036640|IPR003439|IPR017871|IPR050173|IPR009147|IPR047082|IPR025837|IPR027417,imex:IM-27204|pubmed:29924966
P14625,Endoplasmin,Homo sapiens,IPR036890|IPR003594|IPR019805|IPR037196|IPR001404|IPR020575|IPR020568,doi:10.1016/j.cell.2021.04.011|imex:IM-29278|pubmed:33961781
P15127,Insulin receptor,Rattus norvegicus,IPR003961|IPR036116|IPR006211|IPR006212|IPR009030|IPR013783|IPR040969|IPR011009|IPR000719|IPR017441|IPR000494|IPR036941|IPR050122|IPR001245|IPR008266|IPR020635|IPR016246|IPR002011,doi:10.1371/journal.pone.0205180|imex:IM-26942|pubmed:30300385
P18627,Lymphocyte activation gene 3 protein,Homo sapiens,IPR007110|IPR036179|IPR013783|IPR003599|IPR015621,doi:10.1016/j.cell.2021.04.011|imex:IM-29278|pubmed:33961781
P20336,Ras-related protein Rab-3A,Homo sapiens,IPR027417|IPR037872|IPR005225|IPR001806|IPR050305,doi:10.1016/j.cell.2021.04.011|doi:10.1038/nature22366|imex:IM-25778|imex:IM-29278|pubmed:28514442|pubmed:33961781
P20382,Pro-MCH,Homo sapiens,IPR005456,doi:10.1016/j.cell.2021.04.011|imex:IM-29278|pubmed:33961781
P23946,Chymase,Homo sapiens,IPR009003|IPR043504|IPR001314|IPR001254|IPR018114|IPR033116,doi:10.1016/j.cell.2021.04.011|imex:IM-29278|pubmed:33961781
P25067,Collagen alpha-2(VIII) chain,Homo sapiens,IPR001073|IPR008160|IPR050392|IPR008983,doi:10.1016/j.cell.2021.04.011|imex:IM-29278|pubmed:33961781
P26022,Pentraxin-related protein PTX3,Homo sapiens,IPR013320|IPR006558|IPR030476|IPR042837|IPR058832|IPR001759,doi:10.1016/j.cell.2021.04.011|imex:IM-29278|pubmed:33961781
P29120,Neuroendocrine convertase 1,Homo sapiens,IPR008979|IPR034182|IPR002884|IPR000209|IPR036852|IPR023827|IPR022398|IPR023828|IPR015500|IPR022005|IPR032815|IPR038466,doi:10.1016/j.cell.2021.04.011|imex:IM-29278|pubmed:33961781
P31997,Cell adhesion molecule CEACAM8,Homo sapiens,IPR050831|IPR007110|IPR036179|IPR013783|IPR003599|IPR003598|IPR013106,doi:10.1016/j.cell.2021.04.011|imex:IM-29278|pubmed:33961781
P32246,C-C chemokine receptor type 1,Homo sapiens,IPR050119|IPR002236|IPR000355|IPR000276|IPR017452,doi:10.1016/j.cell.2021.04.011|imex:IM-29278|pubmed:33961781
P34925,Inactive tyrosine-protein kinase RYK,Homo sapiens,IPR011009|IPR000719|IPR050122|IPR001245|IPR008266|IPR003306|IPR038677,doi:10.1016/j.cell.2021.04.011|imex:IM-29278|pubmed:33961781
P35226,Polycomb complex protein BMI-1,Homo sapiens,IPR032443|IPR001841|IPR013083|IPR017907,imex:IM-29168|pubmed:34316702
P36542,ATP synthase F(1) complex subunit gamma, mitochondrial,Homo sapiens,IPR035968|IPR000131|IPR023632,imex:IM-16517|mint:MINT-5217955|pubmed:16169070
P40227,T-complex protein 1 subunit zeta,Homo sapiens,IPR012722|IPR017998|IPR002194|IPR002423|IPR027409|IPR027413|IPR027410|IPR053374,imex:IM-16425|pubmed:23414517
P40424,Pre-B-cell leukemia transcription factor 1,Homo sapiens,IPR001356|IPR017970|IPR009057|IPR008422|IPR005542|IPR050224,doi:10.1016/j.cell.2021.04.011|imex:IM-29278|pubmed:33961781
P40425,Pre-B-cell leukemia transcription factor 2,Homo sapiens,IPR001356|IPR017970|IPR009057|IPR008422|IPR005542|IPR050224,doi:10.1016/j.cell.2021.04.011|imex:IM-29278|pubmed:33961781
P40426,Pre-B-cell leukemia transcription factor 3,Homo sapiens,IPR001356|IPR017970|IPR009057|IPR008422|IPR005542|IPR050224,doi:10.1016/j.cell.2021.04.011|imex:IM-29278|pubmed:33961781
P41241,Tyrosine-protein kinase CSK,Mus musculus,IPR035027|IPR011009|IPR050198|IPR000719|IPR017441|IPR001245|IPR000980|IPR036860|IPR036028|IPR001452|IPR008266|IPR020635,imex:IM-24272|pubmed:26496610
P42336,Phosphatidylinositol 4,5-bisphosphate 3-kinase catalytic subunit alpha isoform,Homo sapiens,IPR016024|IPR035892|IPR011009|IPR037704|IPR015433|IPR000403|IPR036940|IPR018936|IPR002420|IPR003113|IPR001263|IPR042236|IPR000341|IPR029071,imex:IM-19021|pubmed:18624398
P42658,A-type potassium channel modulatory protein DPP6,Homo sapiens,IPR029058|IPR001375|IPR002469|IPR050278,doi:10.1016/j.cell.2021.04.011|imex:IM-29278|pubmed:33961781
P43403,Tyrosine-protein kinase ZAP-70,Homo sapiens,IPR011009|IPR023420|IPR050198|IPR000719|IPR017441|IPR001245|IPR000980|IPR036860|IPR035838|IPR008266|IPR020635|IPR012234,doi:10.1016/j.cell.2019.09.008|imex:IM-27423|pubmed:31585087
P53582,Methionine aminopeptidase 1,Homo sapiens,IPR036005|IPR000994|IPR001714|IPR002467|IPR031615,doi:10.1016/j.cell.2021.04.011|imex:IM-29278|pubmed:33961781
P53708,Integrin alpha-8,Homo sapiens,IPR013517|IPR013519|IPR000413|IPR018184|IPR013649|IPR048285|IPR048286|IPR028994|IPR032695,doi:10.1016/j.cell.2021.04.011|imex:IM-29278|pubmed:33961781
P55347,Homeobox protein PKNOX1,Homo sapiens,IPR001356|IPR009057|IPR008422|IPR032453|IPR050224,doi:10.1016/j.cell.2021.04.011|imex:IM-29278|pubmed:33961781
P56962,Syntaxin-17,Homo sapiens,IPR010989|IPR059001|IPR028676|IPR045242|IPR006012|IPR000727,doi:10.1016/j.cell.2021.04.011|imex:IM-29278|pubmed:33961781
P62993,Growth factor receptor-bound protein 2,Homo sapiens,IPR043539|IPR035643|IPR035641|IPR000980|IPR036860|IPR036028|IPR001452,imex:IM-19021|pubmed:18624398
P68431,Histone H3.1,Homo sapiens,IPR007125|IPR009072|IPR000164,imex:IM-26301|pubmed:29568061
P69479,Phosphoprotein,Rabies virus (strain ERA),IPR004259|IPR037199|IPR049506,imex:IM-27782|pubmed:unassigned2293
P84022,SMAD family member 3,Homo sapiens,IPR013790|IPR003619|IPR013019|IPR017855|IPR001132|IPR008984|IPR036578,imex:IM-15364|pubmed:21988832
P98066,Tumor necrosis factor-inducible gene 6 protein,Homo sapiens,IPR016186|IPR016187|IPR000859|IPR000538|IPR035914|IPR052129,doi:10.1016/j.cell.2021.04.011|imex:IM-29278|pubmed:33961781
Q00610,Clathrin heavy chain 1,Homo sapiens,IPR016024|IPR055358|IPR000547|IPR015348|IPR016025|IPR022365|IPR016341|IPR011990,imex:IM-24272|pubmed:26496610
Q03828,Homeobox even-skipped homolog protein 2,Homo sapiens,IPR052002|IPR001356|IPR020479|IPR017970|IPR009057,imex:IM-25472|pubmed:32296183
Q07797,Galectin-3-binding protein,Mus musculus,IPR011705|IPR051481|IPR000210|IPR011333|IPR001190|IPR036772,imex:IM-24272|pubmed:26496610
Q08345,Epithelial discoidin domain-containing receptor 1,Homo sapiens,IPR048525|IPR000421|IPR008979|IPR011009|IPR000719|IPR050122|IPR001245|IPR008266|IPR020635|IPR002011,doi:10.1016/j.cell.2021.04.011|imex:IM-29278|pubmed:33961781
Q09472,Histone acetyltransferase p300,Homo sapiens,IPR001487|IPR036427|IPR018359|IPR031162|IPR013178|IPR003101|IPR036529|IPR009110|IPR014744|IPR037073|IPR056484|IPR010303|IPR038547|IPR035898|IPR013083|IPR000197|IPR000433|IPR043145,imex:IM-15364|pubmed:21988832
Q13253,Noggin,Homo sapiens,IPR029034|IPR008717,doi:10.1016/j.cell.2021.04.011|imex:IM-29278|pubmed:33961781
Q14244,Ensconsin,Homo sapiens,IPR051483|IPR008604,doi:10.1016/j.cell.2021.04.011|imex:IM-29278|pubmed:33961781
Q14764,Major vault protein,Homo sapiens,IPR036013|IPR039059|IPR041139|IPR043023|IPR021870|IPR041134|IPR043179|IPR040989|IPR041136|IPR002499,doi:10.1016/j.cell.2021.04.011|doi:10.1038/nature22366|imex:IM-25778|imex:IM-29278|pubmed:28514442|pubmed:33961781
Q15198,Platelet-derived growth factor receptor-like protein,Homo sapiens,IPR007110|IPR036179|IPR013783|IPR003599|IPR003598|IPR042495,doi:10.1016/j.cell.2021.04.011|imex:IM-29278|pubmed:33961781
Q16778,Histone H2B type 2-E,Homo sapiens,IPR007125|IPR009072|IPR000558|IPR055333,doi:10.1074/mcp.ra118.000924|imex:IM-26653|pubmed:30021884
Q3KPI0,Cell adhesion molecule CEACAM21,Homo sapiens,IPR050831|IPR007110|IPR036179|IPR013783|IPR003599|IPR003598|IPR013106,doi:10.1016/j.cell.2021.04.011|imex:IM-29278|pubmed:33961781
Q3KPI0-2,Isoform 2 of Cell adhesion molecule CEACAM21,Homo sapiens,Brak InterPro kodów dla tego białka.,doi:10.1038/nature22366|imex:IM-25778|pubmed:28514442
Q3LI64,Keratin-associated protein 6-1,Homo sapiens,IPR040313,imex:IM-25472|pubmed:32296183
Q3ZCM7,Tubulin beta-8 chain,Homo sapiens,IPR013838|IPR002453|IPR008280|IPR000217|IPR037103|IPR018316|IPR036525|IPR023123|IPR017975|IPR003008,doi:10.1016/j.cell.2021.04.011|imex:IM-29278|pubmed:33961781
Q49AR9,Brak nazwy,Homo sapiens,IPR033635|IPR011993|IPR006020|IPR001660|IPR013761|IPR041880|IPR041882,imex:IM-25472|pubmed:32296183
Q4ACU6,SH3 and multiple ankyrin repeat domains protein 3,Mus musculus,IPR002110|IPR036770|IPR001478|IPR041489|IPR036034|IPR001660|IPR013761|IPR036028|IPR001452|IPR051569,doi:10.1038/nn.4594|imex:IM-26285|pubmed:28671696
Q4JQU7,DNA polymerase catalytic subunit,Varicella-zoster virus (strain Oka vaccine),IPR006172|IPR017964|IPR006133|IPR006134|IPR043502|IPR042087|IPR023211|IPR050240|IPR012337|IPR036397,imex:IM-30341|pubmed:40739040
Q5NEC0,Phosphoribosylformylglycinamidine synthase,Francisella tularensis subsp. tularensis (strain SCHU S4 / Schu 4),IPR029062|IPR040707|IPR055181|IPR010073|IPR041609|IPR010918|IPR036676|IPR036921|IPR036604,imex:IM-13779|pubmed:20711500
Q5S007,Leucine-rich repeat serine/threonine-protein kinase 2,Homo sapiens,IPR056593|IPR036770|IPR011989|IPR016024|IPR056597|IPR056602|IPR032171|IPR057263|IPR011009|IPR001611|IPR003591|IPR032675|IPR027417|IPR000719|IPR017441|IPR020859|IPR008271|IPR051420|IPR005225|IPR015943|IPR036322,imex:IM-26684|pubmed:31046837
Q5T749,Keratinocyte proline-rich protein,Homo sapiens,IPR052881,imex:IM-25472|pubmed:32296183
Q5VVX9,Ubiquitin-conjugating enzyme E2 U,Homo sapiens,IPR050113|IPR000608|IPR023313|IPR016135,doi:10.1016/j.cell.2021.04.011|imex:IM-29278|pubmed:33961781
Q5W111,SPRY domain-containing protein 7,Homo sapiens,IPR001870|IPR043136|IPR013320|IPR003877|IPR035766,doi:10.1016/j.cell.2021.04.011|imex:IM-29278|pubmed:33961781
Q676U5-1,Isoform 1 of Autophagy-related protein 16-1,Homo sapiens,Brak InterPro kodów dla tego białka.,imex:IM-29997|pubmed:31015422
Q6FHY5,Brak nazwy,Homo sapiens,IPR001356|IPR020479|IPR017970|IPR009057|IPR042634,imex:IM-25472|pubmed:32296183
Q6P4A7,Sideroflexin-4,Homo sapiens,IPR004686,doi:10.1016/j.cell.2021.04.011|imex:IM-29278|pubmed:33961781
Q6SPF0,Sterile alpha motif domain-containing protein 1,Homo sapiens,IPR001660|IPR013761|IPR056983|IPR048589,doi:10.1016/j.cell.2021.04.011|imex:IM-29278|pubmed:33961781
Q70UQ0,Inhibitor of nuclear factor kappa-B kinase-interacting protein,Homo sapiens,IPR024152,doi:10.1016/j.cell.2021.04.011|imex:IM-29278|pubmed:33961781
Q7L0Y3,tRNA methyltransferase 10 homolog C,Homo sapiens,IPR028564|IPR038459|IPR025812|IPR007356,doi:10.1016/j.cell.2021.04.011|imex:IM-29278|pubmed:33961781
Q7Z333,Helicase senataxin,Homo sapiens,IPR045055|IPR041679|IPR041677|IPR027417|IPR047187,doi:10.1016/j.cell.2021.04.011|imex:IM-29278|pubmed:33961781
Q81UH3,Brak nazwy,Bacillus anthracis,IPR000241|IPR029063,imex:IM-13779|pubmed:20711500
Q8CZG2,Brak nazwy,Yersinia pestis,IPR000150|IPR036412|IPR006379|IPR023214,imex:IM-13779|pubmed:20711500
Q8CZH4,Brak nazwy,Yersinia pestis,IPR000015|IPR018030|IPR025885|IPR037224,imex:IM-13779|pubmed:20711500
Q8IXL6,Extracellular serine/threonine protein kinase FAM20C,Homo sapiens,IPR024869|IPR009581,imex:IM-25629|pubmed:22582013
Q8IZH2,5'-3' exoribonuclease 1,Homo sapiens,IPR027073|IPR016494|IPR041385|IPR040992|IPR047007|IPR041106|IPR041412|IPR004859|IPR047008,pubmed:15231747
Q8N129,Protein canopy homolog 4,Homo sapiens,IPR021852,doi:10.1016/j.cell.2021.04.011|imex:IM-29278|pubmed:33961781
Q8N1G4,Leucine-rich repeat-containing protein 47,Homo sapiens,IPR005146|IPR001611|IPR025875|IPR003591|IPR032675|IPR045060|IPR020825,doi:10.1016/j.cell.2021.04.011|imex:IM-29278|pubmed:33961781
Q8N465,D-2-hydroxyglutarate dehydrogenase, mitochondrial,Homo sapiens,IPR004113|IPR016166|IPR036318|IPR016167|IPR016169|IPR016164|IPR051264|IPR006094|IPR016171,doi:10.1016/j.cell.2021.04.011|imex:IM-29278|pubmed:33961781
Q8N488,RING1 and YY1-binding protein,Homo sapiens,IPR039958|IPR033774|IPR001876|IPR036443,imex:IM-29168|pubmed:34316702
Q8N7U7,Tetra-peptide repeat homeobox protein 1,Homo sapiens,IPR001356|IPR009057,doi:10.1016/j.cell.2021.04.011|imex:IM-29278|pubmed:33961781
Q8N807,Protein disulfide-isomerase-like protein of the testis,Homo sapiens,IPR036249|IPR013766,doi:10.1016/j.cell.2021.04.011|imex:IM-29278|pubmed:33961781
Q8N9F7,Lysophospholipase D GDPD1,Homo sapiens,IPR052271|IPR030395|IPR017946,doi:10.1016/j.cell.2021.04.011|imex:IM-29278|pubmed:33961781
Q8N9F7-2,Isoform 2 of Lysophospholipase D GDPD1,Homo sapiens,Brak InterPro kodów dla tego białka.,doi:10.1038/nature22366|imex:IM-25778|pubmed:28514442
Q8NFJ9,BBSome complex member BBS1,Homo sapiens,IPR028784|IPR032728|IPR056419|IPR011047,doi:10.1016/j.cell.2021.04.011|imex:IM-29278|pubmed:33961781
Q8NFL0,UDP-GlcNAc:betaGal beta-1,3-N-acetylglucosaminyltransferase 7,Homo sapiens,IPR002659,doi:10.1016/j.cell.2021.04.011|imex:IM-29278|pubmed:33961781
Q8NHY2,E3 ubiquitin-protein ligase COP1,Homo sapiens,IPR056551|IPR042755|IPR015943|IPR019775|IPR036322|IPR001680|IPR001841|IPR013083|IPR017907,doi:10.1016/j.cell.2021.04.011|imex:IM-29278|pubmed:33961781
Q8NHY2-1,Isoform 1 of E3 ubiquitin-protein ligase COP1,Homo sapiens,Brak InterPro kodów dla tego białka.,imex:IM-23043|pubmed:25117710
Q8TEB9,Rhomboid-related protein 4,Homo sapiens,IPR022764|IPR035952,doi:10.1016/j.cell.2021.04.011|imex:IM-29278|pubmed:33961781
Q8WWY8,Lipase member H,Homo sapiens,IPR029058|IPR013818|IPR016272|IPR033906|IPR000734,doi:10.1016/j.cell.2021.04.011|imex:IM-29278|pubmed:33961781
Q8ZFB2,Flagellar L-ring protein 2,Yersinia pestis,IPR000527,imex:IM-13779|pubmed:20711500
Q92564,DCN1-like protein 4,Homo sapiens,IPR014764|IPR042460|IPR005176,doi:10.1016/j.cell.2021.04.011|imex:IM-29278|pubmed:33961781
Q92764,Keratin, type I cuticular Ha5,Homo sapiens,IPR018039|IPR039008|IPR002957,doi:10.1016/j.cell.2021.04.011|imex:IM-29278|pubmed:33961781
Q969J2,Zinc finger protein with KRAB and SCAN domains 4,Homo sapiens,IPR001909|IPR036051|IPR003309|IPR038269|IPR036236|IPR013087,doi:10.1016/j.cell.2021.04.011|imex:IM-29278|pubmed:33961781
Q96A44,SPRY domain-containing SOCS box protein 4,Homo sapiens,IPR001870|IPR043136|IPR013320|IPR050672|IPR001496|IPR036036|IPR003877,doi:10.1016/j.cell.2021.04.011|imex:IM-29278|pubmed:33961781
Q96BD6,SPRY domain-containing SOCS box protein 1,Homo sapiens,IPR001870|IPR043136|IPR013320|IPR050672|IPR001496|IPR003877,imex:IM-25472|pubmed:32296183
Q96BY9,Store-operated calcium entry-associated regulatory factor,Homo sapiens,IPR009567,doi:10.1016/j.cell.2021.04.011|imex:IM-29278|pubmed:33961781
Q96DA0,Pancreatic adenocarcinoma up-regulated factor,Homo sapiens,IPR001229|IPR036404|IPR052321,doi:10.1016/j.cell.2021.04.011|doi:10.1038/nature22366|imex:IM-25778|imex:IM-29278|pubmed:28514442|pubmed:33961781
Q96IQ9,Zinc finger protein 414,Homo sapiens,IPR039882|IPR031799|IPR013087,imex:IM-25472|pubmed:32296183
Q96J42,Thioredoxin domain-containing protein 15,Homo sapiens,IPR036249|IPR013766|IPR042418,doi:10.1016/j.cell.2021.04.011|imex:IM-29278|pubmed:33961781
Q96JB3,Hypermethylated in cancer 2 protein,Homo sapiens,IPR000210|IPR011333|IPR036236|IPR013087,doi:10.1016/j.cell.2021.04.011|imex:IM-29278|pubmed:33961781
Q96JB6,Lysyl oxidase homolog 4,Homo sapiens,IPR050912|IPR001695|IPR019828|IPR001190|IPR036772,doi:10.1016/j.cell.2021.04.011|imex:IM-29278|pubmed:33961781
Q96KN3,Homeobox protein PKNOX2,Homo sapiens,IPR001356|IPR009057|IPR008422|IPR032453|IPR050224,doi:10.1016/j.cell.2021.04.011|imex:IM-29278|pubmed:33961781
Q96RD2,Olfactory receptor 52B2,Homo sapiens,IPR000276|IPR017452|IPR000725|IPR050402,doi:10.1016/j.cell.2021.04.011|imex:IM-29278|pubmed:33961781
Q99619,SPRY domain-containing SOCS box protein 2,Homo sapiens,IPR001870|IPR043136|IPR013320|IPR050672|IPR001496|IPR036036|IPR003877|IPR037340,doi:10.1016/j.cell.2021.04.011|imex:IM-29278|pubmed:33961781
Q99943,1-acyl-sn-glycerol-3-phosphate acyltransferase alpha,Homo sapiens,IPR004552|IPR002123,doi:10.1016/j.cell.2021.04.011|imex:IM-29278|pubmed:33961781
Q9BQ90,Kelch domain-containing protein 3,Homo sapiens,IPR015915|IPR006652|IPR052637,doi:10.1016/j.cell.2021.04.011|imex:IM-29278|pubmed:33961781
Q9BS26,Endoplasmic reticulum resident protein 44,Homo sapiens,IPR052643|IPR041870|IPR041862|IPR036249|IPR013766,doi:10.1016/j.cell.2021.04.011|imex:IM-29278|pubmed:33961781
Q9BX63,Fanconi anemia group J protein,Homo sapiens,IPR006555|IPR045028|IPR014013|IPR006554|IPR014001|IPR027417|IPR010614|IPR013020,doi:10.1016/j.cell.2021.04.011|imex:IM-29278|pubmed:33961781
Q9BXJ5,Complement C1q tumor necrosis factor-related protein 2,Homo sapiens,IPR001073|IPR008160|IPR050392|IPR008983,doi:10.1016/j.cell.2021.04.011|imex:IM-29278|pubmed:33961781
Q9BXN1,Asporin,Homo sapiens,IPR001611|IPR003591|IPR032675|IPR000372|IPR050333|IPR016352,doi:10.1016/j.cell.2021.04.011|imex:IM-29278|pubmed:33961781
Q9BY76,Angiopoietin-related protein 4,Homo sapiens,IPR037579|IPR036056|IPR014716|IPR002181|IPR020837,doi:10.1038/nature22366|imex:IM-25778|pubmed:28514442
Q9D0P8,Intraflagellar transport protein 27 homolog,Mus musculus,IPR027417|IPR050209|IPR005225|IPR001806,imex:IM-24977|pubmed:26885862
Q9D415,Disks large-associated protein 1,Mus musculus,IPR005026,doi:10.1038/nn.4594|imex:IM-26285|pubmed:28671696
Q9GZQ3,COMM domain-containing protein 5,Homo sapiens,IPR017920|IPR037357,doi:10.1016/j.cell.2021.04.011|imex:IM-29278|pubmed:33961781
Q9H0X4,Protein FAM234A,Homo sapiens,IPR055409|IPR045232|IPR011047,doi:10.1016/j.cell.2021.04.011|imex:IM-29278|pubmed:33961781
Q9H114,Cystatin-like 1,Homo sapiens,IPR042921|IPR000010|IPR046350,doi:10.1016/j.cell.2021.04.011|imex:IM-29278|pubmed:33961781
Q9H3D4,Tumor protein 63,Homo sapiens,IPR008967|IPR012346|IPR057064|IPR011615|IPR036674|IPR010991|IPR002117|IPR001660|IPR013761|IPR037611,imex:IM-15364|pubmed:21988832
Q9H3S7,Tyrosine-protein phosphatase non-receptor type 23,Homo sapiens,IPR025304|IPR004328|IPR038499|IPR029021|IPR000242|IPR016130|IPR003595|IPR000387,doi:10.1016/j.cell.2021.04.011|imex:IM-29278|pubmed:33961781
Q9H4I9,Essential MCU regulator, mitochondrial,Homo sapiens,IPR018782,doi:10.1016/j.cell.2021.04.011|imex:IM-29278|pubmed:33961781
Q9H6U6,BCAS3 microtubule associated cell migration factor,Homo sapiens,IPR045142|IPR022175|IPR048382|IPR015943|IPR036322,doi:10.1016/j.cell.2021.04.011|imex:IM-29278|pubmed:33961781
Q9H6Z9,Prolyl hydroxylase EGLN3,Homo sapiens,IPR051559|IPR005123|IPR006620|IPR044862,imex:IM-22750|pubmed:26972000
Q9H792,Inactive tyrosine-protein kinase PEAK1,Homo sapiens,IPR011009|IPR051511|IPR000719|IPR008266,doi:10.1016/j.cell.2021.04.011|imex:IM-29278|pubmed:33961781
Q9HB40,Retinoid-inducible serine carboxypeptidase,Homo sapiens,IPR029058|IPR001563|IPR018202,doi:10.1016/j.cell.2021.04.011|imex:IM-29278|pubmed:33961781
Q9HCJ2,Leucine-rich repeat-containing protein 4C,Homo sapiens,IPR007110|IPR036179|IPR013783|IPR013098|IPR003599|IPR003598|IPR013106|IPR001611|IPR003591|IPR032675|IPR050541|IPR000372,doi:10.1016/j.cell.2021.04.011|imex:IM-29278|pubmed:33961781
Q9NRG1,Phosphoribosyltransferase domain-containing protein 1,Homo sapiens,IPR050408|IPR005904|IPR029057|IPR000836,imex:IM-25472|pubmed:32296183
Q9NRI5,Disrupted in schizophrenia 1 protein,Homo sapiens,IPR026081,imex:IM-26801|pubmed:31413325
Q9NS37,CREB/ATF bZIP transcription factor,Homo sapiens,IPR004827|IPR046347,doi:10.1016/j.cell.2021.04.011|imex:IM-29278|pubmed:33961781
Q9NTJ4,Alpha-mannosidase 2C1,Homo sapiens,IPR054723|IPR011013|IPR041147|IPR011330|IPR011682|IPR015341|IPR037094|IPR000602|IPR027291|IPR028995,doi:10.1016/j.cell.2021.04.011|imex:IM-29278|pubmed:33961781
Q9NVV4,Poly(A) RNA polymerase, mitochondrial,Homo sapiens,IPR054708|IPR043519|IPR002058|IPR041252,doi:10.1016/j.cell.2021.04.011|imex:IM-29278|pubmed:33961781
Q9NWM8,Peptidyl-prolyl cis-trans isomerase FKBP14,Homo sapiens,IPR011992|IPR018247|IPR002048|IPR046357|IPR052273|IPR001179,doi:10.1016/j.cell.2021.04.011|imex:IM-29278|pubmed:33961781
Q9NWZ5,Uridine-cytidine kinase-like 1,Homo sapiens,IPR027417|IPR006083|IPR029057|IPR000836|IPR000764,doi:10.1016/j.cell.2021.04.011|imex:IM-29278|pubmed:33961781
Q9NX01,Thioredoxin-like protein 4B,Homo sapiens,IPR004123|IPR036249,doi:10.1016/j.cell.2021.04.011|imex:IM-29278|pubmed:33961781
Q9NXL9,DNA helicase MCM9,Homo sapiens,IPR003593|IPR031327|IPR058768|IPR001208|IPR041562|IPR033762|IPR012340|IPR027417,doi:10.1016/j.cell.2021.04.011|imex:IM-29278|pubmed:33961781
Q9NYU1,UDP-glucose:glycoprotein glucosyltransferase 2,Homo sapiens,IPR040497|IPR029044|IPR009448|IPR040693|IPR040694|IPR040692|IPR040525,doi:10.1038/nature22366|imex:IM-25778|pubmed:28514442
Q9P206,NHS-like protein 3,Homo sapiens,IPR024845,doi:10.1016/j.cell.2021.04.011|imex:IM-29278|pubmed:33961781
Q9Q2G4,Brak nazwy,Human immunodeficiency virus type 1,IPR001969|IPR001995|IPR021109|IPR034170|IPR018061,imex:IM-17346|psi-mi:"MI:0007"|pubmed:22190034
Q9UBC7,Galanin-like peptide,Homo sapiens,IPR008174|IPR039244,doi:10.1016/j.cell.2021.04.011|imex:IM-29278|pubmed:33961781
Q9UBM4,Opticin,Homo sapiens,IPR001611|IPR003591|IPR032675|IPR043547,doi:10.1016/j.cell.2021.04.011|imex:IM-29278|pubmed:33961781
Q9UEY8,Gamma-adducin,Homo sapiens,IPR051017|IPR001303|IPR036409,doi:10.1016/j.cell.2021.04.011|imex:IM-29278|pubmed:33961781
Q9UH62,Armadillo repeat-containing X-linked protein 3,Homo sapiens,IPR011989|IPR006911|IPR016024|IPR000225|IPR051303,doi:10.1016/j.cell.2021.04.011|imex:IM-29278|pubmed:33961781
Q9UHF0,Tachykinin-3,Homo sapiens,IPR003635|IPR013055,doi:10.1016/j.cell.2021.04.011|imex:IM-29278|pubmed:33961781
Q9UIL8,PHD finger protein 11,Homo sapiens,IPR034732|IPR051188|IPR011011|IPR001965|IPR013083,doi:10.1016/j.cell.2021.04.011|imex:IM-29278|pubmed:33961781
Q9UJA3,DNA helicase MCM8,Homo sapiens,IPR003593|IPR031327|IPR056875|IPR058767|IPR001208|IPR041562|IPR033762|IPR012340|IPR027417,doi:10.1016/j.cell.2021.04.011|imex:IM-29278|pubmed:33961781
Q9UK08,Guanine nucleotide-binding protein G(I)/G(S)/G(O) subunit gamma-8,Homo sapiens,IPR001770|IPR015898|IPR036284,doi:10.1016/j.cell.2021.04.011|imex:IM-29278|pubmed:33961781
Q9UK58,Cyclin-L1,Homo sapiens,IPR013763|IPR036915|IPR043198|IPR004367|IPR006671,doi:10.1016/j.cell.2021.04.011|imex:IM-29278|pubmed:33961781
Q9UK85,Dickkopf-like protein 1,Homo sapiens,IPR039863|IPR049632,doi:10.1016/j.cell.2021.04.011|doi:10.1038/nature22366|imex:IM-25778|imex:IM-29278|pubmed:28514442|pubmed:33961781
Q9UPQ4,E3 ubiquitin-protein ligase TRIM35,Homo sapiens,IPR001870|IPR043136|IPR003879|IPR013320|IPR006574|IPR003877|IPR050143|IPR027370|IPR000315|IPR001841|IPR013083|IPR017907,doi:10.1016/j.cell.2021.04.011|imex:IM-29278|pubmed:33961781
Q9UQ88,Cyclin-dependent kinase 11A,Homo sapiens,IPR050108|IPR045267|IPR011009|IPR000719|IPR008271,doi:10.1016/j.molcel.2020.07.001|imex:IM-29257|pubmed:32707033
Q9Y215,Acetylcholinesterase collagenic tail peptide,Homo sapiens,IPR008160|IPR050149|IPR011936,doi:10.1016/j.cell.2021.04.011|imex:IM-29278|pubmed:33961781
Q9Y287,Integral membrane protein 2B,Homo sapiens,IPR007084|IPR040145,imex:IM-29868|pubmed:34446781
Q9Y5X9,Endothelial lipase,Homo sapiens,IPR029058|IPR013818|IPR016272|IPR033906|IPR002330|IPR001024|IPR036392|IPR000734,doi:10.1038/nature22366|imex:IM-25778|pubmed:28514442
Q9Y661,Heparan sulfate glucosamine 3-O-sulfotransferase 4,Homo sapiens,IPR037359|IPR027417|IPR000863,doi:10.1016/j.cell.2021.04.011|imex:IM-29278|pubmed:33961781
chebi:"CHEBI:16024"
chebi:"CHEBI:64394"
intact:EBI-22243195
intact:EBI-22250306
intact:EBI-22264557
intact:EBI-22264711
intact:EBI-22265652
intact:EBI-22617209
