# ID(s) interactor A	ID(s) interactor B	Alt. ID(s) interactor A	Alt. ID(s) interactor B	Alias(es) interactor A	Alias(es) interactor B	Interaction detection method(s)	Publication 1st author(s)	Publication Identifier(s)	Taxid interactor A	Taxid interactor B	Interaction type(s)	Source database(s)	Interaction identifier(s)	Confidence value(s)
uniprotkb:P0A873	uniprotkb:P0A873	uniprotkb:P07020|intact:EBI-1129132|uniprotkb:P0A873	uniprotkb:P07020|intact:EBI-1129132|uniprotkb:P0A873	psi-mi:trmd_ecoli(display_short)|psi-mi:"tRNA (guanine-N(1)-)-methyltransferase"(display_long)|uniprotkb:b2607(locus name)|uniprotkb:JW2588(locus name)|uniprotkb:M1G-methyltransferase(gene name synonym)|uniprotkb:tRNA [GM37] methyltransferase(gene name synonym)|uniprotkb:trmD(gene name)	psi-mi:trmd_ecoli(display_short)|psi-mi:"tRNA (guanine-N(1)-)-methyltransferase"(display_long)|uniprotkb:b2607(locus name)|uniprotkb:JW2588(locus name)|uniprotkb:M1G-methyltransferase(gene name synonym)|uniprotkb:tRNA [GM37] methyltransferase(gene name synonym)|uniprotkb:trmD(gene name)	psi-mi:"MI:0397"(two hybrid array)	Rajagopala S.V. et al.(2012)	intact:EBI-6389808|pubmed:22841565|imex:IM-18008	taxid:83333(ecoli)|taxid:83333("Escherichia coli (strain K12)")	taxid:83333(ecoli)|taxid:83333("Escherichia coli (strain K12)")	psi-mi:"MI:0915"(physical association)	psi-mi:"MI:0469"(European Bioinformatics Institute)	intact:EBI-6390603|imex:IM-18008-6	intact-miscore:0.55
uniprotkb:Q9PPJ4	uniprotkb:Q9PPJ4	uniprotkb:Q0PAG6|intact:EBI-1329123|uniprotkb:Q9PPJ4	uniprotkb:Q0PAG6|intact:EBI-1329123|uniprotkb:Q9PPJ4	psi-mi:trmd_camje(display_short)|psi-mi:"tRNA (guanine-N(1)-)-methyltransferase"(display_long)|uniprotkb:Cj0713(locus name)|uniprotkb:M1G-methyltransferase(gene name synonym)|uniprotkb:tRNA [GM37] methyltransferase(gene name synonym)|uniprotkb:trmD(gene name)	psi-mi:trmd_camje(display_short)|psi-mi:"tRNA (guanine-N(1)-)-methyltransferase"(display_long)|uniprotkb:Cj0713(locus name)|uniprotkb:M1G-methyltransferase(gene name synonym)|uniprotkb:tRNA [GM37] methyltransferase(gene name synonym)|uniprotkb:trmD(gene name)	psi-mi:"MI:0397"(two hybrid array)	Parrish JR. et al.(2007)	intact:EBI-1991756|pubmed:17615063	taxid:192222(camje)|taxid:192222("Campylobacter jejuni subsp. jejuni serotype O:2 (strain NCTC 11168)")	taxid:192222(camje)|taxid:192222("Campylobacter jejuni subsp. jejuni serotype O:2 (strain NCTC 11168)")	psi-mi:"MI:0915"(physical association)	psi-mi:"MI:0469"(European Bioinformatics Institute)	intact:EBI-1357718	intact-miscore:0.37|author-based confidence:0.93
uniprotkb:P0A873	uniprotkb:P0A873	uniprotkb:P07020|intact:EBI-1129132|uniprotkb:P0A873	uniprotkb:P07020|intact:EBI-1129132|uniprotkb:P0A873	psi-mi:trmd_ecoli(display_short)|psi-mi:"tRNA (guanine-N(1)-)-methyltransferase"(display_long)|uniprotkb:b2607(locus name)|uniprotkb:JW2588(locus name)|uniprotkb:M1G-methyltransferase(gene name synonym)|uniprotkb:tRNA [GM37] methyltransferase(gene name synonym)|uniprotkb:trmD(gene name)|IntAct:b2607(author assigned name)|IntAct:JW2588(author assigned name)	psi-mi:trmd_ecoli(display_short)|psi-mi:"tRNA (guanine-N(1)-)-methyltransferase"(display_long)|uniprotkb:b2607(locus name)|uniprotkb:JW2588(locus name)|uniprotkb:M1G-methyltransferase(gene name synonym)|uniprotkb:tRNA [GM37] methyltransferase(gene name synonym)|uniprotkb:trmD(gene name)|IntAct:b2607(author assigned name)|IntAct:JW2588(author assigned name)	psi-mi:"MI:0397"(two hybrid array)	Rajagopala S.V. et al.(2014)	intact:EBI-9119531|pubmed:24561554|imex:IM-22059	taxid:83333(ecoli)|taxid:83333("Escherichia coli (strain K12)")	taxid:83333(ecoli)|taxid:83333("Escherichia coli (strain K12)")	psi-mi:"MI:0915"(physical association)	psi-mi:"MI:0469"(European Bioinformatics Institute)	intact:EBI-9170479|imex:IM-22059-403	intact-miscore:0.55
uniprotkb:P0A873	uniprotkb:P0A873	uniprotkb:P07020|intact:EBI-1129132|uniprotkb:P0A873	uniprotkb:P07020|intact:EBI-1129132|uniprotkb:P0A873	psi-mi:trmd_ecoli(display_short)|psi-mi:"tRNA (guanine-N(1)-)-methyltransferase"(display_long)|uniprotkb:b2607(locus name)|uniprotkb:JW2588(locus name)|uniprotkb:M1G-methyltransferase(gene name synonym)|uniprotkb:tRNA [GM37] methyltransferase(gene name synonym)|uniprotkb:trmD(gene name)|IntAct:b2607(author assigned name)|IntAct:JW2588(author assigned name)	psi-mi:trmd_ecoli(display_short)|psi-mi:"tRNA (guanine-N(1)-)-methyltransferase"(display_long)|uniprotkb:b2607(locus name)|uniprotkb:JW2588(locus name)|uniprotkb:M1G-methyltransferase(gene name synonym)|uniprotkb:tRNA [GM37] methyltransferase(gene name synonym)|uniprotkb:trmD(gene name)|IntAct:b2607(author assigned name)|IntAct:JW2588(author assigned name)	psi-mi:"MI:0397"(two hybrid array)	Rajagopala S.V. et al.(2014)	intact:EBI-9119531|pubmed:24561554|imex:IM-22059	taxid:83333(ecoli)|taxid:83333("Escherichia coli (strain K12)")	taxid:83333(ecoli)|taxid:83333("Escherichia coli (strain K12)")	psi-mi:"MI:0915"(physical association)	psi-mi:"MI:0469"(European Bioinformatics Institute)	intact:EBI-9170496|imex:IM-22059-404	intact-miscore:0.55
uniprotkb:Q8N1G0	uniprotkb:Q8ZBU9	uniprotkb:Q68DQ8|uniprotkb:Q9H937|uniprotkb:Q9P2A7|uniprotkb:D3DV17|ensembl:ENSP00000319829.5|ensembl:ENSP00000336620.5|intact:EBI-1210558|uniprotkb:Q8N1G0	uniprotkb:Q8ZBU9|intact:EBI-2849165|uniprotkb:Q8CWH8|uniprotkb:Q0WBZ9	psi-mi:zn687_human(display_short)|psi-mi:Zinc finger protein 687(display_long)|uniprotkb:ZNF687(gene name)|uniprotkb:KIAA1441(gene name synonym)|IntAct:ZN687_HUMAN(author assigned name)	psi-mi:trmd_yerpe(display_short)|psi-mi:"tRNA (guanine-N(1)-)-methyltransferase"(display_long)|uniprotkb:trmD(gene name)|uniprotkb:YP_0393(locus name)|uniprotkb:y0896(locus name)|uniprotkb:YPO3293(locus name)|uniprotkb:tRNA [GM37] methyltransferase(gene name synonym)|uniprotkb:M1G-methyltransferase(gene name synonym)|IntAct:TRMD_YERPE(author assigned name)	psi-mi:"MI:0398"(two hybrid pooling approach)	Dyer MD. et al.(2010)	intact:EBI-2696919|pubmed:20711500|imex:IM-13779	taxid:9606(human)|taxid:9606(Homo sapiens)	taxid:632(yerpe)|taxid:632(Yersinia pestis)	psi-mi:"MI:0915"(physical association)	psi-mi:"MI:0469"(European Bioinformatics Institute)	intact:EBI-2849162|imex:IM-13779-5329	intact-miscore:0.37|author-based confidence:1
uniprotkb:Q8ZBU9	uniprotkb:Q9Y2H6	uniprotkb:Q8ZBU9|intact:EBI-2849165|uniprotkb:Q8CWH8|uniprotkb:Q0WBZ9	uniprotkb:Q6EVH4|uniprotkb:Q6N020|uniprotkb:B4DYG1|uniprotkb:Q5JVF8|uniprotkb:Q5HYC9|uniprotkb:Q6ZME4|uniprotkb:Q6P9D5|uniprotkb:Q6EVH3|uniprotkb:Q5JVF9|uniprotkb:Q9H1W1|ensembl:ENSP00000417257.1|ensembl:ENSP00000441831.1|intact:EBI-2810266|uniprotkb:Q9Y2H6	psi-mi:trmd_yerpe(display_short)|psi-mi:"tRNA (guanine-N(1)-)-methyltransferase"(display_long)|uniprotkb:trmD(gene name)|uniprotkb:YP_0393(locus name)|uniprotkb:y0896(locus name)|uniprotkb:YPO3293(locus name)|uniprotkb:tRNA [GM37] methyltransferase(gene name synonym)|uniprotkb:M1G-methyltransferase(gene name synonym)|IntAct:TRMD_YERPE(author assigned name)	psi-mi:fnd3a_human(display_short)|psi-mi:Fibronectin type-III domain-containing protein 3A(display_long)|uniprotkb:FNDC3A(gene name)|uniprotkb:Human gene expressed in odontoblasts(gene name synonym)|uniprotkb:KIAA0970(gene name synonym)|uniprotkb:HUGO(gene name synonym)|uniprotkb:FNDC3(gene name synonym)|IntAct:FND3A_HUMAN(author assigned name)	psi-mi:"MI:0398"(two hybrid pooling approach)	Dyer MD. et al.(2010)	intact:EBI-2696919|pubmed:20711500|imex:IM-13779	taxid:632(yerpe)|taxid:632(Yersinia pestis)	taxid:9606(human)|taxid:9606(Homo sapiens)	psi-mi:"MI:0915"(physical association)	psi-mi:"MI:0469"(European Bioinformatics Institute)	intact:EBI-2869660|imex:IM-13779-7599	intact-miscore:0.37|author-based confidence:1
uniprotkb:O25939	uniprotkb:O25766	uniprotkb:O25939|intact:EBI-9266334	intact:MINT-179982|intact:EBI-7612675|uniprotkb:O25766	psi-mi:o25939_helpy(display_short)|uniprotkb:HP_1389(locus name)|IntAct:HP_1389(author assigned name)	psi-mi:trmd_helpy(display_short)|psi-mi:"tRNA (guanine-N(1)-)-methyltransferase"(display_long)|uniprotkb:HP_1148(locus name)|uniprotkb:M1G-methyltransferase(gene name synonym)|uniprotkb:tRNA [GM37] methyltransferase(gene name synonym)|uniprotkb:trmD(gene name)|IntAct:trmD HP_1148(author assigned name)	psi-mi:"MI:0397"(two hybrid array)	Häuser R. et al.(2014)	intact:EBI-9256606|pubmed:24627523|imex:IM-22256	taxid:85962(helpy)|taxid:85962(Helicobacter pylori)	taxid:85962(helpy)|taxid:85962(Helicobacter pylori)	psi-mi:"MI:0915"(physical association)	psi-mi:"MI:0469"(European Bioinformatics Institute)	intact:EBI-9326851|imex:IM-22256-564	intact-miscore:0.37|author-based confidence:B
uniprotkb:O25939	uniprotkb:O25766	uniprotkb:O25939|intact:EBI-9266334	intact:MINT-179982|intact:EBI-7612675|uniprotkb:O25766	psi-mi:o25939_helpy(display_short)|uniprotkb:HP_1389(locus name)|IntAct:HP_1389(author assigned name)	psi-mi:trmd_helpy(display_short)|psi-mi:"tRNA (guanine-N(1)-)-methyltransferase"(display_long)|uniprotkb:HP_1148(locus name)|uniprotkb:M1G-methyltransferase(gene name synonym)|uniprotkb:tRNA [GM37] methyltransferase(gene name synonym)|uniprotkb:trmD(gene name)|IntAct:trmD HP_1148(author assigned name)	psi-mi:"MI:0397"(two hybrid array)	Häuser R. et al.(2014)	intact:EBI-9256606|pubmed:24627523|imex:IM-22256	taxid:85962(helpy)|taxid:85962(Helicobacter pylori)	taxid:85962(helpy)|taxid:85962(Helicobacter pylori)	psi-mi:"MI:0915"(physical association)	psi-mi:"MI:0469"(European Bioinformatics Institute)	intact:EBI-9338289|imex:IM-22256-1198	intact-miscore:0.37|author-based confidence:B
uniprotkb:O31741	uniprotkb:O31863	uniprotkb:O31741|intact:EBI-5255158	intact:EBI-5250486|uniprotkb:O31863	psi-mi:trmd_bacsu(display_short)|psi-mi:"tRNA (guanine-N(1)-)-methyltransferase"(display_long)|uniprotkb:trmD(gene name)|uniprotkb:BSU16030(locus name)|uniprotkb:tRNA [GM37] methyltransferase(gene name synonym)|uniprotkb:M1G-methyltransferase(gene name synonym)|IntAct:BSU16030(author assigned name)|IntAct:TrmD(author assigned name)	psi-mi:yozd_bacsu(display_short)|psi-mi:Uncharacterized protein YozD(display_long)|uniprotkb:BSU19660(locus name)|uniprotkb:yozD(gene name)|IntAct:YozD(author assigned name)|IntAct:BSU19660(author assigned name)	psi-mi:"MI:0018"(two hybrid)	Marchadier E. et al.(2011)	intact:EBI-4408675|pubmed:21630458|imex:IM-16574	taxid:224308(bacsu)|taxid:224308(Bacillus subtilis)	taxid:224308(bacsu)|taxid:224308(Bacillus subtilis)	psi-mi:"MI:0915"(physical association)	psi-mi:"MI:0469"(European Bioinformatics Institute)	intact:EBI-5255162|imex:IM-16574-696	intact-miscore:0.37|author-based confidence:0.321
uniprotkb:O25766	uniprotkb:O25979	intact:MINT-179982|intact:EBI-7612675|uniprotkb:O25766	intact:MINT-185606|intact:EBI-7493621|uniprotkb:O25979	psi-mi:trmd_helpy(display_short)|psi-mi:"tRNA (guanine-N(1)-)-methyltransferase"(display_long)|uniprotkb:HP_1148(locus name)|uniprotkb:M1G-methyltransferase(gene name synonym)|uniprotkb:tRNA [GM37] methyltransferase(gene name synonym)|uniprotkb:trmD(gene name)|IntAct:trmD HP_1148(author assigned name)	psi-mi:o25979_helpy(display_short)|uniprotkb:HP_1438(locus name)|IntAct:HP_1438(author assigned name)	psi-mi:"MI:0397"(two hybrid array)	Häuser R. et al.(2014)	intact:EBI-9256606|pubmed:24627523|imex:IM-22256	taxid:85962(helpy)|taxid:85962(Helicobacter pylori)	taxid:85962(helpy)|taxid:85962(Helicobacter pylori)	psi-mi:"MI:0915"(physical association)	psi-mi:"MI:0469"(European Bioinformatics Institute)	intact:EBI-9338505|imex:IM-22256-1210	intact-miscore:0.37|author-based confidence:B
uniprotkb:O25979	uniprotkb:O25766	intact:MINT-185606|intact:EBI-7493621|uniprotkb:O25979	intact:MINT-179982|intact:EBI-7612675|uniprotkb:O25766	psi-mi:o25979_helpy(display_short)|uniprotkb:HP_1438(locus name)|IntAct:HP_1438(author assigned name)	psi-mi:trmd_helpy(display_short)|psi-mi:"tRNA (guanine-N(1)-)-methyltransferase"(display_long)|uniprotkb:HP_1148(locus name)|uniprotkb:M1G-methyltransferase(gene name synonym)|uniprotkb:tRNA [GM37] methyltransferase(gene name synonym)|uniprotkb:trmD(gene name)|IntAct:trmD HP_1148(author assigned name)	psi-mi:"MI:0397"(two hybrid array)	Häuser R. et al.(2014)	intact:EBI-9256606|pubmed:24627523|imex:IM-22256	taxid:85962(helpy)|taxid:85962(Helicobacter pylori)	taxid:85962(helpy)|taxid:85962(Helicobacter pylori)	psi-mi:"MI:0915"(physical association)	psi-mi:"MI:0469"(European Bioinformatics Institute)	intact:EBI-9327409|imex:IM-22256-595	intact-miscore:0.37|author-based confidence:B
uniprotkb:O25338	uniprotkb:O25766	intact:MINT-162121|intact:EBI-7494589|uniprotkb:O25338	intact:MINT-179982|intact:EBI-7612675|uniprotkb:O25766	psi-mi:muts2_helpy(display_short)|psi-mi:Endonuclease MutS2(display_long)|uniprotkb:mutSB(gene name synonym)|uniprotkb:Ribosome-associated protein quality control-upstream factor(gene name synonym)|uniprotkb:rqcU(gene name synonym)|uniprotkb:HP_0621(locus name)|uniprotkb:mutS2(gene name)|IntAct:mutSB mutS2 HP_0621(author assigned name)	psi-mi:trmd_helpy(display_short)|psi-mi:"tRNA (guanine-N(1)-)-methyltransferase"(display_long)|uniprotkb:HP_1148(locus name)|uniprotkb:M1G-methyltransferase(gene name synonym)|uniprotkb:tRNA [GM37] methyltransferase(gene name synonym)|uniprotkb:trmD(gene name)|IntAct:trmD HP_1148(author assigned name)	psi-mi:"MI:0397"(two hybrid array)	Häuser R. et al.(2014)	intact:EBI-9256606|pubmed:24627523|imex:IM-22256	taxid:85962(helpy)|taxid:85962(Helicobacter pylori)	taxid:85962(helpy)|taxid:85962(Helicobacter pylori)	psi-mi:"MI:0915"(physical association)	psi-mi:"MI:0469"(European Bioinformatics Institute)	intact:EBI-9321381|imex:IM-22256-261	intact-miscore:0.37|author-based confidence:A
uniprotkb:O25834	uniprotkb:O25766	uniprotkb:O25834|intact:EBI-7501728|intact:MINT-164014	intact:MINT-179982|intact:EBI-7612675|uniprotkb:O25766	psi-mi:o25834_helpy(display_short)|psi-mi:Competence protein(display_long)|uniprotkb:HP_1236(locus name)	psi-mi:trmd_helpy(display_short)|psi-mi:"tRNA (guanine-N(1)-)-methyltransferase"(display_long)|uniprotkb:HP_1148(locus name)|uniprotkb:M1G-methyltransferase(gene name synonym)|uniprotkb:tRNA [GM37] methyltransferase(gene name synonym)|uniprotkb:trmD(gene name)	psi-mi:"MI:0018"(two hybrid)	Rain JC. et al.(2001)	intact:EBI-7492906|doi:10.1038/35051615|mint:MINT-445765|mint:MINT-5213541|pubmed:11196647	taxid:85962(helpy)|taxid:85962(Helicobacter pylori)	taxid:85962(helpy)|taxid:85962(Helicobacter pylori)	psi-mi:"MI:0915"(physical association)	psi-mi:"MI:0471"(MINT, Dpt of Biology, University of Rome Tor Vergata)	intact:EBI-7612669|mint:MINT-4070682	intact-miscore:0.37
uniprotkb:Q72DU3	uniprotkb:Q72FB7	uniprotkb:Q72DU3|intact:EBI-10069213	uniprotkb:Q72FB7|intact:EBI-10070463	psi-mi:trmd_nitv2(display_short)|psi-mi:"tRNA (guanine-N(1)-)-methyltransferase"(display_long)|uniprotkb:trmD(gene name)|uniprotkb:DVU_0836(locus name)|uniprotkb:tRNA [GM37] methyltransferase(gene name synonym)|uniprotkb:M1G-methyltransferase(gene name synonym)|uniprotkb:DVU0836(locus name)	psi-mi:q72fb7_nitv2(display_short)|psi-mi:DUF4911 domain-containing protein(display_long)|uniprotkb:DVU_0297(locus name)|uniprotkb:DVU0297(locus name)	psi-mi:"MI:0676"(tandem affinity purification)	Shatsky M. et al.(2016)	intact:EBI-9634266|pubmed:26873250|imex:IM-22740	taxid:882(desvh)|taxid:882("Desulfovibrio vulgaris (strain Hildenborough / ATCC 29579 / NCIMB 8303)")	taxid:882(desvh)|taxid:882("Desulfovibrio vulgaris (strain Hildenborough / ATCC 29579 / NCIMB 8303)")	psi-mi:"MI:0914"(association)	psi-mi:"MI:0469"(European Bioinformatics Institute)	intact:EBI-10070460|imex:IM-22740-302	intact-miscore:0.5
uniprotkb:Q72DU3	uniprotkb:Q72FB7	uniprotkb:Q72DU3|intact:EBI-10069213	uniprotkb:Q72FB7|intact:EBI-10070463	psi-mi:trmd_nitv2(display_short)|psi-mi:"tRNA (guanine-N(1)-)-methyltransferase"(display_long)|uniprotkb:trmD(gene name)|uniprotkb:DVU_0836(locus name)|uniprotkb:tRNA [GM37] methyltransferase(gene name synonym)|uniprotkb:M1G-methyltransferase(gene name synonym)|uniprotkb:DVU0836(locus name)	psi-mi:q72fb7_nitv2(display_short)|psi-mi:DUF4911 domain-containing protein(display_long)|uniprotkb:DVU_0297(locus name)|uniprotkb:DVU0297(locus name)	psi-mi:"MI:0676"(tandem affinity purification)	Shatsky M. et al.(2016)	intact:EBI-9634266|pubmed:26873250|imex:IM-22740	taxid:882(desvh)|taxid:882("Desulfovibrio vulgaris (strain Hildenborough / ATCC 29579 / NCIMB 8303)")	taxid:882(desvh)|taxid:882("Desulfovibrio vulgaris (strain Hildenborough / ATCC 29579 / NCIMB 8303)")	psi-mi:"MI:0915"(physical association)	psi-mi:"MI:0469"(European Bioinformatics Institute)	intact:EBI-10070480|imex:IM-22740-303	intact-miscore:0.5
uniprotkb:Q9PML1	uniprotkb:Q9PPJ4	uniprotkb:Q0P8G6|intact:EBI-1327839|uniprotkb:Q9PML1	uniprotkb:Q0PAG6|intact:EBI-1329123|uniprotkb:Q9PPJ4	psi-mi:y1449_camje(display_short)|psi-mi:UPF0306 protein Cj1449c(display_long)|uniprotkb:Cj1449c(locus name)	psi-mi:trmd_camje(display_short)|psi-mi:"tRNA (guanine-N(1)-)-methyltransferase"(display_long)|uniprotkb:Cj0713(locus name)|uniprotkb:M1G-methyltransferase(gene name synonym)|uniprotkb:tRNA [GM37] methyltransferase(gene name synonym)|uniprotkb:trmD(gene name)	psi-mi:"MI:0397"(two hybrid array)	Parrish JR. et al.(2007)	intact:EBI-1991756|pubmed:17615063	taxid:192222(camje)|taxid:192222("Campylobacter jejuni subsp. jejuni serotype O:2 (strain NCTC 11168)")	taxid:192222(camje)|taxid:192222("Campylobacter jejuni subsp. jejuni serotype O:2 (strain NCTC 11168)")	psi-mi:"MI:0915"(physical association)	psi-mi:"MI:0469"(European Bioinformatics Institute)	intact:EBI-1362245	intact-miscore:0.37|author-based confidence:0.20
uniprotkb:Q0PBX4	uniprotkb:Q9PPJ4	intact:EBI-1191393|uniprotkb:Q0PBX4	uniprotkb:Q0PAG6|intact:EBI-1329123|uniprotkb:Q9PPJ4	psi-mi:q0pbx4_camje(display_short)|uniprotkb:Cj0163c(locus name)	psi-mi:trmd_camje(display_short)|psi-mi:"tRNA (guanine-N(1)-)-methyltransferase"(display_long)|uniprotkb:Cj0713(locus name)|uniprotkb:M1G-methyltransferase(gene name synonym)|uniprotkb:tRNA [GM37] methyltransferase(gene name synonym)|uniprotkb:trmD(gene name)	psi-mi:"MI:0397"(two hybrid array)	Parrish JR. et al.(2007)	intact:EBI-1991756|pubmed:17615063	taxid:192222(camje)|taxid:192222("Campylobacter jejuni subsp. jejuni serotype O:2 (strain NCTC 11168)")	taxid:192222(camje)|taxid:192222("Campylobacter jejuni subsp. jejuni serotype O:2 (strain NCTC 11168)")	psi-mi:"MI:0915"(physical association)	psi-mi:"MI:0469"(European Bioinformatics Institute)	intact:EBI-1362329	intact-miscore:0.37|author-based confidence:0.16
uniprotkb:Q9PPJ4	uniprotkb:Q0P9P8	uniprotkb:Q0PAG6|intact:EBI-1329123|uniprotkb:Q9PPJ4	intact:EBI-1191376|uniprotkb:Q0P9P8	psi-mi:trmd_camje(display_short)|psi-mi:"tRNA (guanine-N(1)-)-methyltransferase"(display_long)|uniprotkb:Cj0713(locus name)|uniprotkb:M1G-methyltransferase(gene name synonym)|uniprotkb:tRNA [GM37] methyltransferase(gene name synonym)|uniprotkb:trmD(gene name)	psi-mi:q0p9p8_camje(display_short)|uniprotkb:Cj1004(locus name)	psi-mi:"MI:0397"(two hybrid array)	Parrish JR. et al.(2007)	intact:EBI-1991756|pubmed:17615063	taxid:192222(camje)|taxid:192222("Campylobacter jejuni subsp. jejuni serotype O:2 (strain NCTC 11168)")	taxid:192222(camje)|taxid:192222("Campylobacter jejuni subsp. jejuni serotype O:2 (strain NCTC 11168)")	psi-mi:"MI:0915"(physical association)	psi-mi:"MI:0469"(European Bioinformatics Institute)	intact:EBI-1361498	intact-miscore:0.37|author-based confidence:0.98
uniprotkb:Q0P8S6	uniprotkb:Q9PPJ4	intact:EBI-1328624|uniprotkb:Q0P8S6	uniprotkb:Q0PAG6|intact:EBI-1329123|uniprotkb:Q9PPJ4	psi-mi:q0p8s6_camje(display_short)|uniprotkb:Cj1332(locus name)|uniprotkb:PTMA(gene name)	psi-mi:trmd_camje(display_short)|psi-mi:"tRNA (guanine-N(1)-)-methyltransferase"(display_long)|uniprotkb:Cj0713(locus name)|uniprotkb:M1G-methyltransferase(gene name synonym)|uniprotkb:tRNA [GM37] methyltransferase(gene name synonym)|uniprotkb:trmD(gene name)	psi-mi:"MI:0397"(two hybrid array)	Parrish JR. et al.(2007)	intact:EBI-1991756|pubmed:17615063	taxid:192222(camje)|taxid:192222("Campylobacter jejuni subsp. jejuni serotype O:2 (strain NCTC 11168)")	taxid:192222(camje)|taxid:192222("Campylobacter jejuni subsp. jejuni serotype O:2 (strain NCTC 11168)")	psi-mi:"MI:0915"(physical association)	psi-mi:"MI:0469"(European Bioinformatics Institute)	intact:EBI-1357859	intact-miscore:0.37|author-based confidence:0.18
uniprotkb:Q0P7W3	uniprotkb:Q9PPJ4	intact:EBI-1331982|uniprotkb:Q0P7W3	uniprotkb:Q0PAG6|intact:EBI-1329123|uniprotkb:Q9PPJ4	psi-mi:q0p7w3_camje(display_short)|uniprotkb:Cj1666c(locus name)	psi-mi:trmd_camje(display_short)|psi-mi:"tRNA (guanine-N(1)-)-methyltransferase"(display_long)|uniprotkb:Cj0713(locus name)|uniprotkb:M1G-methyltransferase(gene name synonym)|uniprotkb:tRNA [GM37] methyltransferase(gene name synonym)|uniprotkb:trmD(gene name)	psi-mi:"MI:0397"(two hybrid array)	Parrish JR. et al.(2007)	intact:EBI-1991756|pubmed:17615063	taxid:192222(camje)|taxid:192222("Campylobacter jejuni subsp. jejuni serotype O:2 (strain NCTC 11168)")	taxid:192222(camje)|taxid:192222("Campylobacter jejuni subsp. jejuni serotype O:2 (strain NCTC 11168)")	psi-mi:"MI:0915"(physical association)	psi-mi:"MI:0469"(European Bioinformatics Institute)	intact:EBI-1358855	intact-miscore:0.37|author-based confidence:0.97
uniprotkb:Q0PAH6	uniprotkb:Q9PPJ4	intact:EBI-1331049|uniprotkb:Q0PAH6	uniprotkb:Q0PAG6|intact:EBI-1329123|uniprotkb:Q9PPJ4	psi-mi:q0pah6_camje(display_short)|psi-mi:DUF3972 domain-containing protein(display_long)|uniprotkb:Cj0703(locus name)	psi-mi:trmd_camje(display_short)|psi-mi:"tRNA (guanine-N(1)-)-methyltransferase"(display_long)|uniprotkb:Cj0713(locus name)|uniprotkb:M1G-methyltransferase(gene name synonym)|uniprotkb:tRNA [GM37] methyltransferase(gene name synonym)|uniprotkb:trmD(gene name)	psi-mi:"MI:0397"(two hybrid array)	Parrish JR. et al.(2007)	intact:EBI-1991756|pubmed:17615063	taxid:192222(camje)|taxid:192222("Campylobacter jejuni subsp. jejuni serotype O:2 (strain NCTC 11168)")	taxid:192222(camje)|taxid:192222("Campylobacter jejuni subsp. jejuni serotype O:2 (strain NCTC 11168)")	psi-mi:"MI:0915"(physical association)	psi-mi:"MI:0469"(European Bioinformatics Institute)	intact:EBI-1355975	intact-miscore:0.37|author-based confidence:0.14
uniprotkb:Q0PAF4	uniprotkb:Q9PPJ4	intact:EBI-1328646|uniprotkb:Q0PAF4	uniprotkb:Q0PAG6|intact:EBI-1329123|uniprotkb:Q9PPJ4	psi-mi:q0paf4_camje(display_short)|psi-mi:Molybdopterin adenylyltransferase(display_long)|uniprotkb:Cj0725c(locus name)	psi-mi:trmd_camje(display_short)|psi-mi:"tRNA (guanine-N(1)-)-methyltransferase"(display_long)|uniprotkb:Cj0713(locus name)|uniprotkb:M1G-methyltransferase(gene name synonym)|uniprotkb:tRNA [GM37] methyltransferase(gene name synonym)|uniprotkb:trmD(gene name)	psi-mi:"MI:0397"(two hybrid array)	Parrish JR. et al.(2007)	intact:EBI-1991756|pubmed:17615063	taxid:192222(camje)|taxid:192222("Campylobacter jejuni subsp. jejuni serotype O:2 (strain NCTC 11168)")	taxid:192222(camje)|taxid:192222("Campylobacter jejuni subsp. jejuni serotype O:2 (strain NCTC 11168)")	psi-mi:"MI:0915"(physical association)	psi-mi:"MI:0469"(European Bioinformatics Institute)	intact:EBI-1355996	intact-miscore:0.37|author-based confidence:0.13
uniprotkb:Q0P9X9	uniprotkb:Q9PPJ4	intact:EBI-1192333|uniprotkb:Q0P9X9	uniprotkb:Q0PAG6|intact:EBI-1329123|uniprotkb:Q9PPJ4	psi-mi:q0p9x9_camje(display_short)|uniprotkb:Cj0920c(locus name)	psi-mi:trmd_camje(display_short)|psi-mi:"tRNA (guanine-N(1)-)-methyltransferase"(display_long)|uniprotkb:Cj0713(locus name)|uniprotkb:M1G-methyltransferase(gene name synonym)|uniprotkb:tRNA [GM37] methyltransferase(gene name synonym)|uniprotkb:trmD(gene name)	psi-mi:"MI:0397"(two hybrid array)	Parrish JR. et al.(2007)	intact:EBI-1991756|pubmed:17615063	taxid:192222(camje)|taxid:192222("Campylobacter jejuni subsp. jejuni serotype O:2 (strain NCTC 11168)")	taxid:192222(camje)|taxid:192222("Campylobacter jejuni subsp. jejuni serotype O:2 (strain NCTC 11168)")	psi-mi:"MI:0915"(physical association)	psi-mi:"MI:0469"(European Bioinformatics Institute)	intact:EBI-1356134	intact-miscore:0.37|author-based confidence:0.61
uniprotkb:Q0P9C2	uniprotkb:Q9PPJ4	intact:EBI-1329975|uniprotkb:Q0P9C2	uniprotkb:Q0PAG6|intact:EBI-1329123|uniprotkb:Q9PPJ4	psi-mi:q0p9c2_camje(display_short)|psi-mi:Predicted 3'-5' exonuclease PolB-like domain-containing protein(display_long)|uniprotkb:Cj1132c(locus name)	psi-mi:trmd_camje(display_short)|psi-mi:"tRNA (guanine-N(1)-)-methyltransferase"(display_long)|uniprotkb:Cj0713(locus name)|uniprotkb:M1G-methyltransferase(gene name synonym)|uniprotkb:tRNA [GM37] methyltransferase(gene name synonym)|uniprotkb:trmD(gene name)	psi-mi:"MI:0397"(two hybrid array)	Parrish JR. et al.(2007)	intact:EBI-1991756|pubmed:17615063	taxid:192222(camje)|taxid:192222("Campylobacter jejuni subsp. jejuni serotype O:2 (strain NCTC 11168)")	taxid:192222(camje)|taxid:192222("Campylobacter jejuni subsp. jejuni serotype O:2 (strain NCTC 11168)")	psi-mi:"MI:0915"(physical association)	psi-mi:"MI:0469"(European Bioinformatics Institute)	intact:EBI-1356302	intact-miscore:0.37|author-based confidence:0.29
uniprotkb:Q0P8F5	uniprotkb:Q9PPJ4	intact:EBI-1194888|uniprotkb:Q0P8F5	uniprotkb:Q0PAG6|intact:EBI-1329123|uniprotkb:Q9PPJ4	psi-mi:q0p8f5_camje(display_short)|psi-mi:Ornithine carbamoyltransferase(display_long)|uniprotkb:Cj1460(locus name)	psi-mi:trmd_camje(display_short)|psi-mi:"tRNA (guanine-N(1)-)-methyltransferase"(display_long)|uniprotkb:Cj0713(locus name)|uniprotkb:M1G-methyltransferase(gene name synonym)|uniprotkb:tRNA [GM37] methyltransferase(gene name synonym)|uniprotkb:trmD(gene name)	psi-mi:"MI:0397"(two hybrid array)	Parrish JR. et al.(2007)	intact:EBI-1991756|pubmed:17615063	taxid:192222(camje)|taxid:192222("Campylobacter jejuni subsp. jejuni serotype O:2 (strain NCTC 11168)")	taxid:192222(camje)|taxid:192222("Campylobacter jejuni subsp. jejuni serotype O:2 (strain NCTC 11168)")	psi-mi:"MI:0915"(physical association)	psi-mi:"MI:0469"(European Bioinformatics Institute)	intact:EBI-1357601	intact-miscore:0.37|author-based confidence:0.05
uniprotkb:Q0PB14	uniprotkb:Q9PPJ4	intact:EBI-1194210|uniprotkb:Q0PB14	uniprotkb:Q0PAG6|intact:EBI-1329123|uniprotkb:Q9PPJ4	psi-mi:q0pb14_camje(display_short)|uniprotkb:Cj0499(locus name)	psi-mi:trmd_camje(display_short)|psi-mi:"tRNA (guanine-N(1)-)-methyltransferase"(display_long)|uniprotkb:Cj0713(locus name)|uniprotkb:M1G-methyltransferase(gene name synonym)|uniprotkb:tRNA [GM37] methyltransferase(gene name synonym)|uniprotkb:trmD(gene name)	psi-mi:"MI:0397"(two hybrid array)	Parrish JR. et al.(2007)	intact:EBI-1991756|pubmed:17615063	taxid:192222(camje)|taxid:192222("Campylobacter jejuni subsp. jejuni serotype O:2 (strain NCTC 11168)")	taxid:192222(camje)|taxid:192222("Campylobacter jejuni subsp. jejuni serotype O:2 (strain NCTC 11168)")	psi-mi:"MI:0915"(physical association)	psi-mi:"MI:0469"(European Bioinformatics Institute)	intact:EBI-1357661	intact-miscore:0.37|author-based confidence:0.06
uniprotkb:Q9PPJ4	uniprotkb:Q0P8A8	uniprotkb:Q0PAG6|intact:EBI-1329123|uniprotkb:Q9PPJ4	intact:EBI-1328229|uniprotkb:Q0P8A8	psi-mi:trmd_camje(display_short)|psi-mi:"tRNA (guanine-N(1)-)-methyltransferase"(display_long)|uniprotkb:Cj0713(locus name)|uniprotkb:M1G-methyltransferase(gene name synonym)|uniprotkb:tRNA [GM37] methyltransferase(gene name synonym)|uniprotkb:trmD(gene name)	psi-mi:q0p8a8_camje(display_short)|uniprotkb:Cj1510c(locus name)|uniprotkb:fdhB(gene name)	psi-mi:"MI:0397"(two hybrid array)	Parrish JR. et al.(2007)	intact:EBI-1991756|pubmed:17615063	taxid:192222(camje)|taxid:192222("Campylobacter jejuni subsp. jejuni serotype O:2 (strain NCTC 11168)")	taxid:192222(camje)|taxid:192222("Campylobacter jejuni subsp. jejuni serotype O:2 (strain NCTC 11168)")	psi-mi:"MI:0915"(physical association)	psi-mi:"MI:0469"(European Bioinformatics Institute)	intact:EBI-1357715	intact-miscore:0.37|author-based confidence:0.74
uniprotkb:Q9PPJ4	uniprotkb:Q0P8M9	uniprotkb:Q0PAG6|intact:EBI-1329123|uniprotkb:Q9PPJ4	intact:EBI-1193408|uniprotkb:Q0P8M9	psi-mi:trmd_camje(display_short)|psi-mi:"tRNA (guanine-N(1)-)-methyltransferase"(display_long)|uniprotkb:Cj0713(locus name)|uniprotkb:M1G-methyltransferase(gene name synonym)|uniprotkb:tRNA [GM37] methyltransferase(gene name synonym)|uniprotkb:trmD(gene name)	psi-mi:q0p8m9_camje(display_short)|uniprotkb:Cj1380(locus name)	psi-mi:"MI:0397"(two hybrid array)	Parrish JR. et al.(2007)	intact:EBI-1991756|pubmed:17615063	taxid:192222(camje)|taxid:192222("Campylobacter jejuni subsp. jejuni serotype O:2 (strain NCTC 11168)")	taxid:192222(camje)|taxid:192222("Campylobacter jejuni subsp. jejuni serotype O:2 (strain NCTC 11168)")	psi-mi:"MI:0915"(physical association)	psi-mi:"MI:0469"(European Bioinformatics Institute)	intact:EBI-1357721	intact-miscore:0.37|author-based confidence:0.27
uniprotkb:Q0P9N3	uniprotkb:Q9PPJ4	intact:EBI-1194923|uniprotkb:Q0P9N3	uniprotkb:Q0PAG6|intact:EBI-1329123|uniprotkb:Q9PPJ4	psi-mi:q0p9n3_camje(display_short)|uniprotkb:Cj1019c(locus name)|uniprotkb:livJ(gene name)	psi-mi:trmd_camje(display_short)|psi-mi:"tRNA (guanine-N(1)-)-methyltransferase"(display_long)|uniprotkb:Cj0713(locus name)|uniprotkb:M1G-methyltransferase(gene name synonym)|uniprotkb:tRNA [GM37] methyltransferase(gene name synonym)|uniprotkb:trmD(gene name)	psi-mi:"MI:0397"(two hybrid array)	Parrish JR. et al.(2007)	intact:EBI-1991756|pubmed:17615063	taxid:192222(camje)|taxid:192222("Campylobacter jejuni subsp. jejuni serotype O:2 (strain NCTC 11168)")	taxid:192222(camje)|taxid:192222("Campylobacter jejuni subsp. jejuni serotype O:2 (strain NCTC 11168)")	psi-mi:"MI:0915"(physical association)	psi-mi:"MI:0469"(European Bioinformatics Institute)	intact:EBI-1348235	intact-miscore:0.37|author-based confidence:0.06
uniprotkb:Q0PBD8	uniprotkb:Q9PPJ4	intact:EBI-1326758|uniprotkb:Q0PBD8	uniprotkb:Q0PAG6|intact:EBI-1329123|uniprotkb:Q9PPJ4	psi-mi:q0pbd8_camje(display_short)|uniprotkb:Cj0372(locus name)	psi-mi:trmd_camje(display_short)|psi-mi:"tRNA (guanine-N(1)-)-methyltransferase"(display_long)|uniprotkb:Cj0713(locus name)|uniprotkb:M1G-methyltransferase(gene name synonym)|uniprotkb:tRNA [GM37] methyltransferase(gene name synonym)|uniprotkb:trmD(gene name)	psi-mi:"MI:0397"(two hybrid array)	Parrish JR. et al.(2007)	intact:EBI-1991756|pubmed:17615063	taxid:192222(camje)|taxid:192222("Campylobacter jejuni subsp. jejuni serotype O:2 (strain NCTC 11168)")	taxid:192222(camje)|taxid:192222("Campylobacter jejuni subsp. jejuni serotype O:2 (strain NCTC 11168)")	psi-mi:"MI:0915"(physical association)	psi-mi:"MI:0469"(European Bioinformatics Institute)	intact:EBI-1348592	intact-miscore:0.37|author-based confidence:0.66
uniprotkb:Q72DU3	uniprotkb:Q72D36	uniprotkb:Q72DU3|intact:EBI-10069213	uniprotkb:Q72D36|intact:EBI-10067699	psi-mi:trmd_nitv2(display_short)|psi-mi:"tRNA (guanine-N(1)-)-methyltransferase"(display_long)|uniprotkb:trmD(gene name)|uniprotkb:DVU_0836(locus name)|uniprotkb:tRNA [GM37] methyltransferase(gene name synonym)|uniprotkb:M1G-methyltransferase(gene name synonym)|uniprotkb:DVU0836(locus name)	psi-mi:arly_nitv2(display_short)|psi-mi:Argininosuccinate lyase(display_long)|uniprotkb:argH(gene name)|uniprotkb:DVU_1094(locus name)|uniprotkb:Arginosuccinase(gene name synonym)|uniprotkb:DVU1094(locus name)	psi-mi:"MI:0363"(inferred by author)	Shatsky M. et al.(2016)	intact:EBI-10060660|pubmed:unassigned1256	taxid:882(desvh)|taxid:882("Desulfovibrio vulgaris (strain Hildenborough / ATCC 29579 / NCIMB 8303)")	taxid:882(desvh)|taxid:882("Desulfovibrio vulgaris (strain Hildenborough / ATCC 29579 / NCIMB 8303)")	psi-mi:"MI:1110"(predicted interaction)	psi-mi:"MI:0469"(European Bioinformatics Institute)	intact:EBI-10090557	intact-miscore:0.14
uniprotkb:P73183	uniprotkb:P72828	intact:EBI-1607825|uniprotkb:P73183	uniprotkb:P72828|intact:EBI-1610518	psi-mi:hlia_syny3(display_short)|psi-mi:High light-inducible protein HliA(display_long)|uniprotkb:Small Cab-like protein ScpC(gene name synonym)|uniprotkb:scpC(gene name synonym)|uniprotkb:ssl2542(locus name)|uniprotkb:hliA(gene name)	psi-mi:trmd_syny3(display_short)|psi-mi:"tRNA (guanine-N(1)-)-methyltransferase"(display_long)|uniprotkb:trmD(gene name)|uniprotkb:sll1198(locus name)|uniprotkb:tRNA [GM37] methyltransferase(gene name synonym)|uniprotkb:M1G-methyltransferase(gene name synonym)	psi-mi:"MI:0018"(two hybrid)	Sato S. et al.(2007)	intact:EBI-1607509|pubmed:18000013	taxid:1111708(syny3)|taxid:1111708("Synechocystis sp. (strain PCC 6803 / Kazusa)")	taxid:1111708(syny3)|taxid:1111708("Synechocystis sp. (strain PCC 6803 / Kazusa)")	psi-mi:"MI:0915"(physical association)	psi-mi:"MI:0469"(European Bioinformatics Institute)	intact:EBI-1610522	intact-miscore:0.37|author-based confidence:C
uniprotkb:O69297	uniprotkb:Q9PPJ4	uniprotkb:Q0PAD2|uniprotkb:Q9PPG1|intact:EBI-1328751|uniprotkb:O69297	uniprotkb:Q0PAG6|intact:EBI-1329123|uniprotkb:Q9PPJ4	psi-mi:grpe_camje(display_short)|psi-mi:Protein GrpE(display_long)|uniprotkb:Cj0758(locus name)|uniprotkb:HSP-70 cofactor(gene name synonym)|uniprotkb:grpE(gene name)	psi-mi:trmd_camje(display_short)|psi-mi:"tRNA (guanine-N(1)-)-methyltransferase"(display_long)|uniprotkb:Cj0713(locus name)|uniprotkb:M1G-methyltransferase(gene name synonym)|uniprotkb:tRNA [GM37] methyltransferase(gene name synonym)|uniprotkb:trmD(gene name)	psi-mi:"MI:0397"(two hybrid array)	Parrish JR. et al.(2007)	intact:EBI-1991756|pubmed:17615063	taxid:192222(camje)|taxid:192222("Campylobacter jejuni subsp. jejuni serotype O:2 (strain NCTC 11168)")	taxid:192222(camje)|taxid:192222("Campylobacter jejuni subsp. jejuni serotype O:2 (strain NCTC 11168)")	psi-mi:"MI:0915"(physical association)	psi-mi:"MI:0469"(European Bioinformatics Institute)	intact:EBI-1362371	intact-miscore:0.37|author-based confidence:0.20
uniprotkb:Q0P9N8	uniprotkb:Q9PPJ4	intact:EBI-1191771|uniprotkb:Q0P9N8	uniprotkb:Q0PAG6|intact:EBI-1329123|uniprotkb:Q9PPJ4	psi-mi:q0p9n8_camje(display_short)|uniprotkb:Cj1014c(locus name)|uniprotkb:livF(gene name)	psi-mi:trmd_camje(display_short)|psi-mi:"tRNA (guanine-N(1)-)-methyltransferase"(display_long)|uniprotkb:Cj0713(locus name)|uniprotkb:M1G-methyltransferase(gene name synonym)|uniprotkb:tRNA [GM37] methyltransferase(gene name synonym)|uniprotkb:trmD(gene name)	psi-mi:"MI:0397"(two hybrid array)	Parrish JR. et al.(2007)	intact:EBI-1991756|pubmed:17615063	taxid:192222(camje)|taxid:192222("Campylobacter jejuni subsp. jejuni serotype O:2 (strain NCTC 11168)")	taxid:192222(camje)|taxid:192222("Campylobacter jejuni subsp. jejuni serotype O:2 (strain NCTC 11168)")	psi-mi:"MI:0915"(physical association)	psi-mi:"MI:0469"(European Bioinformatics Institute)	intact:EBI-1362401	intact-miscore:0.37|author-based confidence:0.77
uniprotkb:Q0P8X3	uniprotkb:Q9PPJ4	intact:EBI-1194819|uniprotkb:Q0P8X3	uniprotkb:Q0PAG6|intact:EBI-1329123|uniprotkb:Q9PPJ4	psi-mi:q0p8x3_camje(display_short)|uniprotkb:Cj1284(locus name)|uniprotkb:ktrA(gene name)	psi-mi:trmd_camje(display_short)|psi-mi:"tRNA (guanine-N(1)-)-methyltransferase"(display_long)|uniprotkb:Cj0713(locus name)|uniprotkb:M1G-methyltransferase(gene name synonym)|uniprotkb:tRNA [GM37] methyltransferase(gene name synonym)|uniprotkb:trmD(gene name)	psi-mi:"MI:0397"(two hybrid array)	Parrish JR. et al.(2007)	intact:EBI-1991756|pubmed:17615063	taxid:192222(camje)|taxid:192222("Campylobacter jejuni subsp. jejuni serotype O:2 (strain NCTC 11168)")	taxid:192222(camje)|taxid:192222("Campylobacter jejuni subsp. jejuni serotype O:2 (strain NCTC 11168)")	psi-mi:"MI:0915"(physical association)	psi-mi:"MI:0469"(European Bioinformatics Institute)	intact:EBI-1362533	intact-miscore:0.37|author-based confidence:0.13
uniprotkb:Q0P8E6	uniprotkb:Q9PPJ4	intact:EBI-1195121|uniprotkb:Q0P8E6	uniprotkb:Q0PAG6|intact:EBI-1329123|uniprotkb:Q9PPJ4	psi-mi:q0p8e6_camje(display_short)|uniprotkb:Cj1471c(locus name)|uniprotkb:ctsE(gene name)	psi-mi:trmd_camje(display_short)|psi-mi:"tRNA (guanine-N(1)-)-methyltransferase"(display_long)|uniprotkb:Cj0713(locus name)|uniprotkb:M1G-methyltransferase(gene name synonym)|uniprotkb:tRNA [GM37] methyltransferase(gene name synonym)|uniprotkb:trmD(gene name)	psi-mi:"MI:0397"(two hybrid array)	Parrish JR. et al.(2007)	intact:EBI-1991756|pubmed:17615063	taxid:192222(camje)|taxid:192222("Campylobacter jejuni subsp. jejuni serotype O:2 (strain NCTC 11168)")	taxid:192222(camje)|taxid:192222("Campylobacter jejuni subsp. jejuni serotype O:2 (strain NCTC 11168)")	psi-mi:"MI:0915"(physical association)	psi-mi:"MI:0469"(European Bioinformatics Institute)	intact:EBI-1362578	intact-miscore:0.37|author-based confidence:0.07
uniprotkb:Q9PN59	uniprotkb:Q9PPJ4	uniprotkb:Q0P918|intact:EBI-1328161|uniprotkb:Q9PN59	uniprotkb:Q0PAG6|intact:EBI-1329123|uniprotkb:Q9PPJ4	psi-mi:pdxj_camje(display_short)|psi-mi:Pyridoxine 5'-phosphate synthase(display_long)|uniprotkb:Cj1238(locus name)|uniprotkb:pdxJ(gene name)	psi-mi:trmd_camje(display_short)|psi-mi:"tRNA (guanine-N(1)-)-methyltransferase"(display_long)|uniprotkb:Cj0713(locus name)|uniprotkb:M1G-methyltransferase(gene name synonym)|uniprotkb:tRNA [GM37] methyltransferase(gene name synonym)|uniprotkb:trmD(gene name)	psi-mi:"MI:0397"(two hybrid array)	Parrish JR. et al.(2007)	intact:EBI-1991756|pubmed:17615063	taxid:192222(camje)|taxid:192222("Campylobacter jejuni subsp. jejuni serotype O:2 (strain NCTC 11168)")	taxid:192222(camje)|taxid:192222("Campylobacter jejuni subsp. jejuni serotype O:2 (strain NCTC 11168)")	psi-mi:"MI:0915"(physical association)	psi-mi:"MI:0469"(European Bioinformatics Institute)	intact:EBI-1356278	intact-miscore:0.37|author-based confidence:0.17
uniprotkb:Q9PNT2	uniprotkb:Q9PPJ4	uniprotkb:Q0P9P4|intact:EBI-1326724|uniprotkb:Q9PNT2	uniprotkb:Q0PAG6|intact:EBI-1329123|uniprotkb:Q9PPJ4	psi-mi:arob_camje(display_short)|psi-mi:3-dehydroquinate synthase(display_long)|uniprotkb:Cj1008c(locus name)|uniprotkb:aroB(gene name)	psi-mi:trmd_camje(display_short)|psi-mi:"tRNA (guanine-N(1)-)-methyltransferase"(display_long)|uniprotkb:Cj0713(locus name)|uniprotkb:M1G-methyltransferase(gene name synonym)|uniprotkb:tRNA [GM37] methyltransferase(gene name synonym)|uniprotkb:trmD(gene name)	psi-mi:"MI:0397"(two hybrid array)	Parrish JR. et al.(2007)	intact:EBI-1991756|pubmed:17615063	taxid:192222(camje)|taxid:192222("Campylobacter jejuni subsp. jejuni serotype O:2 (strain NCTC 11168)")	taxid:192222(camje)|taxid:192222("Campylobacter jejuni subsp. jejuni serotype O:2 (strain NCTC 11168)")	psi-mi:"MI:0915"(physical association)	psi-mi:"MI:0469"(European Bioinformatics Institute)	intact:EBI-1356401	intact-miscore:0.37|author-based confidence:0.12
uniprotkb:Q0P9E6	uniprotkb:Q9PPJ4	intact:EBI-1193873|uniprotkb:Q0P9E6	uniprotkb:Q0PAG6|intact:EBI-1329123|uniprotkb:Q9PPJ4	psi-mi:q0p9e6_camje(display_short)|psi-mi:Chaperone protein ClpB(display_long)|uniprotkb:Cj1108(locus name)|uniprotkb:clpA(gene name)	psi-mi:trmd_camje(display_short)|psi-mi:"tRNA (guanine-N(1)-)-methyltransferase"(display_long)|uniprotkb:Cj0713(locus name)|uniprotkb:M1G-methyltransferase(gene name synonym)|uniprotkb:tRNA [GM37] methyltransferase(gene name synonym)|uniprotkb:trmD(gene name)	psi-mi:"MI:0397"(two hybrid array)	Parrish JR. et al.(2007)	intact:EBI-1991756|pubmed:17615063	taxid:192222(camje)|taxid:192222("Campylobacter jejuni subsp. jejuni serotype O:2 (strain NCTC 11168)")	taxid:192222(camje)|taxid:192222("Campylobacter jejuni subsp. jejuni serotype O:2 (strain NCTC 11168)")	psi-mi:"MI:0915"(physical association)	psi-mi:"MI:0469"(European Bioinformatics Institute)	intact:EBI-1356554	intact-miscore:0.37|author-based confidence:0.15
uniprotkb:Q9PHK9	uniprotkb:Q9PPJ4	uniprotkb:Q0PAL0|intact:EBI-1194908|uniprotkb:Q9PHK9	uniprotkb:Q0PAG6|intact:EBI-1329123|uniprotkb:Q9PPJ4	psi-mi:hslv_camje(display_short)|psi-mi:ATP-dependent protease subunit HslV(display_long)|uniprotkb:Cj0663c(locus name)|uniprotkb:hslV(gene name)	psi-mi:trmd_camje(display_short)|psi-mi:"tRNA (guanine-N(1)-)-methyltransferase"(display_long)|uniprotkb:Cj0713(locus name)|uniprotkb:M1G-methyltransferase(gene name synonym)|uniprotkb:tRNA [GM37] methyltransferase(gene name synonym)|uniprotkb:trmD(gene name)	psi-mi:"MI:0397"(two hybrid array)	Parrish JR. et al.(2007)	intact:EBI-1991756|pubmed:17615063	taxid:192222(camje)|taxid:192222("Campylobacter jejuni subsp. jejuni serotype O:2 (strain NCTC 11168)")	taxid:192222(camje)|taxid:192222("Campylobacter jejuni subsp. jejuni serotype O:2 (strain NCTC 11168)")	psi-mi:"MI:0915"(physical association)	psi-mi:"MI:0469"(European Bioinformatics Institute)	intact:EBI-1357706	intact-miscore:0.37|author-based confidence:0.10
uniprotkb:Q0PB75	uniprotkb:Q9PPJ4	intact:EBI-1326852|uniprotkb:Q0PB75	uniprotkb:Q0PAG6|intact:EBI-1329123|uniprotkb:Q9PPJ4	psi-mi:q0pb75_camje(display_short)|psi-mi:3-oxoacyl-[acyl-carrier-protein] reductase(display_long)|uniprotkb:Cj0435(locus name)|uniprotkb:fabG(gene name)	psi-mi:trmd_camje(display_short)|psi-mi:"tRNA (guanine-N(1)-)-methyltransferase"(display_long)|uniprotkb:Cj0713(locus name)|uniprotkb:M1G-methyltransferase(gene name synonym)|uniprotkb:tRNA [GM37] methyltransferase(gene name synonym)|uniprotkb:trmD(gene name)	psi-mi:"MI:0397"(two hybrid array)	Parrish JR. et al.(2007)	intact:EBI-1991756|pubmed:17615063	taxid:192222(camje)|taxid:192222("Campylobacter jejuni subsp. jejuni serotype O:2 (strain NCTC 11168)")	taxid:192222(camje)|taxid:192222("Campylobacter jejuni subsp. jejuni serotype O:2 (strain NCTC 11168)")	psi-mi:"MI:0915"(physical association)	psi-mi:"MI:0469"(European Bioinformatics Institute)	intact:EBI-1357757	intact-miscore:0.37|author-based confidence:0.16
uniprotkb:Q9PPJ4	uniprotkb:Q0P7V5	uniprotkb:Q0PAG6|intact:EBI-1329123|uniprotkb:Q9PPJ4	intact:EBI-1330068|uniprotkb:Q0P7V5	psi-mi:trmd_camje(display_short)|psi-mi:"tRNA (guanine-N(1)-)-methyltransferase"(display_long)|uniprotkb:Cj0713(locus name)|uniprotkb:M1G-methyltransferase(gene name synonym)|uniprotkb:tRNA [GM37] methyltransferase(gene name synonym)|uniprotkb:trmD(gene name)	psi-mi:q0p7v5_camje(display_short)|psi-mi:1,4-dihydroxy-6-naphtoate synthase(display_long)|uniprotkb:Menaquinone biosynthetic enzyme MqnD(gene name synonym)|uniprotkb:Cj1674(locus name)|uniprotkb:mqnD(gene name)	psi-mi:"MI:0397"(two hybrid array)	Parrish JR. et al.(2007)	intact:EBI-1991756|pubmed:17615063	taxid:192222(camje)|taxid:192222("Campylobacter jejuni subsp. jejuni serotype O:2 (strain NCTC 11168)")	taxid:192222(camje)|taxid:192222("Campylobacter jejuni subsp. jejuni serotype O:2 (strain NCTC 11168)")	psi-mi:"MI:0915"(physical association)	psi-mi:"MI:0469"(European Bioinformatics Institute)	intact:EBI-1343102	intact-miscore:0.37|author-based confidence:0.40
uniprotkb:Q9PPJ4	uniprotkb:Q9PLV2	uniprotkb:Q0PAG6|intact:EBI-1329123|uniprotkb:Q9PPJ4	uniprotkb:Q0P7Q5|intact:EBI-1326453|uniprotkb:Q9PLV2	psi-mi:trmd_camje(display_short)|psi-mi:"tRNA (guanine-N(1)-)-methyltransferase"(display_long)|uniprotkb:Cj0713(locus name)|uniprotkb:M1G-methyltransferase(gene name synonym)|uniprotkb:tRNA [GM37] methyltransferase(gene name synonym)|uniprotkb:trmD(gene name)	psi-mi:metaa_camje(display_short)|psi-mi:Homoserine O-acetyltransferase(display_long)|uniprotkb:Homoserine transacetylase(gene name synonym)|uniprotkb:metA(gene name synonym)|uniprotkb:Cj1726c(locus name)|uniprotkb:metAA(gene name)	psi-mi:"MI:0397"(two hybrid array)	Parrish JR. et al.(2007)	intact:EBI-1991756|pubmed:17615063	taxid:192222(camje)|taxid:192222("Campylobacter jejuni subsp. jejuni serotype O:2 (strain NCTC 11168)")	taxid:192222(camje)|taxid:192222("Campylobacter jejuni subsp. jejuni serotype O:2 (strain NCTC 11168)")	psi-mi:"MI:0915"(physical association)	psi-mi:"MI:0469"(European Bioinformatics Institute)	intact:EBI-1343105	intact-miscore:0.37|author-based confidence:0.48
uniprotkb:Q0PC10	uniprotkb:Q9PPJ4	intact:EBI-1194863|uniprotkb:Q0PC10	uniprotkb:Q0PAG6|intact:EBI-1329123|uniprotkb:Q9PPJ4	psi-mi:q0pc10_camje(display_short)|psi-mi:Acetyl-coenzyme A carboxylase carboxyl transferase subunit beta(display_long)|uniprotkb:Cj0127c(locus name)|uniprotkb:accD(gene name)	psi-mi:trmd_camje(display_short)|psi-mi:"tRNA (guanine-N(1)-)-methyltransferase"(display_long)|uniprotkb:Cj0713(locus name)|uniprotkb:M1G-methyltransferase(gene name synonym)|uniprotkb:tRNA [GM37] methyltransferase(gene name synonym)|uniprotkb:trmD(gene name)	psi-mi:"MI:0397"(two hybrid array)	Parrish JR. et al.(2007)	intact:EBI-1991756|pubmed:17615063	taxid:192222(camje)|taxid:192222("Campylobacter jejuni subsp. jejuni serotype O:2 (strain NCTC 11168)")	taxid:192222(camje)|taxid:192222("Campylobacter jejuni subsp. jejuni serotype O:2 (strain NCTC 11168)")	psi-mi:"MI:0915"(physical association)	psi-mi:"MI:0469"(European Bioinformatics Institute)	intact:EBI-1347905	intact-miscore:0.37|author-based confidence:0.70
uniprotkb:Q0PBB8	uniprotkb:Q9PPJ4	intact:EBI-1191902|uniprotkb:Q0PBB8	uniprotkb:Q0PAG6|intact:EBI-1329123|uniprotkb:Q9PPJ4	psi-mi:q0pbb8_camje(display_short)|psi-mi:Pyruvate kinase(display_long)|uniprotkb:Cj0392c(locus name)|uniprotkb:pyk(gene name)	psi-mi:trmd_camje(display_short)|psi-mi:"tRNA (guanine-N(1)-)-methyltransferase"(display_long)|uniprotkb:Cj0713(locus name)|uniprotkb:M1G-methyltransferase(gene name synonym)|uniprotkb:tRNA [GM37] methyltransferase(gene name synonym)|uniprotkb:trmD(gene name)	psi-mi:"MI:0397"(two hybrid array)	Parrish JR. et al.(2007)	intact:EBI-1991756|pubmed:17615063	taxid:192222(camje)|taxid:192222("Campylobacter jejuni subsp. jejuni serotype O:2 (strain NCTC 11168)")	taxid:192222(camje)|taxid:192222("Campylobacter jejuni subsp. jejuni serotype O:2 (strain NCTC 11168)")	psi-mi:"MI:0915"(physical association)	psi-mi:"MI:0469"(European Bioinformatics Institute)	intact:EBI-1348718	intact-miscore:0.37|author-based confidence:0.31
uniprotkb:Q9PIQ3	uniprotkb:Q9PPJ4	uniprotkb:Q0PBR3|intact:EBI-1192358|uniprotkb:Q9PIQ3	uniprotkb:Q0PAG6|intact:EBI-1329123|uniprotkb:Q9PPJ4	psi-mi:hemtb_camje(display_short)|psi-mi:Bacteriohemerythrin(display_long)|uniprotkb:Cj0241c(locus name)	psi-mi:trmd_camje(display_short)|psi-mi:"tRNA (guanine-N(1)-)-methyltransferase"(display_long)|uniprotkb:Cj0713(locus name)|uniprotkb:M1G-methyltransferase(gene name synonym)|uniprotkb:tRNA [GM37] methyltransferase(gene name synonym)|uniprotkb:trmD(gene name)	psi-mi:"MI:0397"(two hybrid array)	Parrish JR. et al.(2007)	intact:EBI-1991756|pubmed:17615063	taxid:192222(camje)|taxid:192222("Campylobacter jejuni subsp. jejuni serotype O:2 (strain NCTC 11168)")	taxid:192222(camje)|taxid:192222("Campylobacter jejuni subsp. jejuni serotype O:2 (strain NCTC 11168)")	psi-mi:"MI:0915"(physical association)	psi-mi:"MI:0469"(European Bioinformatics Institute)	intact:EBI-1348811	intact-miscore:0.37|author-based confidence:0.09
uniprotkb:Q0PAM1	uniprotkb:Q9PPJ4	intact:EBI-1328038|uniprotkb:Q0PAM1	uniprotkb:Q0PAG6|intact:EBI-1329123|uniprotkb:Q9PPJ4	psi-mi:q0pam1_camje(display_short)|psi-mi:3-deoxy-D-manno-octulosonate 8-phosphate phosphatase KdsC(display_long)|uniprotkb:KDO 8-P phosphatase(gene name synonym)|uniprotkb:Cj0647(locus name)	psi-mi:trmd_camje(display_short)|psi-mi:"tRNA (guanine-N(1)-)-methyltransferase"(display_long)|uniprotkb:Cj0713(locus name)|uniprotkb:M1G-methyltransferase(gene name synonym)|uniprotkb:tRNA [GM37] methyltransferase(gene name synonym)|uniprotkb:trmD(gene name)	psi-mi:"MI:0397"(two hybrid array)	Parrish JR. et al.(2007)	intact:EBI-1991756|pubmed:17615063	taxid:192222(camje)|taxid:192222("Campylobacter jejuni subsp. jejuni serotype O:2 (strain NCTC 11168)")	taxid:192222(camje)|taxid:192222("Campylobacter jejuni subsp. jejuni serotype O:2 (strain NCTC 11168)")	psi-mi:"MI:0915"(physical association)	psi-mi:"MI:0469"(European Bioinformatics Institute)	intact:EBI-1348829	intact-miscore:0.37|author-based confidence:0.17
uniprotkb:Q9PPJ4	uniprotkb:Q0PC22	uniprotkb:Q0PAG6|intact:EBI-1329123|uniprotkb:Q9PPJ4	intact:EBI-1328239|uniprotkb:Q0PC22	psi-mi:trmd_camje(display_short)|psi-mi:"tRNA (guanine-N(1)-)-methyltransferase"(display_long)|uniprotkb:Cj0713(locus name)|uniprotkb:M1G-methyltransferase(gene name synonym)|uniprotkb:tRNA [GM37] methyltransferase(gene name synonym)|uniprotkb:trmD(gene name)	psi-mi:q0pc22_camje(display_short)|psi-mi:Peptidyl-prolyl cis-trans isomerase(display_long)|uniprotkb:Cj0115(locus name)|uniprotkb:slyD(gene name)	psi-mi:"MI:0397"(two hybrid array)	Parrish JR. et al.(2007)	intact:EBI-1991756|pubmed:17615063	taxid:192222(camje)|taxid:192222("Campylobacter jejuni subsp. jejuni serotype O:2 (strain NCTC 11168)")	taxid:192222(camje)|taxid:192222("Campylobacter jejuni subsp. jejuni serotype O:2 (strain NCTC 11168)")	psi-mi:"MI:0915"(physical association)	psi-mi:"MI:0469"(European Bioinformatics Institute)	intact:EBI-1349960	intact-miscore:0.37|author-based confidence:1.00
uniprotkb:Q9PPJ4	uniprotkb:Q0P9E6	uniprotkb:Q0PAG6|intact:EBI-1329123|uniprotkb:Q9PPJ4	intact:EBI-1193873|uniprotkb:Q0P9E6	psi-mi:trmd_camje(display_short)|psi-mi:"tRNA (guanine-N(1)-)-methyltransferase"(display_long)|uniprotkb:Cj0713(locus name)|uniprotkb:M1G-methyltransferase(gene name synonym)|uniprotkb:tRNA [GM37] methyltransferase(gene name synonym)|uniprotkb:trmD(gene name)	psi-mi:q0p9e6_camje(display_short)|psi-mi:Chaperone protein ClpB(display_long)|uniprotkb:Cj1108(locus name)|uniprotkb:clpA(gene name)	psi-mi:"MI:0397"(two hybrid array)	Parrish JR. et al.(2007)	intact:EBI-1991756|pubmed:17615063	taxid:192222(camje)|taxid:192222("Campylobacter jejuni subsp. jejuni serotype O:2 (strain NCTC 11168)")	taxid:192222(camje)|taxid:192222("Campylobacter jejuni subsp. jejuni serotype O:2 (strain NCTC 11168)")	psi-mi:"MI:0915"(physical association)	psi-mi:"MI:0469"(European Bioinformatics Institute)	intact:EBI-1336958	intact-miscore:0.37|author-based confidence:0.98
uniprotkb:Q9PPJ4	uniprotkb:Q0P8E6	uniprotkb:Q0PAG6|intact:EBI-1329123|uniprotkb:Q9PPJ4	intact:EBI-1195121|uniprotkb:Q0P8E6	psi-mi:trmd_camje(display_short)|psi-mi:"tRNA (guanine-N(1)-)-methyltransferase"(display_long)|uniprotkb:Cj0713(locus name)|uniprotkb:M1G-methyltransferase(gene name synonym)|uniprotkb:tRNA [GM37] methyltransferase(gene name synonym)|uniprotkb:trmD(gene name)	psi-mi:q0p8e6_camje(display_short)|uniprotkb:Cj1471c(locus name)|uniprotkb:ctsE(gene name)	psi-mi:"MI:0397"(two hybrid array)	Parrish JR. et al.(2007)	intact:EBI-1991756|pubmed:17615063	taxid:192222(camje)|taxid:192222("Campylobacter jejuni subsp. jejuni serotype O:2 (strain NCTC 11168)")	taxid:192222(camje)|taxid:192222("Campylobacter jejuni subsp. jejuni serotype O:2 (strain NCTC 11168)")	psi-mi:"MI:0915"(physical association)	psi-mi:"MI:0469"(European Bioinformatics Institute)	intact:EBI-1338365	intact-miscore:0.37|author-based confidence:0.34
uniprotkb:Q72C30	uniprotkb:Q72DU3	intact:EBI-10069217|uniprotkb:Q72C30	uniprotkb:Q72DU3|intact:EBI-10069213	psi-mi:ispdf_nitv2(display_short)|psi-mi:Bifunctional enzyme IspD/IspF(display_long)|uniprotkb:ispD(gene name synonym)|uniprotkb:DVU_1454(locus name)|uniprotkb:ispDF(gene name)|uniprotkb:DVU1454(locus name)	psi-mi:trmd_nitv2(display_short)|psi-mi:"tRNA (guanine-N(1)-)-methyltransferase"(display_long)|uniprotkb:trmD(gene name)|uniprotkb:DVU_0836(locus name)|uniprotkb:tRNA [GM37] methyltransferase(gene name synonym)|uniprotkb:M1G-methyltransferase(gene name synonym)|uniprotkb:DVU0836(locus name)	psi-mi:"MI:0676"(tandem affinity purification)	Shatsky M. et al.(2016)	intact:EBI-9634266|pubmed:26873250|imex:IM-22740	taxid:882(desvh)|taxid:882("Desulfovibrio vulgaris (strain Hildenborough / ATCC 29579 / NCIMB 8303)")	taxid:882(desvh)|taxid:882("Desulfovibrio vulgaris (strain Hildenborough / ATCC 29579 / NCIMB 8303)")	psi-mi:"MI:0914"(association)	psi-mi:"MI:0469"(European Bioinformatics Institute)	intact:EBI-10069221|imex:IM-22740-233	intact-miscore:0.35
uniprotkb:Q72C30	uniprotkb:Q72DU3	intact:EBI-10069217|uniprotkb:Q72C30	uniprotkb:Q72DU3|intact:EBI-10069213	psi-mi:ispdf_nitv2(display_short)|psi-mi:Bifunctional enzyme IspD/IspF(display_long)|uniprotkb:ispD(gene name synonym)|uniprotkb:DVU_1454(locus name)|uniprotkb:ispDF(gene name)|uniprotkb:DVU1454(locus name)	psi-mi:trmd_nitv2(display_short)|psi-mi:"tRNA (guanine-N(1)-)-methyltransferase"(display_long)|uniprotkb:trmD(gene name)|uniprotkb:DVU_0836(locus name)|uniprotkb:tRNA [GM37] methyltransferase(gene name synonym)|uniprotkb:M1G-methyltransferase(gene name synonym)|uniprotkb:DVU0836(locus name)	psi-mi:"MI:0676"(tandem affinity purification)	Shatsky M. et al.(2016)	intact:EBI-9634266|pubmed:26873250|imex:IM-22740	taxid:882(desvh)|taxid:882("Desulfovibrio vulgaris (strain Hildenborough / ATCC 29579 / NCIMB 8303)")	taxid:882(desvh)|taxid:882("Desulfovibrio vulgaris (strain Hildenborough / ATCC 29579 / NCIMB 8303)")	psi-mi:"MI:0914"(association)	psi-mi:"MI:0469"(European Bioinformatics Institute)	intact:EBI-10069238|imex:IM-22740-234	intact-miscore:0.35
uniprotkb:Q72DU3	uniprotkb:Q72C30	uniprotkb:Q72DU3|intact:EBI-10069213	intact:EBI-10069217|uniprotkb:Q72C30	psi-mi:trmd_nitv2(display_short)|psi-mi:"tRNA (guanine-N(1)-)-methyltransferase"(display_long)|uniprotkb:trmD(gene name)|uniprotkb:DVU_0836(locus name)|uniprotkb:tRNA [GM37] methyltransferase(gene name synonym)|uniprotkb:M1G-methyltransferase(gene name synonym)|uniprotkb:DVU0836(locus name)	psi-mi:ispdf_nitv2(display_short)|psi-mi:Bifunctional enzyme IspD/IspF(display_long)|uniprotkb:ispD(gene name synonym)|uniprotkb:DVU_1454(locus name)|uniprotkb:ispDF(gene name)|uniprotkb:DVU1454(locus name)	psi-mi:"MI:0676"(tandem affinity purification)	Shatsky M. et al.(2016)	intact:EBI-9634266|pubmed:26873250|imex:IM-22740	taxid:882(desvh)|taxid:882("Desulfovibrio vulgaris (strain Hildenborough / ATCC 29579 / NCIMB 8303)")	taxid:882(desvh)|taxid:882("Desulfovibrio vulgaris (strain Hildenborough / ATCC 29579 / NCIMB 8303)")	psi-mi:"MI:0914"(association)	psi-mi:"MI:0469"(European Bioinformatics Institute)	intact:EBI-10070460|imex:IM-22740-302	intact-miscore:0.35
uniprotkb:O69289	uniprotkb:Q9PPJ4	uniprotkb:Q0P935|uniprotkb:Q9PN75|intact:EBI-1329536|uniprotkb:O69289	uniprotkb:Q0PAG6|intact:EBI-1329123|uniprotkb:Q9PPJ4	psi-mi:ch60_camje(display_short)|psi-mi:Chaperonin GroEL(display_long)|uniprotkb:60 kDa chaperonin(gene name synonym)|uniprotkb:Chaperonin-60(gene name synonym)|uniprotkb:groL(gene name synonym)|uniprotkb:mopA(gene name synonym)|uniprotkb:Cj1221(locus name)|uniprotkb:groEL(gene name)	psi-mi:trmd_camje(display_short)|psi-mi:"tRNA (guanine-N(1)-)-methyltransferase"(display_long)|uniprotkb:Cj0713(locus name)|uniprotkb:M1G-methyltransferase(gene name synonym)|uniprotkb:tRNA [GM37] methyltransferase(gene name synonym)|uniprotkb:trmD(gene name)	psi-mi:"MI:0397"(two hybrid array)	Parrish JR. et al.(2007)	intact:EBI-1991756|pubmed:17615063	taxid:192222(camje)|taxid:192222("Campylobacter jejuni subsp. jejuni serotype O:2 (strain NCTC 11168)")	taxid:192222(camje)|taxid:192222("Campylobacter jejuni subsp. jejuni serotype O:2 (strain NCTC 11168)")	psi-mi:"MI:0915"(physical association)	psi-mi:"MI:0469"(European Bioinformatics Institute)	intact:EBI-1362581	intact-miscore:0.37|author-based confidence:0.21
uniprotkb:Q0PAS1	uniprotkb:Q9PPJ4	uniprotkb:Q46105|intact:EBI-1191816|uniprotkb:Q0PAS1	uniprotkb:Q0PAG6|intact:EBI-1329123|uniprotkb:Q9PPJ4	psi-mi:cbf2_camje(display_short)|psi-mi:Putative peptidyl-prolyl cis-trans isomerase Cbf2(display_long)|uniprotkb:peb4A(gene name synonym)|uniprotkb:Cj0596(locus name)|uniprotkb:Major antigen peb4A(gene name synonym)|uniprotkb:Cell-binding factor 2(gene name synonym)|uniprotkb:Rotamase Cbf2(gene name synonym)|uniprotkb:cbf2(gene name)	psi-mi:trmd_camje(display_short)|psi-mi:"tRNA (guanine-N(1)-)-methyltransferase"(display_long)|uniprotkb:Cj0713(locus name)|uniprotkb:M1G-methyltransferase(gene name synonym)|uniprotkb:tRNA [GM37] methyltransferase(gene name synonym)|uniprotkb:trmD(gene name)	psi-mi:"MI:0397"(two hybrid array)	Parrish JR. et al.(2007)	intact:EBI-1991756|pubmed:17615063	taxid:192222(camje)|taxid:192222("Campylobacter jejuni subsp. jejuni serotype O:2 (strain NCTC 11168)")	taxid:192222(camje)|taxid:192222("Campylobacter jejuni subsp. jejuni serotype O:2 (strain NCTC 11168)")	psi-mi:"MI:0915"(physical association)	psi-mi:"MI:0469"(European Bioinformatics Institute)	intact:EBI-1357817	intact-miscore:0.37|author-based confidence:0.12
uniprotkb:Q9PMT4	uniprotkb:Q9PPJ4	uniprotkb:Q0P8P3|intact:EBI-1328923|uniprotkb:Q9PMT4	uniprotkb:Q0PAG6|intact:EBI-1329123|uniprotkb:Q9PPJ4	psi-mi:glms_camje(display_short)|psi-mi:Glutamine--fructose-6-phosphate aminotransferase [isomerizing](display_long)|uniprotkb:Hexosephosphate aminotransferase(gene name synonym)|uniprotkb:D-fructose-6-phosphate amidotransferase(gene name synonym)|uniprotkb:GFAT(gene name synonym)|uniprotkb:Glucosamine-6-phosphate synthase(gene name synonym)|uniprotkb:L-glutamine--D-fructose-6-phosphate amidotransferase(gene name synonym)|uniprotkb:Cj1366c(locus name)|uniprotkb:glmS(gene name)	psi-mi:trmd_camje(display_short)|psi-mi:"tRNA (guanine-N(1)-)-methyltransferase"(display_long)|uniprotkb:Cj0713(locus name)|uniprotkb:M1G-methyltransferase(gene name synonym)|uniprotkb:tRNA [GM37] methyltransferase(gene name synonym)|uniprotkb:trmD(gene name)	psi-mi:"MI:0397"(two hybrid array)	Parrish JR. et al.(2007)	intact:EBI-1991756|pubmed:17615063	taxid:192222(camje)|taxid:192222("Campylobacter jejuni subsp. jejuni serotype O:2 (strain NCTC 11168)")	taxid:192222(camje)|taxid:192222("Campylobacter jejuni subsp. jejuni serotype O:2 (strain NCTC 11168)")	psi-mi:"MI:0915"(physical association)	psi-mi:"MI:0469"(European Bioinformatics Institute)	intact:EBI-1362584	intact-miscore:0.37|author-based confidence:0.17
uniprotkb:Q9PP15	uniprotkb:Q9PPJ4	uniprotkb:Q0P9Y1|intact:EBI-1327724|uniprotkb:Q9PP15	uniprotkb:Q0PAG6|intact:EBI-1329123|uniprotkb:Q9PPJ4	psi-mi:kprs_camje(display_short)|psi-mi:Ribose-phosphate pyrophosphokinase(display_long)|uniprotkb:Phosphoribosyl diphosphate synthase(gene name synonym)|uniprotkb:prsA(gene name synonym)|uniprotkb:Cj0918c(locus name)|uniprotkb:Phosphoribosyl pyrophosphate synthase(gene name synonym)|uniprotkb:5-phospho-D-ribosyl alpha-1-diphosphate synthase(gene name synonym)|uniprotkb:prs(gene name)	psi-mi:trmd_camje(display_short)|psi-mi:"tRNA (guanine-N(1)-)-methyltransferase"(display_long)|uniprotkb:Cj0713(locus name)|uniprotkb:M1G-methyltransferase(gene name synonym)|uniprotkb:tRNA [GM37] methyltransferase(gene name synonym)|uniprotkb:trmD(gene name)	psi-mi:"MI:0397"(two hybrid array)	Parrish JR. et al.(2007)	intact:EBI-1991756|pubmed:17615063	taxid:192222(camje)|taxid:192222("Campylobacter jejuni subsp. jejuni serotype O:2 (strain NCTC 11168)")	taxid:192222(camje)|taxid:192222("Campylobacter jejuni subsp. jejuni serotype O:2 (strain NCTC 11168)")	psi-mi:"MI:0915"(physical association)	psi-mi:"MI:0469"(European Bioinformatics Institute)	intact:EBI-1362590	intact-miscore:0.37|author-based confidence:0.07
uniprotkb:P23481	uniprotkb:P0A873	uniprotkb:P23481|intact:EBI-1129098|uniprotkb:P76565	uniprotkb:P07020|intact:EBI-1129132|uniprotkb:P0A873	psi-mi:hyfa_ecoli(display_short)|psi-mi:Hydrogenase-4 component A(display_long)|uniprotkb:hyfA(gene name)|uniprotkb:yffE(gene name synonym)|uniprotkb:JW2466(locus name)|uniprotkb:b2481(locus name)	psi-mi:trmd_ecoli(display_short)|psi-mi:"tRNA (guanine-N(1)-)-methyltransferase"(display_long)|uniprotkb:b2607(locus name)|uniprotkb:JW2588(locus name)|uniprotkb:M1G-methyltransferase(gene name synonym)|uniprotkb:tRNA [GM37] methyltransferase(gene name synonym)|uniprotkb:trmD(gene name)	psi-mi:"MI:0096"(pull down)	Arifuzzaman M. et al.(2006)	intact:EBI-1989792|pubmed:16606699	taxid:83333(ecoli)|taxid:83333("Escherichia coli (strain K12)")	taxid:83333(ecoli)|taxid:83333("Escherichia coli (strain K12)")	psi-mi:"MI:0914"(association)	psi-mi:"MI:0469"(European Bioinformatics Institute)	intact:EBI-1143012	intact-miscore:0.35