idA	idB	altIdsA	altIdsB	aliasesA	aliasesB	detectionMethod	firstAuthor	publicationIdentifiers	taxidA	taxidB	interactionType	sourceDatabase	interactionIdentifiers	confidence
uniprotkb:Q81ZD6	uniprotkb:Q9Y6X8	intact:EBI-2813685|uniprotkb:Q6KXY8|uniprotkb:Q6I482	intact:EBI-948566|ensembl:ENSP00000314709.4	psi-mi:y333_bacan(display_long)|uniprotkb:BA_0333(locus name)|uniprotkb:GBAA_0333(locus name)|uniprotkb:BAS0318(locus name)	psi-mi:zhx2_human(display_long)|uniprotkb:Zinc finger and homeodomain protein 2(gene name synonym)|uniprotkb:Alpha-fetoprotein regulator 1(gene name synonym)|uniprotkb:Regulator of AFP(gene name synonym)|uniprotkb:ZHX2(gene name)|psi-mi:ZHX2(display_short)|uniprotkb:AFR1(gene name synonym)|uniprotkb:KIAA0854(gene name synonym)|uniprotkb:RAF(gene name synonym)	"psi-mi:""MI:0398""(two hybrid pooling approach)"	Dyer et al. (2010)	imex:IM-13779|pubmed:20711500	taxid:1392(bacan)|taxid:1392(Bacillus anthracis)	taxid:9606(human)|taxid:9606(Homo sapiens)	"psi-mi:""MI:0915""(physical association)"	"psi-mi:""MI:0469""(IntAct)"	intact:EBI-2813690|imex:IM-13779-1737	author score:2|intact-miscore:0.37
uniprotkb:P11484	uniprotkb:Q04235	intact:EBI-8627|uniprotkb:Q05834|uniprotkb:D6VRC7|intact:EBI-29890|uniprotkb:E9P9V5	intact:EBI-3683592|uniprotkb:D6VZH0	psi-mi:ssb1_yeast(display_long)|uniprotkb:YDL229W(locus name)|uniprotkb:SSB1(gene name)|psi-mi:SSB1(display_short)|uniprotkb:YG101(gene name synonym)|uniprotkb:Cold-inducible protein YG101(gene name synonym)|uniprotkb:Heat shock protein SSB1(gene name synonym)|uniprotkb:Hsp70 chaperone Ssb(gene name synonym)	"psi-mi:tyw2_yeast(display_long)|uniprotkb:TRM12(gene name)|psi-mi:TRM12(display_short)|uniprotkb:TYW2(gene name synonym)|uniprotkb:""tRNA(Phe) (4-demethylwyosine(37)-C(7)) aminocarboxypropyltransferase""(gene name synonym)|uniprotkb:YM9571.14(orf name)|uniprotkb:YML005W(locus name)"	"psi-mi:""MI:0676""(tandem affinity purification)"	Gong et al. (2009)	pubmed:19536198	taxid:559292(yeast)|taxid:559292(Saccharomyces cerevisiae)	taxid:559292(yeast)|taxid:559292(Saccharomyces cerevisiae)	"psi-mi:""MI:0914""(association)"	"psi-mi:""MI:0469""(IntAct)"	intact:EBI-3697331	intact-miscore:0.35
uniprotkb:Q04235	uniprotkb:P09435	intact:EBI-3683592|uniprotkb:D6VZH0	intact:EBI-8611|uniprotkb:P18862|uniprotkb:D6VPS7	"psi-mi:tyw2_yeast(display_long)|uniprotkb:TRM12(gene name)|psi-mi:TRM12(display_short)|uniprotkb:TYW2(gene name synonym)|uniprotkb:""tRNA(Phe) (4-demethylwyosine(37)-C(7)) aminocarboxypropyltransferase""(gene name synonym)|uniprotkb:YM9571.14(orf name)|uniprotkb:YML005W(locus name)"	psi-mi:hsp73_yeast(display_long)|uniprotkb:YBL06.07(orf name)|uniprotkb:YBL0610(orf name)|uniprotkb:YBL075C(locus name)|uniprotkb:SSA3(gene name)|psi-mi:SSA3(display_short)	"psi-mi:""MI:0676""(tandem affinity purification)"	Gong et al. (2009)	pubmed:19536198	taxid:559292(yeast)|taxid:559292(Saccharomyces cerevisiae)	taxid:559292(yeast)|taxid:559292(Saccharomyces cerevisiae)	"psi-mi:""MI:0914""(association)"	"psi-mi:""MI:0469""(IntAct)"	intact:EBI-3683590	intact-miscore:0.35
uniprotkb:Q04235	uniprotkb:P38788	intact:EBI-3683592|uniprotkb:D6VZH0	intact:EBI-24570|uniprotkb:D3DL13|uniprotkb:Q6B1F3|uniprotkb:Q6TQT7|uniprotkb:Q6TQT8	"psi-mi:tyw2_yeast(display_long)|uniprotkb:TRM12(gene name)|psi-mi:TRM12(display_short)|uniprotkb:TYW2(gene name synonym)|uniprotkb:""tRNA(Phe) (4-demethylwyosine(37)-C(7)) aminocarboxypropyltransferase""(gene name synonym)|uniprotkb:YM9571.14(orf name)|uniprotkb:YML005W(locus name)"	psi-mi:ssz1_yeast(display_long)|uniprotkb:YHR064C(locus name)|uniprotkb:SSZ1(gene name)|psi-mi:SSZ1(display_short)|uniprotkb:PDR13(gene name synonym)|uniprotkb:Heat shock protein 70 homolog SSZ1(gene name synonym)|uniprotkb:DnaK-related protein SSZ1(gene name synonym)|uniprotkb:Pleiotropic drug resistance protein 13(gene name synonym)	"psi-mi:""MI:0676""(tandem affinity purification)"	Gong et al. (2009)	pubmed:19536198	taxid:559292(yeast)|taxid:559292(Saccharomyces cerevisiae)	taxid:559292(yeast)|taxid:559292(Saccharomyces cerevisiae)	"psi-mi:""MI:0914""(association)"	"psi-mi:""MI:0469""(IntAct)"	intact:EBI-3792084	intact-miscore:0.35
uniprotkb:P32589	uniprotkb:Q04235	intact:EBI-8648|uniprotkb:D6W3R1	intact:EBI-3683592|uniprotkb:D6VZH0	psi-mi:hsp7f_yeast(display_long)|uniprotkb:SSE1(gene name)|psi-mi:SSE1(display_short)|uniprotkb:MSI3(gene name synonym)|uniprotkb:YPL106C(locus name)|uniprotkb:LPG3C(orf name)|uniprotkb:Chaperone protein MSI3(gene name synonym)	"psi-mi:tyw2_yeast(display_long)|uniprotkb:TRM12(gene name)|psi-mi:TRM12(display_short)|uniprotkb:TYW2(gene name synonym)|uniprotkb:""tRNA(Phe) (4-demethylwyosine(37)-C(7)) aminocarboxypropyltransferase""(gene name synonym)|uniprotkb:YM9571.14(orf name)|uniprotkb:YML005W(locus name)"	"psi-mi:""MI:0676""(tandem affinity purification)"	Gong et al. (2009)	pubmed:19536198	taxid:559292(yeast)|taxid:559292(Saccharomyces cerevisiae)	taxid:559292(yeast)|taxid:559292(Saccharomyces cerevisiae)	"psi-mi:""MI:0914""(association)"	"psi-mi:""MI:0469""(IntAct)"	intact:EBI-3730786	intact-miscore:0.35
uniprotkb:Q04235	uniprotkb:P15108	intact:EBI-3683592|uniprotkb:D6VZH0	intact:EBI-8666|uniprotkb:D6W010	"psi-mi:tyw2_yeast(display_long)|uniprotkb:TRM12(gene name)|psi-mi:TRM12(display_short)|uniprotkb:TYW2(gene name synonym)|uniprotkb:""tRNA(Phe) (4-demethylwyosine(37)-C(7)) aminocarboxypropyltransferase""(gene name synonym)|uniprotkb:YM9571.14(orf name)|uniprotkb:YML005W(locus name)"	psi-mi:hsc82_yeast(display_long)|uniprotkb:HSC82(gene name)|psi-mi:HSC82(display_short)|uniprotkb:YMR186W(locus name)|uniprotkb:YM8010.16(orf name)|uniprotkb:Heat shock protein Hsp90 constitutive isoform(gene name synonym)|uniprotkb:82 kDa heat shock cognate protein(gene name synonym)	"psi-mi:""MI:0676""(tandem affinity purification)"	Gong et al. (2009)	pubmed:19536198	taxid:559292(yeast)|taxid:559292(Saccharomyces cerevisiae)	taxid:559292(yeast)|taxid:559292(Saccharomyces cerevisiae)	"psi-mi:""MI:0914""(association)"	"psi-mi:""MI:0469""(IntAct)"	intact:EBI-3810011	intact-miscore:0.35
"chebi:""CHEBI:15414"""	uniprotkb:Q04235	intact:EBI-980183	intact:EBI-3683592|uniprotkb:D6VZH0	"psi-mi:s-adenosyl-l-methionine(display_short)|psi-mi:""CHEBI:15414""(display_long)"	"psi-mi:tyw2_yeast(display_long)|uniprotkb:TRM12(gene name)|psi-mi:TRM12(display_short)|uniprotkb:TYW2(gene name synonym)|uniprotkb:""tRNA(Phe) (4-demethylwyosine(37)-C(7)) aminocarboxypropyltransferase""(gene name synonym)|uniprotkb:YM9571.14(orf name)|uniprotkb:YML005W(locus name)"	"psi-mi:""MI:0415""(enzymatic study)"	Noma et al. (2006)	pubmed:16642040|imex:IM-26612	"taxid:-2(chemical synthesis)|taxid:-2(""Chemical synthesis (Chemical synthesis)"")"	taxid:559292(yeast)|taxid:559292(Saccharomyces cerevisiae)	"psi-mi:""MI:0414""(enzymatic reaction)"	"psi-mi:""MI:0469""(IntAct)"	intact:EBI-12511432|imex:IM-26612-1	intact-miscore:0.44
uniprotkb:P36639-2	uniprotkb:Q53H54	intact:EBI-12380931|ensembl:ENSP00000339503.4|ensembl:ENSP00000380241.1	intact:EBI-10242598|ensembl:ENSP00000329858.3|uniprotkb:Q6PKB9|uniprotkb:Q96F21|uniprotkb:Q9NWK6	psi-mi:p36639-2(display_long)|uniprotkb:NUDT1(gene name)|psi-mi:NUDT1(display_short)|uniprotkb:2-hydroxy-dATP diphosphatase(gene name synonym)|uniprotkb:8-oxo-dGTPase(gene name synonym)|uniprotkb:MTH1(gene name synonym)|uniprotkb:Nucleoside diphosphate-linked moiety X motif 1(gene name synonym)|uniprotkb:7,8-dihydro-8-oxoguanine triphosphatase(gene name synonym)|uniprotkb:Methylated purine nucleoside triphosphate hydrolase(gene name synonym)	"psi-mi:tyw2_human(display_long)|uniprotkb:TRMT12(gene name)|psi-mi:TRMT12(display_short)|uniprotkb:TRM12(gene name synonym)|uniprotkb:TYW2(gene name synonym)|uniprotkb:""tRNA(Phe) (4-demethylwyosine(37)-C(7)) aminocarboxypropyltransferase""(gene name synonym)"	"psi-mi:""MI:1356""(validated two hybrid)"	Luck et al. (2017)	pubmed:32296183|imex:IM-25472	taxid:9606(human)|taxid:9606(Homo sapiens)	taxid:9606(human)|taxid:9606(Homo sapiens)	"psi-mi:""MI:0915""(physical association)"	"psi-mi:""MI:0469""(IntAct)"	intact:EBI-24804990|imex:IM-25472-159684	intact-miscore:0.56
uniprotkb:Q9HAH1	uniprotkb:Q53H54	intact:EBI-21784179|uniprotkb:Q96GM3|ensembl:ENSP00000302603.2	intact:EBI-10242598|ensembl:ENSP00000329858.3|uniprotkb:Q6PKB9|uniprotkb:Q96F21|uniprotkb:Q9NWK6	psi-mi:zn556_human(display_long)|uniprotkb:ZNF556(gene name)|psi-mi:ZNF556(display_short)	"psi-mi:tyw2_human(display_long)|uniprotkb:TRMT12(gene name)|psi-mi:TRMT12(display_short)|uniprotkb:TRM12(gene name synonym)|uniprotkb:TYW2(gene name synonym)|uniprotkb:""tRNA(Phe) (4-demethylwyosine(37)-C(7)) aminocarboxypropyltransferase""(gene name synonym)"	"psi-mi:""MI:0007""(anti tag coimmunoprecipitation)"	Huttlin et al. (2017)	pubmed:28514442|doi:10.1038/nature22366|imex:IM-25778	taxid:9606(human)|taxid:9606(Homo sapiens)	taxid:9606(human)|taxid:9606(Homo sapiens)	"psi-mi:""MI:0914""(association)"	"psi-mi:""MI:0469""(IntAct)"	intact:EBI-21784198|imex:IM-25778-5743	intact-miscore:0.53
uniprotkb:Q53H54	uniprotkb:P11142	intact:EBI-10242598|ensembl:ENSP00000329858.3|uniprotkb:Q6PKB9|uniprotkb:Q96F21|uniprotkb:Q9NWK6	intact:EBI-351896|uniprotkb:Q9H3R6|ensembl:ENSP00000227378.3|ensembl:ENSP00000432083.1|ensembl:ENSP00000437125.1	"psi-mi:tyw2_human(display_long)|uniprotkb:TRMT12(gene name)|psi-mi:TRMT12(display_short)|uniprotkb:TRM12(gene name synonym)|uniprotkb:TYW2(gene name synonym)|uniprotkb:""tRNA(Phe) (4-demethylwyosine(37)-C(7)) aminocarboxypropyltransferase""(gene name synonym)"	psi-mi:hsp7c_human(display_long)|uniprotkb:HSPA8(gene name)|psi-mi:HSPA8(display_short)|uniprotkb:HSC70(gene name synonym)|uniprotkb:HSP73(gene name synonym)|uniprotkb:HSPA10(gene name synonym)|uniprotkb:Heat shock 70 kDa protein 8(gene name synonym)|uniprotkb:Lipopolysaccharide-associated protein 1(gene name synonym)|uniprotkb:Heat shock protein family A member 8(gene name synonym)	"psi-mi:""MI:0007""(anti tag coimmunoprecipitation)"	Huttlin et al. (2017)	pubmed:28514442|doi:10.1038/nature22366|imex:IM-25778	taxid:9606(human)|taxid:9606(Homo sapiens)	taxid:9606(human)|taxid:9606(Homo sapiens)	"psi-mi:""MI:0914""(association)"	"psi-mi:""MI:0469""(IntAct)"	intact:EBI-21846534|imex:IM-25778-7571	intact-miscore:0.53
uniprotkb:Q53H54	uniprotkb:P34932	intact:EBI-10242598|ensembl:ENSP00000329858.3|uniprotkb:Q6PKB9|uniprotkb:Q96F21|uniprotkb:Q9NWK6	intact:EBI-356933|uniprotkb:O95756|uniprotkb:Q2TAL4|uniprotkb:Q9BUK9|ensembl:ENSP00000302961.2	"psi-mi:tyw2_human(display_long)|uniprotkb:TRMT12(gene name)|psi-mi:TRMT12(display_short)|uniprotkb:TRM12(gene name synonym)|uniprotkb:TYW2(gene name synonym)|uniprotkb:""tRNA(Phe) (4-demethylwyosine(37)-C(7)) aminocarboxypropyltransferase""(gene name synonym)"	psi-mi:hsp74_human(display_long)|uniprotkb:HSPA4(gene name)|psi-mi:HSPA4(display_short)|uniprotkb:APG2(gene name synonym)|uniprotkb:Heat shock 70-related protein APG-2(gene name synonym)|uniprotkb:HSP70RY(gene name synonym)|uniprotkb:HSPH2(gene name synonym)|uniprotkb:Heat shock protein family H member 2(gene name synonym)	"psi-mi:""MI:0007""(anti tag coimmunoprecipitation)"	Huttlin et al. (2017)	pubmed:28514442|doi:10.1038/nature22366|imex:IM-25778	taxid:9606(human)|taxid:9606(Homo sapiens)	taxid:9606(human)|taxid:9606(Homo sapiens)	"psi-mi:""MI:0914""(association)"	"psi-mi:""MI:0469""(IntAct)"	intact:EBI-21846534|imex:IM-25778-7571	intact-miscore:0.53
uniprotkb:Q53H54	uniprotkb:P78371	intact:EBI-10242598|ensembl:ENSP00000329858.3|uniprotkb:Q6PKB9|uniprotkb:Q96F21|uniprotkb:Q9NWK6	intact:EBI-357407|uniprotkb:Q14D36|uniprotkb:Q6IAT3|uniprotkb:A8K402|uniprotkb:B5BTY7|uniprotkb:B7Z243|uniprotkb:B7Z7K4|uniprotkb:B7ZAT2|ensembl:ENSP00000299300.6	"psi-mi:tyw2_human(display_long)|uniprotkb:TRMT12(gene name)|psi-mi:TRMT12(display_short)|uniprotkb:TRM12(gene name synonym)|uniprotkb:TYW2(gene name synonym)|uniprotkb:""tRNA(Phe) (4-demethylwyosine(37)-C(7)) aminocarboxypropyltransferase""(gene name synonym)"	psi-mi:tcpb_human(display_long)|uniprotkb:CCT2(gene name)|psi-mi:CCT2(display_short)|uniprotkb:99D8.1(gene name synonym)|uniprotkb:CCTB(gene name synonym)|uniprotkb:CCT-beta(gene name synonym)|uniprotkb:Chaperonin containing T-complex polypeptide 1 subunit 2(gene name synonym)	"psi-mi:""MI:0007""(anti tag coimmunoprecipitation)"	Huttlin et al. (2017)	pubmed:28514442|doi:10.1038/nature22366|imex:IM-25778	taxid:9606(human)|taxid:9606(Homo sapiens)	taxid:9606(human)|taxid:9606(Homo sapiens)	"psi-mi:""MI:0914""(association)"	"psi-mi:""MI:0469""(IntAct)"	intact:EBI-21846534|imex:IM-25778-7571	intact-miscore:0.35
uniprotkb:P36639-2	uniprotkb:Q53H54	intact:EBI-12380931|ensembl:ENSP00000339503.4|ensembl:ENSP00000380241.1	intact:EBI-10242598|ensembl:ENSP00000329858.3|uniprotkb:Q6PKB9|uniprotkb:Q96F21|uniprotkb:Q9NWK6	psi-mi:p36639-2(display_long)|uniprotkb:NUDT1(gene name)|psi-mi:NUDT1(display_short)|uniprotkb:2-hydroxy-dATP diphosphatase(gene name synonym)|uniprotkb:8-oxo-dGTPase(gene name synonym)|uniprotkb:MTH1(gene name synonym)|uniprotkb:Nucleoside diphosphate-linked moiety X motif 1(gene name synonym)|uniprotkb:7,8-dihydro-8-oxoguanine triphosphatase(gene name synonym)|uniprotkb:Methylated purine nucleoside triphosphate hydrolase(gene name synonym)	"psi-mi:tyw2_human(display_long)|uniprotkb:TRMT12(gene name)|psi-mi:TRMT12(display_short)|uniprotkb:TRM12(gene name synonym)|uniprotkb:TYW2(gene name synonym)|uniprotkb:""tRNA(Phe) (4-demethylwyosine(37)-C(7)) aminocarboxypropyltransferase""(gene name synonym)"	"psi-mi:""MI:0397""(two hybrid array)"	Luck et al. (2017)	pubmed:32296183|imex:IM-25472	taxid:9606(human)|taxid:9606(Homo sapiens)	taxid:9606(human)|taxid:9606(Homo sapiens)	"psi-mi:""MI:0915""(physical association)"	"psi-mi:""MI:0469""(IntAct)"	intact:EBI-24210211|imex:IM-25472-106915	author score:0.745608861609|intact-miscore:0.56
uniprotkb:P36639-2	uniprotkb:Q53H54	intact:EBI-12380931|ensembl:ENSP00000339503.4|ensembl:ENSP00000380241.1	intact:EBI-10242598|ensembl:ENSP00000329858.3|uniprotkb:Q6PKB9|uniprotkb:Q96F21|uniprotkb:Q9NWK6	psi-mi:p36639-2(display_long)|uniprotkb:NUDT1(gene name)|psi-mi:NUDT1(display_short)|uniprotkb:2-hydroxy-dATP diphosphatase(gene name synonym)|uniprotkb:8-oxo-dGTPase(gene name synonym)|uniprotkb:MTH1(gene name synonym)|uniprotkb:Nucleoside diphosphate-linked moiety X motif 1(gene name synonym)|uniprotkb:7,8-dihydro-8-oxoguanine triphosphatase(gene name synonym)|uniprotkb:Methylated purine nucleoside triphosphate hydrolase(gene name synonym)	"psi-mi:tyw2_human(display_long)|uniprotkb:TRMT12(gene name)|psi-mi:TRMT12(display_short)|uniprotkb:TRM12(gene name synonym)|uniprotkb:TYW2(gene name synonym)|uniprotkb:""tRNA(Phe) (4-demethylwyosine(37)-C(7)) aminocarboxypropyltransferase""(gene name synonym)"	"psi-mi:""MI:1112""(two hybrid prey pooling approach)"	Luck et al. (2017)	pubmed:32296183|imex:IM-25472	taxid:9606(human)|taxid:9606(Homo sapiens)	taxid:9606(human)|taxid:9606(Homo sapiens)	"psi-mi:""MI:0915""(physical association)"	"psi-mi:""MI:0469""(IntAct)"	intact:EBI-25217096|imex:IM-25472-88648	author score:0.745608861609|intact-miscore:0.56
uniprotkb:Q53H54	uniprotkb:Q9NQX0	intact:EBI-10242598|ensembl:ENSP00000329858.3|uniprotkb:Q6PKB9|uniprotkb:Q96F21|uniprotkb:Q9NWK6	intact:EBI-11320284|uniprotkb:Q9NQW9|uniprotkb:B5MCJ4|ensembl:ENSP00000384725.3	"psi-mi:tyw2_human(display_long)|uniprotkb:TRMT12(gene name)|psi-mi:TRMT12(display_short)|uniprotkb:TRM12(gene name synonym)|uniprotkb:TYW2(gene name synonym)|uniprotkb:""tRNA(Phe) (4-demethylwyosine(37)-C(7)) aminocarboxypropyltransferase""(gene name synonym)"	psi-mi:prdm6_human(display_long)|uniprotkb:PRDM6(gene name)|psi-mi:PRDM6(display_short)|uniprotkb:PFM3(gene name synonym)|uniprotkb:PR domain zinc finger protein 6(gene name synonym)|uniprotkb:PR domain-containing protein 6(gene name synonym)	"psi-mi:""MI:1356""(validated two hybrid)"	Luck et al. (2017)	pubmed:32296183|imex:IM-25472	taxid:9606(human)|taxid:9606(Homo sapiens)	taxid:9606(human)|taxid:9606(Homo sapiens)	"psi-mi:""MI:0915""(physical association)"	"psi-mi:""MI:0469""(IntAct)"	intact:EBI-24372380|imex:IM-25472-120973	intact-miscore:0.56
uniprotkb:Q53H54	uniprotkb:Q9NQX0	intact:EBI-10242598|ensembl:ENSP00000329858.3|uniprotkb:Q6PKB9|uniprotkb:Q96F21|uniprotkb:Q9NWK6	intact:EBI-11320284|uniprotkb:Q9NQW9|uniprotkb:B5MCJ4|ensembl:ENSP00000384725.3	"psi-mi:tyw2_human(display_long)|uniprotkb:TRMT12(gene name)|psi-mi:TRMT12(display_short)|uniprotkb:TRM12(gene name synonym)|uniprotkb:TYW2(gene name synonym)|uniprotkb:""tRNA(Phe) (4-demethylwyosine(37)-C(7)) aminocarboxypropyltransferase""(gene name synonym)"	psi-mi:prdm6_human(display_long)|uniprotkb:PRDM6(gene name)|psi-mi:PRDM6(display_short)|uniprotkb:PFM3(gene name synonym)|uniprotkb:PR domain zinc finger protein 6(gene name synonym)|uniprotkb:PR domain-containing protein 6(gene name synonym)	"psi-mi:""MI:1112""(two hybrid prey pooling approach)"	Luck et al. (2017)	pubmed:32296183|imex:IM-25472	taxid:9606(human)|taxid:9606(Homo sapiens)	taxid:9606(human)|taxid:9606(Homo sapiens)	"psi-mi:""MI:0915""(physical association)"	"psi-mi:""MI:0469""(IntAct)"	intact:EBI-24821187|imex:IM-25472-10255	author score:0.860386224762|intact-miscore:0.56
uniprotkb:Q53H54	uniprotkb:Q8TBB1	intact:EBI-10242598|ensembl:ENSP00000329858.3|uniprotkb:Q6PKB9|uniprotkb:Q96F21|uniprotkb:Q9NWK6	intact:EBI-739832|uniprotkb:Q4W5K7|uniprotkb:Q8N4C2|uniprotkb:Q96MJ7|uniprotkb:Q9BY20|ensembl:ENSP00000263925.7	"psi-mi:tyw2_human(display_long)|uniprotkb:TRMT12(gene name)|psi-mi:TRMT12(display_short)|uniprotkb:TRM12(gene name synonym)|uniprotkb:TYW2(gene name synonym)|uniprotkb:""tRNA(Phe) (4-demethylwyosine(37)-C(7)) aminocarboxypropyltransferase""(gene name synonym)"	psi-mi:lnx1_human(display_long)|uniprotkb:LNX1(gene name)|psi-mi:LNX1(display_short)|uniprotkb:LNX(gene name synonym)|uniprotkb:Numb-binding protein 1(gene name synonym)|uniprotkb:Ligand of Numb-protein X 1(gene name synonym)|uniprotkb:PDZ domain-containing RING finger protein 2(gene name synonym)|uniprotkb:PDZRN2(gene name synonym)|uniprotkb:RING-type E3 ubiquitin transferase LNX(gene name synonym)|uniprotkb:UNQ574/PRO1136(orf name)	"psi-mi:""MI:0397""(two hybrid array)"	Rolland et al. (2014)	imex:IM-23318|pubmed:25416956	taxid:9606(human)|taxid:9606(Homo sapiens)	taxid:9606(human)|taxid:9606(Homo sapiens)	"psi-mi:""MI:0915""(physical association)"	"psi-mi:""MI:0469""(IntAct)"	intact:EBI-10398171|imex:IM-23318-20743	intact-miscore:0.56
uniprotkb:Q8TBB1	uniprotkb:Q53H54	intact:EBI-739832|uniprotkb:Q4W5K7|uniprotkb:Q8N4C2|uniprotkb:Q96MJ7|uniprotkb:Q9BY20|ensembl:ENSP00000263925.7	intact:EBI-10242598|ensembl:ENSP00000329858.3|uniprotkb:Q6PKB9|uniprotkb:Q96F21|uniprotkb:Q9NWK6	psi-mi:lnx1_human(display_long)|uniprotkb:LNX1(gene name)|psi-mi:LNX1(display_short)|uniprotkb:LNX(gene name synonym)|uniprotkb:Numb-binding protein 1(gene name synonym)|uniprotkb:Ligand of Numb-protein X 1(gene name synonym)|uniprotkb:PDZ domain-containing RING finger protein 2(gene name synonym)|uniprotkb:PDZRN2(gene name synonym)|uniprotkb:RING-type E3 ubiquitin transferase LNX(gene name synonym)|uniprotkb:UNQ574/PRO1136(orf name)	"psi-mi:tyw2_human(display_long)|uniprotkb:TRMT12(gene name)|psi-mi:TRMT12(display_short)|uniprotkb:TRM12(gene name synonym)|uniprotkb:TYW2(gene name synonym)|uniprotkb:""tRNA(Phe) (4-demethylwyosine(37)-C(7)) aminocarboxypropyltransferase""(gene name synonym)"	"psi-mi:""MI:1356""(validated two hybrid)"	Rolland et al. (2014)	imex:IM-23318|pubmed:25416956	taxid:9606(human)|taxid:9606(Homo sapiens)	taxid:9606(human)|taxid:9606(Homo sapiens)	"psi-mi:""MI:0915""(physical association)"	"psi-mi:""MI:0469""(IntAct)"	intact:EBI-10593426|imex:IM-23318-39515	intact-miscore:0.56
uniprotkb:Q53H54	uniprotkb:Q8TBB1	intact:EBI-10242598|ensembl:ENSP00000329858.3|uniprotkb:Q6PKB9|uniprotkb:Q96F21|uniprotkb:Q9NWK6	intact:EBI-739832|uniprotkb:Q4W5K7|uniprotkb:Q8N4C2|uniprotkb:Q96MJ7|uniprotkb:Q9BY20|ensembl:ENSP00000263925.7	"psi-mi:tyw2_human(display_long)|uniprotkb:TRMT12(gene name)|psi-mi:TRMT12(display_short)|uniprotkb:TRM12(gene name synonym)|uniprotkb:TYW2(gene name synonym)|uniprotkb:""tRNA(Phe) (4-demethylwyosine(37)-C(7)) aminocarboxypropyltransferase""(gene name synonym)"	psi-mi:lnx1_human(display_long)|uniprotkb:LNX1(gene name)|psi-mi:LNX1(display_short)|uniprotkb:LNX(gene name synonym)|uniprotkb:Numb-binding protein 1(gene name synonym)|uniprotkb:Ligand of Numb-protein X 1(gene name synonym)|uniprotkb:PDZ domain-containing RING finger protein 2(gene name synonym)|uniprotkb:PDZRN2(gene name synonym)|uniprotkb:RING-type E3 ubiquitin transferase LNX(gene name synonym)|uniprotkb:UNQ574/PRO1136(orf name)	"psi-mi:""MI:1112""(two hybrid prey pooling approach)"	Rolland et al. (2014)	imex:IM-23318|pubmed:25416956	taxid:9606(human)|taxid:9606(Homo sapiens)	taxid:9606(human)|taxid:9606(Homo sapiens)	"psi-mi:""MI:0915""(physical association)"	"psi-mi:""MI:0469""(IntAct)"	intact:EBI-10242605|imex:IM-23318-6381	intact-miscore:0.56
uniprotkb:Q53H54	uniprotkb:Q9NQX0	intact:EBI-10242598|ensembl:ENSP00000329858.3|uniprotkb:Q6PKB9|uniprotkb:Q96F21|uniprotkb:Q9NWK6	intact:EBI-11320284|uniprotkb:Q9NQW9|uniprotkb:B5MCJ4|ensembl:ENSP00000384725.3	"psi-mi:tyw2_human(display_long)|uniprotkb:TRMT12(gene name)|psi-mi:TRMT12(display_short)|uniprotkb:TRM12(gene name synonym)|uniprotkb:TYW2(gene name synonym)|uniprotkb:""tRNA(Phe) (4-demethylwyosine(37)-C(7)) aminocarboxypropyltransferase""(gene name synonym)"	psi-mi:prdm6_human(display_long)|uniprotkb:PRDM6(gene name)|psi-mi:PRDM6(display_short)|uniprotkb:PFM3(gene name synonym)|uniprotkb:PR domain zinc finger protein 6(gene name synonym)|uniprotkb:PR domain-containing protein 6(gene name synonym)	"psi-mi:""MI:0397""(two hybrid array)"	Luck et al. (2017)	pubmed:32296183|imex:IM-25472	taxid:9606(human)|taxid:9606(Homo sapiens)	taxid:9606(human)|taxid:9606(Homo sapiens)	"psi-mi:""MI:0915""(physical association)"	"psi-mi:""MI:0469""(IntAct)"	intact:EBI-22954865|imex:IM-25472-35192	author score:0.860386224762|intact-miscore:0.56
uniprotkb:Q53H54	uniprotkb:P11142	intact:EBI-10242598|ensembl:ENSP00000329858.3|uniprotkb:Q6PKB9|uniprotkb:Q96F21|uniprotkb:Q9NWK6	intact:EBI-351896|uniprotkb:Q9H3R6|ensembl:ENSP00000227378.3|ensembl:ENSP00000432083.1|ensembl:ENSP00000437125.1	"psi-mi:tyw2_human(display_long)|uniprotkb:TRMT12(gene name)|psi-mi:TRMT12(display_short)|uniprotkb:TRM12(gene name synonym)|uniprotkb:TYW2(gene name synonym)|uniprotkb:""tRNA(Phe) (4-demethylwyosine(37)-C(7)) aminocarboxypropyltransferase""(gene name synonym)"	psi-mi:hsp7c_human(display_long)|uniprotkb:HSPA8(gene name)|psi-mi:HSPA8(display_short)|uniprotkb:HSC70(gene name synonym)|uniprotkb:HSP73(gene name synonym)|uniprotkb:HSPA10(gene name synonym)|uniprotkb:Heat shock 70 kDa protein 8(gene name synonym)|uniprotkb:Lipopolysaccharide-associated protein 1(gene name synonym)|uniprotkb:Heat shock protein family A member 8(gene name synonym)	"psi-mi:""MI:0007""(anti tag coimmunoprecipitation)"	Huttlin et al. (2021)	pubmed:33961781|imex:IM-29278|doi:10.1016/j.cell.2021.04.011	taxid:9606(human)|taxid:9606(Homo sapiens)	taxid:9606(human)|taxid:9606(Homo sapiens)	"psi-mi:""MI:0914""(association)"	"psi-mi:""MI:0469""(IntAct)"	intact:EBI-54752154|imex:IM-29278-11453	intact-miscore:0.53
uniprotkb:Q53H54	uniprotkb:P34932	intact:EBI-10242598|ensembl:ENSP00000329858.3|uniprotkb:Q6PKB9|uniprotkb:Q96F21|uniprotkb:Q9NWK6	intact:EBI-356933|uniprotkb:O95756|uniprotkb:Q2TAL4|uniprotkb:Q9BUK9|ensembl:ENSP00000302961.2	"psi-mi:tyw2_human(display_long)|uniprotkb:TRMT12(gene name)|psi-mi:TRMT12(display_short)|uniprotkb:TRM12(gene name synonym)|uniprotkb:TYW2(gene name synonym)|uniprotkb:""tRNA(Phe) (4-demethylwyosine(37)-C(7)) aminocarboxypropyltransferase""(gene name synonym)"	psi-mi:hsp74_human(display_long)|uniprotkb:HSPA4(gene name)|psi-mi:HSPA4(display_short)|uniprotkb:APG2(gene name synonym)|uniprotkb:Heat shock 70-related protein APG-2(gene name synonym)|uniprotkb:HSP70RY(gene name synonym)|uniprotkb:HSPH2(gene name synonym)|uniprotkb:Heat shock protein family H member 2(gene name synonym)	"psi-mi:""MI:0007""(anti tag coimmunoprecipitation)"	Huttlin et al. (2021)	pubmed:33961781|imex:IM-29278|doi:10.1016/j.cell.2021.04.011	taxid:9606(human)|taxid:9606(Homo sapiens)	taxid:9606(human)|taxid:9606(Homo sapiens)	"psi-mi:""MI:0914""(association)"	"psi-mi:""MI:0469""(IntAct)"	intact:EBI-54752154|imex:IM-29278-11453	intact-miscore:0.53
uniprotkb:Q9HAH1	uniprotkb:Q53H54	intact:EBI-21784179|uniprotkb:Q96GM3|ensembl:ENSP00000302603.2	intact:EBI-10242598|ensembl:ENSP00000329858.3|uniprotkb:Q6PKB9|uniprotkb:Q96F21|uniprotkb:Q9NWK6	psi-mi:zn556_human(display_long)|uniprotkb:ZNF556(gene name)|psi-mi:ZNF556(display_short)	"psi-mi:tyw2_human(display_long)|uniprotkb:TRMT12(gene name)|psi-mi:TRMT12(display_short)|uniprotkb:TRM12(gene name synonym)|uniprotkb:TYW2(gene name synonym)|uniprotkb:""tRNA(Phe) (4-demethylwyosine(37)-C(7)) aminocarboxypropyltransferase""(gene name synonym)"	"psi-mi:""MI:0007""(anti tag coimmunoprecipitation)"	Huttlin et al. (2021)	pubmed:33961781|imex:IM-29278|doi:10.1016/j.cell.2021.04.011	taxid:9606(human)|taxid:9606(Homo sapiens)	taxid:9606(human)|taxid:9606(Homo sapiens)	"psi-mi:""MI:0914""(association)"	"psi-mi:""MI:0469""(IntAct)"	intact:EBI-54703713|imex:IM-29278-7447	intact-miscore:0.53
uniprotkb:Q8WWK9	uniprotkb:Q53H54	intact:EBI-1221087|uniprotkb:Q9HC49|uniprotkb:Q9NVG4|uniprotkb:A2BDE0|uniprotkb:A5YM58|uniprotkb:Q3KRA5|uniprotkb:Q5VXB4|uniprotkb:Q8IWV5|uniprotkb:Q8IWV6|uniprotkb:Q96FH9|uniprotkb:Q9H012|uniprotkb:Q9H0D0|uniprotkb:Q9H988|uniprotkb:B4DR35|uniprotkb:E9PD90|intact:EBI-11054734|ensembl:ENSP00000367276.4	intact:EBI-10242598|ensembl:ENSP00000329858.3|uniprotkb:Q6PKB9|uniprotkb:Q96F21|uniprotkb:Q9NWK6	psi-mi:ckap2_human(display_long)|uniprotkb:CKAP2(gene name)|psi-mi:CKAP2(display_short)|uniprotkb:LB1(gene name synonym)|uniprotkb:TMAP(gene name synonym)|uniprotkb:Tumor- and microtubule-associated protein(gene name synonym)|uniprotkb:CTCL tumor antigen se20-10(gene name synonym)	"psi-mi:tyw2_human(display_long)|uniprotkb:TRMT12(gene name)|psi-mi:TRMT12(display_short)|uniprotkb:TRM12(gene name synonym)|uniprotkb:TYW2(gene name synonym)|uniprotkb:""tRNA(Phe) (4-demethylwyosine(37)-C(7)) aminocarboxypropyltransferase""(gene name synonym)"	"psi-mi:""MI:0007""(anti tag coimmunoprecipitation)"	Huttlin et al. (2021)	pubmed:33961781|imex:IM-29278|doi:10.1016/j.cell.2021.04.011	taxid:9606(human)|taxid:9606(Homo sapiens)	taxid:9606(human)|taxid:9606(Homo sapiens)	"psi-mi:""MI:0914""(association)"	"psi-mi:""MI:0469""(IntAct)"	intact:EBI-54657160|imex:IM-29278-5081	intact-miscore:0.35
intact:EBI-54366557	intact:EBI-22266552	ensembl:ENST00000261249	"intact:""INTACT:URS00002C6949_9606""|refseq:NR_029636|mirbase:MIMAT0000279|rnacentral:URS00002C6949_9606"	psi-mi:mrna_trmt5(display_short)|psi-mi:EBI-54366557(display_long)|uniprotkb:TRMT5(gene name)	psi-mi:hsa-mir-222-3p(display_short)|psi-mi:EBI-22266552(display_long)	"psi-mi:""MI:2195""(clash)"	Helwak et al. (2013)	pubmed:23622248|imex:IM-30030|doi:10.1016/j.cell.2013.03.043	taxid:9606(human)|taxid:9606(Homo sapiens)	taxid:9606(human)|taxid:9606(Homo sapiens)	"psi-mi:""MI:0915""(physical association)"	"psi-mi:""MI:0469""(IntAct)"	intact:EBI-54366568|imex:IM-30030-27013	intact-miscore:0.40
uniprotkb:P10809	uniprotkb:Q32P41	intact:EBI-352528|uniprotkb:Q38L19|uniprotkb:B2R5M6|uniprotkb:Q9UCR6|uniprotkb:B7Z712|ensembl:ENSP00000340019.2|ensembl:ENSP00000373620.3|ensembl:ENSP00000396460.2|ensembl:ENSP00000402478.2|ensembl:ENSP00000412227.2|ensembl:ENSP00000412717.2|ensembl:ENSP00000414446.2|ensembl:ENSP00000503139.1|ensembl:ENSP00000503894.1	intact:EBI-16769505|uniprotkb:B2RN19|uniprotkb:Q9P2F4|ensembl:ENSP00000261249.6	psi-mi:ch60_human(display_long)|uniprotkb:HSPD1(gene name)|psi-mi:HSPD1(display_short)|uniprotkb:HSP60(gene name synonym)|uniprotkb:Heat shock protein 60(gene name synonym)|uniprotkb:60 kDa chaperonin(gene name synonym)|uniprotkb:Chaperonin 60(gene name synonym)|uniprotkb:Mitochondrial matrix protein P1(gene name synonym)|uniprotkb:P60 lymphocyte protein(gene name synonym)|uniprotkb:HuCHA60(gene name synonym)|uniprotkb:Heat shock protein family D member 1(gene name synonym)	psi-mi:trm5_human(display_long)|uniprotkb:TRMT5(gene name)|psi-mi:TRMT5(display_short)|uniprotkb:KIAA1393(gene name synonym)|uniprotkb:TRM5(gene name synonym)|uniprotkb:M1G-methyltransferase(gene name synonym)|uniprotkb:tRNA [GM37] methyltransferase(gene name synonym)|uniprotkb:tRNA methyltransferase 5 homolog(gene name synonym)	"psi-mi:""MI:1314""(proximity-dependent biotin identification)"	Liu et al. (2018)	pubmed:29568061|imex:IM-26301	taxid:9606(human)|taxid:9606(Homo sapiens)	taxid:9606(human)|taxid:9606(Homo sapiens)	"psi-mi:""MI:2364""(proximity)"	"psi-mi:""MI:0469""(IntAct)"	intact:EBI-16790769|imex:IM-26301-9	intact-miscore:0.27
uniprotkb:O14880	uniprotkb:Q32P41	intact:EBI-724754|uniprotkb:Q6ICN4|uniprotkb:B2R592|ensembl:ENSP00000356859.1|ensembl:ENSP00000356864.3	intact:EBI-16769505|uniprotkb:B2RN19|uniprotkb:Q9P2F4|ensembl:ENSP00000261249.6	psi-mi:mgst3_human(display_long)|uniprotkb:MGST3(gene name)|psi-mi:MGST3(display_short)|uniprotkb:Glutathione peroxidase MGST3(gene name synonym)|uniprotkb:LTC4 synthase MGST3(gene name synonym)	psi-mi:trm5_human(display_long)|uniprotkb:TRMT5(gene name)|psi-mi:TRMT5(display_short)|uniprotkb:KIAA1393(gene name synonym)|uniprotkb:TRM5(gene name synonym)|uniprotkb:M1G-methyltransferase(gene name synonym)|uniprotkb:tRNA [GM37] methyltransferase(gene name synonym)|uniprotkb:tRNA methyltransferase 5 homolog(gene name synonym)	"psi-mi:""MI:1314""(proximity-dependent biotin identification)"	Liu et al. (2018)	pubmed:29568061|imex:IM-26301	taxid:9606(human)|taxid:9606(Homo sapiens)	taxid:9606(human)|taxid:9606(Homo sapiens)	"psi-mi:""MI:2364""(proximity)"	"psi-mi:""MI:0469""(IntAct)"	intact:EBI-16796475|imex:IM-26301-131	intact-miscore:0.27
uniprotkb:Q9BVS5	uniprotkb:Q32P41	intact:EBI-3197877|uniprotkb:Q9H0Q9|uniprotkb:Q9NWS7|ensembl:ENSP00000302801.5	intact:EBI-16769505|uniprotkb:B2RN19|uniprotkb:Q9P2F4|ensembl:ENSP00000261249.6	"psi-mi:tr61b_human(display_long)|uniprotkb:TRMT61B(gene name)|psi-mi:TRMT61B(display_short)|uniprotkb:""mRNA methyladenosine-N(1)-methyltransferase""(gene name synonym)"	psi-mi:trm5_human(display_long)|uniprotkb:TRMT5(gene name)|psi-mi:TRMT5(display_short)|uniprotkb:KIAA1393(gene name synonym)|uniprotkb:TRM5(gene name synonym)|uniprotkb:M1G-methyltransferase(gene name synonym)|uniprotkb:tRNA [GM37] methyltransferase(gene name synonym)|uniprotkb:tRNA methyltransferase 5 homolog(gene name synonym)	"psi-mi:""MI:1314""(proximity-dependent biotin identification)"	Liu et al. (2018)	pubmed:29568061|imex:IM-26301	taxid:9606(human)|taxid:9606(Homo sapiens)	taxid:9606(human)|taxid:9606(Homo sapiens)	"psi-mi:""MI:2364""(proximity)"	"psi-mi:""MI:0469""(IntAct)"	intact:EBI-16802257|imex:IM-26301-39	intact-miscore:0.27
uniprotkb:Q15118	uniprotkb:Q32P41	intact:EBI-7016221|uniprotkb:B7Z937|uniprotkb:E9PD65|uniprotkb:Q308M4|uniprotkb:B2R6T1|intact:MINT-2881420|uniprotkb:D3DPD8|ensembl:ENSP00000282077.3|ensembl:ENSP00000386985.1	intact:EBI-16769505|uniprotkb:B2RN19|uniprotkb:Q9P2F4|ensembl:ENSP00000261249.6	psi-mi:pdk1_human(display_long)|uniprotkb:PDK1(gene name)|psi-mi:PDK1(display_short)|uniprotkb:PDHK1(gene name synonym)|uniprotkb:Pyruvate dehydrogenase kinase isoform 1(gene name synonym)	psi-mi:trm5_human(display_long)|uniprotkb:TRMT5(gene name)|psi-mi:TRMT5(display_short)|uniprotkb:KIAA1393(gene name synonym)|uniprotkb:TRM5(gene name synonym)|uniprotkb:M1G-methyltransferase(gene name synonym)|uniprotkb:tRNA [GM37] methyltransferase(gene name synonym)|uniprotkb:tRNA methyltransferase 5 homolog(gene name synonym)	"psi-mi:""MI:1314""(proximity-dependent biotin identification)"	Liu et al. (2018)	pubmed:29568061|imex:IM-26301	taxid:9606(human)|taxid:9606(Homo sapiens)	taxid:9606(human)|taxid:9606(Homo sapiens)	"psi-mi:""MI:2364""(proximity)"	"psi-mi:""MI:0469""(IntAct)"	intact:EBI-16796954|imex:IM-26301-31	intact-miscore:0.27
uniprotkb:Q6P587	uniprotkb:Q32P41	intact:EBI-597013|uniprotkb:Q6FIC7|uniprotkb:Q96RY1|uniprotkb:Q9H0N6|uniprotkb:B1AK41|uniprotkb:B1AK40|ensembl:ENSP00000398053.3	intact:EBI-16769505|uniprotkb:B2RN19|uniprotkb:Q9P2F4|ensembl:ENSP00000261249.6	psi-mi:fahd1_human(display_long)|uniprotkb:FAHD1(gene name)|psi-mi:FAHD1(display_short)|uniprotkb:C16orf36(gene name synonym)|uniprotkb:Fumarylacetoacetate hydrolase domain-containing protein 1(gene name synonym)|uniprotkb:YISKL(gene name synonym)|uniprotkb:YisK-like protein(gene name synonym)|uniprotkb:Acylpyruvase FAHD1(gene name synonym)|uniprotkb:Oxaloacetate decarboxylase(gene name synonym)	psi-mi:trm5_human(display_long)|uniprotkb:TRMT5(gene name)|psi-mi:TRMT5(display_short)|uniprotkb:KIAA1393(gene name synonym)|uniprotkb:TRM5(gene name synonym)|uniprotkb:M1G-methyltransferase(gene name synonym)|uniprotkb:tRNA [GM37] methyltransferase(gene name synonym)|uniprotkb:tRNA methyltransferase 5 homolog(gene name synonym)	"psi-mi:""MI:0007""(anti tag coimmunoprecipitation)"	Huttlin et al. (2021)	pubmed:33961781|imex:IM-29278|doi:10.1016/j.cell.2021.04.011	taxid:9606(human)|taxid:9606(Homo sapiens)	taxid:9606(human)|taxid:9606(Homo sapiens)	"psi-mi:""MI:0914""(association)"	"psi-mi:""MI:0469""(IntAct)"	intact:EBI-54827974|imex:IM-29278-18335	intact-miscore:0.35
uniprotkb:Q13228	uniprotkb:Q32P41	intact:EBI-711619|uniprotkb:A6NML9|uniprotkb:A6PVW9|uniprotkb:B2RDR3|uniprotkb:Q96GX7|uniprotkb:B4DKP6|uniprotkb:Q49AQ8|uniprotkb:B4E1F3|ensembl:ENSP00000357861.5	intact:EBI-16769505|uniprotkb:B2RN19|uniprotkb:Q9P2F4|ensembl:ENSP00000261249.6	psi-mi:sbp1_human(display_long)|uniprotkb:SELENBP1(gene name)|psi-mi:SELENBP1(display_short)|uniprotkb:SBP(gene name synonym)|uniprotkb:56 kDa selenium-binding protein(gene name synonym)|uniprotkb:Selenium-binding protein 1(gene name synonym)	psi-mi:trm5_human(display_long)|uniprotkb:TRMT5(gene name)|psi-mi:TRMT5(display_short)|uniprotkb:KIAA1393(gene name synonym)|uniprotkb:TRM5(gene name synonym)|uniprotkb:M1G-methyltransferase(gene name synonym)|uniprotkb:tRNA [GM37] methyltransferase(gene name synonym)|uniprotkb:tRNA methyltransferase 5 homolog(gene name synonym)	"psi-mi:""MI:0007""(anti tag coimmunoprecipitation)"	Huttlin et al. (2021)	pubmed:33961781|imex:IM-29278|doi:10.1016/j.cell.2021.04.011	taxid:9606(human)|taxid:9606(Homo sapiens)	taxid:9606(human)|taxid:9606(Homo sapiens)	"psi-mi:""MI:0914""(association)"	"psi-mi:""MI:0469""(IntAct)"	intact:EBI-54757068|imex:IM-29278-11981	intact-miscore:0.35
intact:EBI-16769503	uniprotkb:Q32P41	-	intact:EBI-16769505|uniprotkb:B2RN19|uniprotkb:Q9P2F4|ensembl:ENSP00000261249.6	psi-mi:aox(display_short)|psi-mi:EBI-16769503(display_long)	psi-mi:trm5_human(display_long)|uniprotkb:TRMT5(gene name)|psi-mi:TRMT5(display_short)|uniprotkb:KIAA1393(gene name synonym)|uniprotkb:TRM5(gene name synonym)|uniprotkb:M1G-methyltransferase(gene name synonym)|uniprotkb:tRNA [GM37] methyltransferase(gene name synonym)|uniprotkb:tRNA methyltransferase 5 homolog(gene name synonym)	"psi-mi:""MI:1314""(proximity-dependent biotin identification)"	Liu et al. (2018)	pubmed:29568061|imex:IM-26301	taxid:7719(cioin)|taxid:7719(Ciona intestinalis)	taxid:9606(human)|taxid:9606(Homo sapiens)	"psi-mi:""MI:2364""(proximity)"	"psi-mi:""MI:0469""(IntAct)"	intact:EBI-16787299|imex:IM-26301-143	intact-miscore:0.27
uniprotkb:Q32P41	uniprotkb:P57721	intact:EBI-16769505|uniprotkb:B2RN19|uniprotkb:Q9P2F4|ensembl:ENSP00000261249.6	intact:EBI-954627|uniprotkb:Q8N9K6|uniprotkb:Q96EP6|uniprotkb:A8MPS2|uniprotkb:A8MQ26|uniprotkb:B7WNN9|uniprotkb:B7WPC1|intact:EBI-2555264|ensembl:ENSP00000383168.1|ensembl:ENSP00000505796.1	psi-mi:trm5_human(display_long)|uniprotkb:TRMT5(gene name)|psi-mi:TRMT5(display_short)|uniprotkb:KIAA1393(gene name synonym)|uniprotkb:TRM5(gene name synonym)|uniprotkb:M1G-methyltransferase(gene name synonym)|uniprotkb:tRNA [GM37] methyltransferase(gene name synonym)|uniprotkb:tRNA methyltransferase 5 homolog(gene name synonym)	psi-mi:pcbp3_human(display_long)|uniprotkb:PCBP3-overlapping transcript(gene name synonym)|uniprotkb:PCBP3-overlapping transcript 1(gene name synonym)|uniprotkb:PCBP3OT(gene name synonym)|uniprotkb:PCBP3(gene name)|psi-mi:PCBP3(display_short)|uniprotkb:Alpha-CP3(gene name synonym)|uniprotkb:PCBP3-OT1(gene name synonym)	"psi-mi:""MI:0007""(anti tag coimmunoprecipitation)"	Huttlin et al. (2021)	pubmed:33961781|imex:IM-29278|doi:10.1016/j.cell.2021.04.011	taxid:9606(human)|taxid:9606(Homo sapiens)	taxid:9606(human)|taxid:9606(Homo sapiens)	"psi-mi:""MI:0915""(physical association)"	"psi-mi:""MI:0469""(IntAct)"	intact:EBI-54777690|imex:IM-29278-14217	intact-miscore:0.40
uniprotkb:Q13228	uniprotkb:Q32P41	intact:EBI-711619|uniprotkb:A6NML9|uniprotkb:A6PVW9|uniprotkb:B2RDR3|uniprotkb:Q96GX7|uniprotkb:B4DKP6|uniprotkb:Q49AQ8|uniprotkb:B4E1F3|ensembl:ENSP00000357861.5	intact:EBI-16769505|uniprotkb:B2RN19|uniprotkb:Q9P2F4|ensembl:ENSP00000261249.6	psi-mi:sbp1_human(display_long)|uniprotkb:SELENBP1(gene name)|psi-mi:SELENBP1(display_short)|uniprotkb:SBP(gene name synonym)|uniprotkb:56 kDa selenium-binding protein(gene name synonym)|uniprotkb:Selenium-binding protein 1(gene name synonym)	psi-mi:trm5_human(display_long)|uniprotkb:TRMT5(gene name)|psi-mi:TRMT5(display_short)|uniprotkb:KIAA1393(gene name synonym)|uniprotkb:TRM5(gene name synonym)|uniprotkb:M1G-methyltransferase(gene name synonym)|uniprotkb:tRNA [GM37] methyltransferase(gene name synonym)|uniprotkb:tRNA methyltransferase 5 homolog(gene name synonym)	"psi-mi:""MI:0007""(anti tag coimmunoprecipitation)"	Huttlin et al. (2021)	pubmed:33961781|imex:IM-29278|doi:10.1016/j.cell.2021.04.011	taxid:9606(human)|taxid:9606(Homo sapiens)	taxid:9606(human)|taxid:9606(Homo sapiens)	"psi-mi:""MI:0914""(association)"	"psi-mi:""MI:0469""(IntAct)"	intact:EBI-55018127|imex:IM-29278-28985	intact-miscore:0.35
uniprotkb:P06748	uniprotkb:Q32P41	intact:EBI-78579|uniprotkb:P08693|uniprotkb:Q12826|uniprotkb:Q13440|uniprotkb:Q13441|uniprotkb:Q14115|uniprotkb:Q5EU94|uniprotkb:Q5EU95|uniprotkb:Q5EU96|uniprotkb:Q5EU97|uniprotkb:Q5EU98|uniprotkb:Q5EU99|uniprotkb:Q6V962|uniprotkb:Q8WTW5|uniprotkb:Q96AT6|uniprotkb:Q96DC4|uniprotkb:Q96EA5|uniprotkb:A8K3N7|uniprotkb:B5BU00|uniprotkb:Q9UDJ7|uniprotkb:D3DQL6|uniprotkb:Q9BYG9|ensembl:ENSP00000296930.5|ensembl:ENSP00000428755.1	intact:EBI-16769505|uniprotkb:B2RN19|uniprotkb:Q9P2F4|ensembl:ENSP00000261249.6	psi-mi:npm_human(display_long)|uniprotkb:NPM1(gene name)|psi-mi:NPM1(display_short)|uniprotkb:NPM(gene name synonym)|uniprotkb:Nucleolar phosphoprotein B23(gene name synonym)|uniprotkb:Numatrin(gene name synonym)|uniprotkb:Nucleolar protein NO38(gene name synonym)	psi-mi:trm5_human(display_long)|uniprotkb:TRMT5(gene name)|psi-mi:TRMT5(display_short)|uniprotkb:KIAA1393(gene name synonym)|uniprotkb:TRM5(gene name synonym)|uniprotkb:M1G-methyltransferase(gene name synonym)|uniprotkb:tRNA [GM37] methyltransferase(gene name synonym)|uniprotkb:tRNA methyltransferase 5 homolog(gene name synonym)	"psi-mi:""MI:1314""(proximity-dependent biotin identification)"	Matvei et al. (2024)	imex:IM-30059|pubmed:39251607	taxid:9606(human)|taxid:9606(Homo sapiens)	taxid:9606(human)|taxid:9606(Homo sapiens)	"psi-mi:""MI:2364""(proximity)"	"psi-mi:""MI:0469""(IntAct)"	intact:EBI-58762356|imex:IM-30059-97	intact-miscore:0.27
uniprotkb:P02829	uniprotkb:P38793	intact:EBI-8659|uniprotkb:D6W3D1	intact:EBI-24581|uniprotkb:D3DL19	psi-mi:hsp82_yeast(display_long)|uniprotkb:HSP90(gene name synonym)|uniprotkb:YPL240C(locus name)|uniprotkb:HSP82(gene name)|psi-mi:HSP82(display_short)|uniprotkb:Heat shock protein Hsp90 heat-inducible isoform(gene name synonym)|uniprotkb:82 kDa heat shock protein(gene name synonym)	psi-mi:trm5_yeast(display_long)|uniprotkb:YHR070W(locus name)|uniprotkb:TRM5(gene name)|psi-mi:TRM5(display_short)|uniprotkb:M1G-methyltransferase(gene name synonym)|uniprotkb:tRNA [GM37] methyltransferase(gene name synonym)|uniprotkb:tRNA methyltransferase 5(gene name synonym)	"psi-mi:""MI:0397""(two hybrid array)"	Zhao et al. (2005)	pubmed:15766533	taxid:559292(yeast)|taxid:559292(Saccharomyces cerevisiae)	taxid:559292(yeast)|taxid:559292(Saccharomyces cerevisiae)	"psi-mi:""MI:0915""(physical association)"	"psi-mi:""MI:0469""(IntAct)"	intact:EBI-762931	intact-miscore:0.37
uniprotkb:P10591	uniprotkb:P38793	intact:EBI-8591|uniprotkb:D6VPL2	intact:EBI-24581|uniprotkb:D3DL19	psi-mi:hsp71_yeast(display_long)|uniprotkb:YAL005C(locus name)|uniprotkb:SSA1(gene name)|psi-mi:SSA1(display_short)|uniprotkb:Heat shock protein YG100(gene name synonym)	psi-mi:trm5_yeast(display_long)|uniprotkb:YHR070W(locus name)|uniprotkb:TRM5(gene name)|psi-mi:TRM5(display_short)|uniprotkb:M1G-methyltransferase(gene name synonym)|uniprotkb:tRNA [GM37] methyltransferase(gene name synonym)|uniprotkb:tRNA methyltransferase 5(gene name synonym)	"psi-mi:""MI:0676""(tandem affinity purification)"	Gong et al. (2009)	pubmed:19536198	taxid:559292(yeast)|taxid:559292(Saccharomyces cerevisiae)	taxid:559292(yeast)|taxid:559292(Saccharomyces cerevisiae)	"psi-mi:""MI:0914""(association)"	"psi-mi:""MI:0469""(IntAct)"	intact:EBI-3678898	intact-miscore:0.35
uniprotkb:P38793	uniprotkb:P11484	intact:EBI-24581|uniprotkb:D3DL19	intact:EBI-8627|uniprotkb:Q05834|uniprotkb:D6VRC7|intact:EBI-29890|uniprotkb:E9P9V5	psi-mi:trm5_yeast(display_long)|uniprotkb:YHR070W(locus name)|uniprotkb:TRM5(gene name)|psi-mi:TRM5(display_short)|uniprotkb:M1G-methyltransferase(gene name synonym)|uniprotkb:tRNA [GM37] methyltransferase(gene name synonym)|uniprotkb:tRNA methyltransferase 5(gene name synonym)	psi-mi:ssb1_yeast(display_long)|uniprotkb:YDL229W(locus name)|uniprotkb:SSB1(gene name)|psi-mi:SSB1(display_short)|uniprotkb:YG101(gene name synonym)|uniprotkb:Cold-inducible protein YG101(gene name synonym)|uniprotkb:Heat shock protein SSB1(gene name synonym)|uniprotkb:Hsp70 chaperone Ssb(gene name synonym)	"psi-mi:""MI:0676""(tandem affinity purification)"	Gong et al. (2009)	pubmed:19536198	taxid:559292(yeast)|taxid:559292(Saccharomyces cerevisiae)	taxid:559292(yeast)|taxid:559292(Saccharomyces cerevisiae)	"psi-mi:""MI:0914""(association)"	"psi-mi:""MI:0469""(IntAct)"	intact:EBI-3697347	intact-miscore:0.35
uniprotkb:P32589	uniprotkb:P38793	intact:EBI-8648|uniprotkb:D6W3R1	intact:EBI-24581|uniprotkb:D3DL19	psi-mi:hsp7f_yeast(display_long)|uniprotkb:SSE1(gene name)|psi-mi:SSE1(display_short)|uniprotkb:MSI3(gene name synonym)|uniprotkb:YPL106C(locus name)|uniprotkb:LPG3C(orf name)|uniprotkb:Chaperone protein MSI3(gene name synonym)	psi-mi:trm5_yeast(display_long)|uniprotkb:YHR070W(locus name)|uniprotkb:TRM5(gene name)|psi-mi:TRM5(display_short)|uniprotkb:M1G-methyltransferase(gene name synonym)|uniprotkb:tRNA [GM37] methyltransferase(gene name synonym)|uniprotkb:tRNA methyltransferase 5(gene name synonym)	"psi-mi:""MI:0676""(tandem affinity purification)"	Gong et al. (2009)	pubmed:19536198	taxid:559292(yeast)|taxid:559292(Saccharomyces cerevisiae)	taxid:559292(yeast)|taxid:559292(Saccharomyces cerevisiae)	"psi-mi:""MI:0914""(association)"	"psi-mi:""MI:0469""(IntAct)"	intact:EBI-3730810	intact-miscore:0.35
