PartnerUniProtID,Publications
A0PK11,doi:10.1016/j.cell.2021.04.011|imex:IM-29278|pubmed:33961781
A4D2P6,doi:10.1038/s41467-022-33018-0|imex:IM-30294|pubmed:36115835
A4JYP8,imex:IM-24186|pubmed:26190107
A9XP97,imex:IM-23003|pubmed:23565095
B9A064,doi:10.1016/j.cell.2021.04.011|doi:10.1038/nature22366|imex:IM-25778|imex:IM-29278|pubmed:28514442|pubmed:33961781
G5EGG0,imex:IM-16523|mint:MINT-5216848|pubmed:14704431
H2KYP1,imex:IM-16523|mint:MINT-5216848|pubmed:14704431
O00151,doi:10.1038/s41467-022-33018-0|imex:IM-30294|pubmed:36115835
O00182,doi:10.1016/j.cell.2021.04.011|imex:IM-29278|pubmed:33961781
O00214,doi:10.1016/j.cell.2021.04.011|imex:IM-29278|pubmed:33961781
O00391,doi:10.1016/j.cell.2021.04.011|imex:IM-29278|pubmed:33961781
O00429-2,doi:10.1038/nature22366|imex:IM-25778|pubmed:28514442
O00442,doi:10.1016/j.cell.2021.04.011|imex:IM-29278|pubmed:33961781
O00471,doi:10.1016/j.cell.2021.04.011|doi:10.1038/nature22366|imex:IM-25778|imex:IM-29278|pubmed:28514442|pubmed:33961781
O00602,doi:10.1016/j.cell.2021.04.011|imex:IM-29278|pubmed:33961781
O14519,doi:10.1016/j.cell.2021.04.011|imex:IM-29278|pubmed:33961781
O14649,imex:IM-29540|pubmed:36012204
O14787,doi:10.1016/j.cell.2021.04.011|imex:IM-29278|pubmed:33961781
O14907,doi:10.1038/s41467-022-33018-0|imex:IM-30294|pubmed:36115835
O14936,doi:10.1038/s41467-022-33018-0|imex:IM-30294|pubmed:36115835
O15018,doi:10.1038/s41467-022-33018-0|imex:IM-30294|pubmed:36115835
O15119,imex:IM-23318|pubmed:25416956
O15230,doi:10.1016/j.cell.2021.04.011|imex:IM-29278|pubmed:33961781
O15530,imex:IM-12167|pubmed:19167335
O43147,imex:IM-16517|mint:MINT-5217955|pubmed:16169070
O43186,doi:10.1038/s41467-019-11959-3|imex:IM-23318|imex:IM-25511|imex:IM-27438|pubmed:25416956|pubmed:25910212|pubmed:31515488
O43464,doi:10.1038/s41467-022-33018-0|imex:IM-30294|pubmed:36115835
O43502,doi:10.1016/j.cell.2021.04.011|imex:IM-29278|pubmed:33961781
O43929,doi:10.1016/j.cell.2021.04.011|imex:IM-29278|pubmed:33961781
O46085,imex:IM-16524|mint:MINT-5216804|pubmed:14605208
O60518,doi:10.1016/j.cell.2021.04.011|doi:10.1038/nature22366|imex:IM-25778|imex:IM-29278|pubmed:28514442|pubmed:33961781
O60741,imex:IM-29810|pubmed:37207277
O75051,doi:10.1016/j.cell.2021.04.011|imex:IM-29278|pubmed:33961781
O75112,doi:10.1038/s41467-022-33018-0|imex:IM-30294|pubmed:36115835
O75427,imex:IM-16517|mint:MINT-5217955|pubmed:16169070
O75717,doi:10.1016/j.cell.2021.04.011|doi:10.1038/nature22366|imex:IM-25778|imex:IM-29278|pubmed:28514442|pubmed:33961781
O75935-2,doi:10.1038/nature22366|imex:IM-25778|pubmed:28514442
O75970,doi:10.1038/s41467-022-33018-0|imex:IM-30294|pubmed:36115835
O76003,doi:10.1016/j.cell.2016.01.029|imex:IM-25013|imex:IM-25472|pubmed:26871637|pubmed:32296183
O94788,doi:10.1016/j.cell.2021.04.011|imex:IM-29278|pubmed:33961781
O94822,doi:10.1016/j.cell.2021.04.011|doi:10.1038/nature22366|imex:IM-25778|imex:IM-29278|pubmed:28514442|pubmed:33961781
O94952,doi:10.1016/j.cell.2021.04.011|imex:IM-29278|pubmed:33961781
O94955,doi:10.1016/j.cell.2021.04.011|imex:IM-29278|pubmed:33961781
O94985,doi:10.1016/j.cell.2021.04.011|imex:IM-29278|pubmed:33961781
O95049,doi:10.1038/s41467-022-33018-0|imex:IM-30294|pubmed:36115835
O95396,doi:10.1016/j.cell.2021.04.011|imex:IM-29278|pubmed:33961781
O95456,doi:10.1016/j.cell.2021.04.011|imex:IM-29278|pubmed:33961781
O95456-2,doi:10.1038/nature22366|imex:IM-25778|pubmed:28514442
O95620,doi:10.1016/j.cell.2021.04.011|imex:IM-29278|pubmed:33961781
O95897,doi:10.1016/j.cell.2021.04.011|imex:IM-29278|pubmed:33961781
O96018,doi:10.1038/s41467-022-33018-0|imex:IM-30294|pubmed:36115835
P00533,imex:IM-26371|imex:IM-26434|pubmed:25970784|pubmed:31980649
P00749,doi:10.1016/j.cell.2021.04.011|imex:IM-29278|pubmed:33961781
P00966,doi:10.1016/j.cell.2021.04.011|doi:10.1038/nature22366|imex:IM-25778|imex:IM-29278|pubmed:28514442|pubmed:33961781
P01009,doi:10.1016/j.cell.2021.04.011|imex:IM-29278|pubmed:33961781
P01009-2,doi:10.1038/nature22366|imex:IM-25778|pubmed:28514442
P01024,doi:10.1016/j.cell.2021.04.011|doi:10.1038/nature22366|imex:IM-25778|imex:IM-29278|pubmed:28514442|pubmed:33961781
P01834,doi:10.1038/nature22366|imex:IM-25778|pubmed:28514442
P01857,doi:10.1016/j.cell.2021.04.011|doi:10.1038/nature22366|imex:IM-25778|imex:IM-29278|pubmed:28514442|pubmed:33961781
P01859,doi:10.1038/nature22366|imex:IM-25778|pubmed:28514442
P01860,doi:10.1016/j.cell.2021.04.011|doi:10.1038/nature22366|imex:IM-25778|imex:IM-29278|pubmed:28514442|pubmed:33961781
P02679,doi:10.1016/j.cell.2021.04.011|imex:IM-29278|pubmed:33961781
P02679-2,doi:10.1038/nature22366|imex:IM-25778|pubmed:28514442
P02741,doi:10.1038/nature22366|imex:IM-25778|pubmed:28514442
P02765,doi:10.1038/nature22366|imex:IM-25778|pubmed:28514442
P02768,doi:10.1016/j.cell.2021.04.011|doi:10.1038/nature22366|imex:IM-25778|imex:IM-29278|pubmed:28514442|pubmed:33961781
P02787,doi:10.1016/j.cell.2021.04.011|doi:10.1038/nature22366|imex:IM-25778|imex:IM-29278|pubmed:28514442|pubmed:33961781
P04626,imex:IM-12167|pubmed:19167335
P04629,imex:IM-12167|pubmed:19167335
P05120,doi:10.1016/j.cell.2021.04.011|doi:10.1038/nature22366|imex:IM-25778|imex:IM-29278|pubmed:28514442|pubmed:33961781
P05201,imex:IM-16651|pubmed:15627969
P06213,imex:IM-12167|pubmed:19167335
P06239,imex:IM-12167|pubmed:19167335
P07437,doi:10.1016/j.cell.2021.04.011|imex:IM-29278|pubmed:33961781
P08581,imex:IM-12167|pubmed:19167335
P08670,doi:10.1074/mcp.ra118.000924|imex:IM-26653|pubmed:30021884
P09105,doi:10.1016/j.cell.2021.04.011|imex:IM-29278|pubmed:33961781
P09382,doi:10.1016/j.cell.2021.04.011|imex:IM-29278|pubmed:33961781
P09619,imex:IM-12167|pubmed:19167335
P09919,doi:10.1016/j.cell.2021.04.011|imex:IM-29278|pubmed:33961781
P0C6X7-PRO_0000037314,doi:10.1101/2020.06.17.156455|imex:IM-28109|pmc:PPR177217|pubmed:33845483
P0DTC3,doi:10.1101/2020.06.17.156455|imex:IM-28109|pmc:PPR177217|pubmed:33845483
P0DTD8,doi:10.1101/2020.06.17.156455|imex:IM-28109|imex:IM-29365|pmc:PPR177217|pubmed:33845483|pubmed:34232536
P10636-8,imex:IM-29755|pubmed:32812023
P11021,doi:10.1016/j.cell.2021.04.011|imex:IM-29278|pubmed:33961781
P11182,doi:10.1016/j.cell.2021.04.011|doi:10.1038/nature22366|imex:IM-25778|imex:IM-29278|pubmed:28514442|pubmed:33961781
P11413-2,doi:10.1038/nature22366|imex:IM-25778|pubmed:28514442
P11440,imex:IM-11719|pubmed:20360068
P11586,doi:10.1038/nature22366|imex:IM-25778|pubmed:28514442
P12110,doi:10.1016/j.cell.2021.04.011|doi:10.1038/nature22366|imex:IM-25778|imex:IM-29278|pubmed:28514442|pubmed:33961781
P12694,doi:10.1016/j.cell.2021.04.011|imex:IM-29278|pubmed:33961781
P12931,doi:10.1016/j.cell.2021.04.011|imex:IM-29278|pubmed:33961781
P13497,doi:10.1016/j.cell.2021.04.011|imex:IM-29278|pubmed:33961781
P13569,imex:IM-29540|pubmed:36012204
P13607-1,imex:IM-16524|mint:MINT-5216804|pubmed:14605208
P14222,doi:10.1016/j.cell.2021.04.011|imex:IM-29278|pubmed:33961781
P16234,doi:10.1016/j.cell.2021.04.011|imex:IM-29278|pubmed:33961781
P17931,doi:10.1016/j.cell.2021.04.011|imex:IM-29278|pubmed:33961781
P18827,doi:10.1016/j.cell.2021.04.011|imex:IM-29278|pubmed:33961781
P19022,imex:IM-12167|pubmed:19167335
P19235,imex:IM-12167|pubmed:19167335
P20783,doi:10.1016/j.cell.2021.04.011|imex:IM-29278|pubmed:33961781
P21291,imex:IM-25472|pubmed:32296183
P21359,doi:10.1016/j.cell.2021.04.011|imex:IM-29278|pubmed:33961781
P21359-2,doi:10.1038/nature22366|imex:IM-25778|pubmed:28514442
P21675,doi:10.1016/j.cell.2021.04.011|imex:IM-29278|pubmed:33961781
P22090,doi:10.1016/j.cell.2021.04.011|imex:IM-29278|pubmed:33961781
P22681,imex:IM-12167|pubmed:19167335
P22700,imex:IM-16524|mint:MINT-5216804|pubmed:14605208
P26045,doi:10.1038/s41467-022-33018-0|imex:IM-30294|pubmed:36115835
P27361,imex:IM-12167|pubmed:19167335
P30511,doi:10.1016/j.cell.2021.04.011|imex:IM-29278|pubmed:33961781
P30733,imex:IM-11837|pubmed:16705748
P30825,doi:10.1016/j.cell.2021.04.011|imex:IM-29278|pubmed:33961781
P31151,doi:10.1038/nature22366|imex:IM-25778|pubmed:28514442
P32119,imex:IM-15364|pubmed:21988832
P34094,imex:IM-11837|pubmed:16705748
P35222,imex:IM-12167|pubmed:19167335
P35475,doi:10.1016/j.cell.2021.04.011|imex:IM-29278|pubmed:33961781
P35590,imex:IM-12167|pubmed:19167335
P36542,imex:IM-16517|mint:MINT-5217955|pubmed:16169070
P37235,imex:IM-25472|pubmed:32296183
P39880,imex:IM-16517|mint:MINT-5217955|pubmed:16169070
P40763,imex:IM-22632|pubmed:25814554
P40855,doi:10.1016/j.cell.2021.04.011|doi:10.1038/nature22366|imex:IM-25778|imex:IM-29278|pubmed:28514442|pubmed:33961781
P41240,imex:IM-12167|pubmed:19167335
P42345,doi:10.1038/nature22366|imex:IM-25778|pubmed:28514442
P42356,doi:10.1016/j.cell.2021.04.011|doi:10.1038/nature22366|imex:IM-25778|imex:IM-29278|pubmed:28514442|pubmed:33961781
P42680,imex:IM-12167|pubmed:19167335
P42768,imex:IM-12167|pubmed:19167335
P42858,imex:IM-21753|pubmed:17500595
P46459,imex:IM-12167|pubmed:19167335
P47224,doi:10.1016/j.cell.2021.04.011|imex:IM-29278|pubmed:33961781
P47929,imex:IM-16517|mint:MINT-5217955|pubmed:16169070
P48509,doi:10.1016/j.cell.2021.04.011|imex:IM-29278|pubmed:33961781
P49023,imex:IM-12167|pubmed:19167335
P49770,doi:10.1016/j.cell.2021.04.011|doi:10.1038/nature22366|imex:IM-25778|imex:IM-29278|pubmed:28514442|pubmed:33961781
P49862,doi:10.1016/j.cell.2021.04.011|imex:IM-29278|pubmed:33961781
P49862-2,doi:10.1038/nature22366|imex:IM-25778|pubmed:28514442
P50336,doi:10.1016/j.cell.2021.04.011|imex:IM-29278|pubmed:33961781
P51153,doi:10.1016/j.cell.2021.04.011|imex:IM-29278|pubmed:33961781
P51805,doi:10.1016/j.cell.2021.04.011|imex:IM-29278|pubmed:33961781
P52927,imex:IM-23312|pubmed:26045162
P53671,doi:10.1038/s41467-022-33018-0|imex:IM-30294|pubmed:36115835
P56937,imex:IM-15364|pubmed:21988832
P57105,doi:10.1038/s41467-022-33018-0|imex:IM-30294|pubmed:36115835
P57721,doi:10.1016/j.cell.2021.04.011|imex:IM-29278|pubmed:33961781
P61916,doi:10.1016/j.cell.2021.04.011|imex:IM-29278|pubmed:33961781
P62072,doi:10.1016/j.cell.2021.04.011|imex:IM-29278|pubmed:33961781
P63170,pubmed:14760703
P78352,doi:10.1038/s41467-022-33018-0|imex:IM-30294|pubmed:36115835
P78536,doi:10.1016/j.cell.2021.04.011|imex:IM-29278|pubmed:33961781
P83110,doi:10.1038/s41467-022-33018-0|imex:IM-30294|pubmed:36115835
P83436,doi:10.1016/j.cell.2021.04.011|doi:10.1038/nature22366|imex:IM-25778|imex:IM-29278|pubmed:28514442|pubmed:33961781
P90825,imex:IM-16523|mint:MINT-5216848|pubmed:14704431
Q00534,doi:10.1016/j.cell.2021.04.011|imex:IM-29278|pubmed:33961781
Q00587,doi:10.1016/j.cell.2021.04.011|imex:IM-29278|pubmed:33961781
Q02410,doi:10.1038/s41467-022-33018-0|imex:IM-30294|pubmed:36115835
Q02763,imex:IM-12167|pubmed:19167335
Q03112,doi:10.1016/j.cell.2021.04.011|imex:IM-29278|pubmed:33961781
Q03252,imex:IM-25472|pubmed:32296183
Q05086,doi:10.1016/j.cell.2021.04.011|imex:IM-29278|pubmed:33961781
Q07002,doi:10.1016/j.cell.2021.04.011|imex:IM-29278|pubmed:33961781
Q07157,doi:10.1038/s41467-022-33018-0|imex:IM-30294|pubmed:36115835
Q07730,doi:10.1038/s41467-024-46141-x|imex:IM-30316|pubmed:38413612
Q07730-PRO_0000436403,doi:10.1038/s41467-024-46141-x|imex:IM-30316|pubmed:38413612
Q07730-PRO_0000436404,doi:10.1038/s41467-024-46141-x|imex:IM-30316|pubmed:38413612
Q08460,imex:IM-9475|pubmed:19423573
Q09666,doi:10.1038/s41467-022-33018-0|imex:IM-30294|pubmed:36115835
Q10713,doi:10.1038/nature22366|imex:IM-25778|pubmed:28514442
Q12769,doi:10.1016/j.cell.2021.04.011|imex:IM-29278|pubmed:33961781
Q12800,imex:IM-23318|imex:IM-25511|pubmed:25416956|pubmed:25910212
Q12923,doi:10.1038/s41467-022-33018-0|imex:IM-30294|pubmed:36115835
Q12959,doi:10.1038/s41467-022-33018-0|imex:IM-30294|pubmed:36115835
Q13144,doi:10.1016/j.cell.2021.04.011|doi:10.1038/nature22366|imex:IM-25778|imex:IM-29278|pubmed:28514442|pubmed:33961781
Q13224,imex:IM-12167|pubmed:19167335
Q13424,doi:10.1038/s41467-022-33018-0|imex:IM-30294|pubmed:36115835
Q13459,doi:10.1016/j.cell.2021.04.011|imex:IM-29278|pubmed:33961781
Q13480,imex:IM-12167|pubmed:19167335
Q13503,doi:10.1016/j.cell.2021.04.011|imex:IM-29278|pubmed:33961781
Q13535,doi:10.1016/j.cell.2021.04.011|doi:10.1038/nature22366|imex:IM-25778|imex:IM-29278|pubmed:28514442|pubmed:33961781
Q13608,doi:10.1016/j.cell.2021.04.011|imex:IM-29278|pubmed:33961781
Q13616,doi:10.1016/j.cell.2010.11.017|imex:IM-18651|pubmed:21145461
Q13619,doi:10.1016/j.cell.2010.11.017|imex:IM-18651|pubmed:21145461
Q13683,doi:10.1016/j.cell.2021.04.011|imex:IM-29278|pubmed:33961781
Q13835,doi:10.1016/j.cell.2021.04.011|imex:IM-29278|pubmed:33961781
Q13884,doi:10.1038/s41467-022-33018-0|imex:IM-30294|pubmed:36115835
Q13936,imex:IM-29810|pubmed:37207277
Q14005,doi:10.1038/s41467-022-33018-0|imex:IM-30294|pubmed:36115835
Q14160,doi:10.1038/s41467-022-33018-0|imex:IM-30294|pubmed:36115835
Q14168,doi:10.1038/s41467-022-33018-0|imex:IM-30294|pubmed:36115835
Q14232,doi:10.1016/j.cell.2021.04.011|doi:10.1038/nature22366|imex:IM-25778|imex:IM-29278|pubmed:28514442|pubmed:33961781
Q14344,doi:10.1016/j.cell.2021.04.011|imex:IM-29278|pubmed:33961781
Q14376,doi:10.1016/j.cell.2021.04.011|imex:IM-29278|pubmed:33961781
Q14393,doi:10.1016/j.cell.2021.04.011|imex:IM-29278|pubmed:33961781
Q14571,doi:10.1016/j.cell.2021.04.011|doi:10.1038/nature22366|imex:IM-25778|imex:IM-29278|pubmed:28514442|pubmed:33961781
Q14593,imex:IM-15364|pubmed:21988832
Q14643,doi:10.1016/j.cell.2021.04.011|imex:IM-29278|pubmed:33961781
Q14643-2,doi:10.1038/nature22366|imex:IM-25778|pubmed:28514442
Q14678,doi:10.1016/j.cell.2021.04.011|imex:IM-29278|pubmed:33961781
Q14697,doi:10.1016/j.cell.2021.04.011|imex:IM-29278|pubmed:33961781
Q14746,doi:10.1016/j.cell.2021.04.011|doi:10.1038/nature22366|imex:IM-25778|imex:IM-29278|pubmed:28514442|pubmed:33961781
Q15051,doi:10.1016/j.cell.2021.04.011|doi:10.1038/nature22366|imex:IM-25778|imex:IM-29278|pubmed:28514442|pubmed:33961781
Q15054,imex:IM-30175|pubmed:38554706
Q15058,doi:10.1016/j.cell.2021.04.011|doi:10.1038/nature22366|imex:IM-25778|imex:IM-29278|pubmed:28514442|pubmed:33961781
Q15165,doi:10.1016/j.cell.2021.04.011|imex:IM-29278|pubmed:33961781
Q15286,doi:10.1016/j.cell.2021.04.011|imex:IM-29278|pubmed:33961781
Q15517,doi:10.1038/nature22366|imex:IM-25778|pubmed:28514442
Q15599,doi:10.1038/s41467-022-33018-0|imex:IM-30294|pubmed:36115835
Q15700,doi:10.1038/s41467-022-33018-0|imex:IM-30294|pubmed:36115835
Q15714,doi:10.1016/j.cell.2021.04.011|doi:10.1038/nature22366|imex:IM-25778|imex:IM-29278|pubmed:28514442|pubmed:33961781
Q15828,doi:10.1038/nature22366|imex:IM-25778|pubmed:28514442
Q15831,doi:10.1016/j.cell.2021.04.011|imex:IM-29278|pubmed:33961781
Q16610-2,doi:10.1038/nature22366|imex:IM-25778|pubmed:28514442
Q16635-2,doi:10.1038/nature22366|imex:IM-25778|pubmed:28514442
Q21526,imex:IM-16523|mint:MINT-5216848|pubmed:14704431
Q24568,imex:IM-16527|pubmed:25294943
Q2TB90,doi:10.1016/j.cell.2021.04.011|imex:IM-29278|pubmed:33961781
Q3KNV8,doi:10.1016/j.cell.2021.04.011|imex:IM-29278|pubmed:33961781
Q3MIR4,doi:10.1016/j.cell.2021.04.011|imex:IM-29278|pubmed:33961781
Q3ZCM7,doi:10.1016/j.cell.2021.04.011|imex:IM-29278|pubmed:33961781
Q4G0M1,doi:10.1016/j.cell.2021.04.011|imex:IM-29278|pubmed:33961781
Q4LE60,doi:10.1038/nature22366|imex:IM-25778|pubmed:28514442
Q548P8,pubmed:15883644
Q58WW2,doi:10.1016/j.cell.2021.04.011|imex:IM-29278|pubmed:33961781
Q5JRX3,doi:10.1016/j.cell.2021.04.011|imex:IM-29278|pubmed:33961781
Q5JS54,doi:10.1016/j.cell.2021.04.011|doi:10.1038/nature22366|imex:IM-25778|imex:IM-29278|pubmed:28514442|pubmed:33961781
Q5JTV8,doi:10.1016/j.cell.2021.04.011|doi:10.1038/nature22366|imex:IM-25778|imex:IM-29278|pubmed:28514442|pubmed:33961781
Q5JV73,doi:10.1038/s41467-022-33018-0|imex:IM-30294|pubmed:36115835
Q5S007,imex:IM-26684|pubmed:31046837
Q5SYB0,doi:10.1038/s41467-022-33018-0|imex:IM-30294|pubmed:36115835
Q5T2T1,doi:10.1038/s41467-022-33018-0|imex:IM-30294|pubmed:36115835
Q5T2W1,doi:10.1038/s41467-022-33018-0|imex:IM-30294|pubmed:36115835
Q5T4B2,doi:10.1016/j.cell.2021.04.011|imex:IM-29278|pubmed:33961781
Q5T5U3,doi:10.1038/s41467-022-33018-0|imex:IM-30294|pubmed:36115835
Q5T9G4,doi:10.1016/j.cell.2021.04.011|imex:IM-29278|pubmed:33961781
Q5TCQ9,doi:10.1038/s41467-022-33018-0|imex:IM-30294|pubmed:36115835
Q5VV67,doi:10.1016/j.cell.2021.04.011|imex:IM-29278|pubmed:33961781
Q5VV67-2,doi:10.1038/nature22366|imex:IM-25778|pubmed:28514442
Q60992,imex:IM-26436|pubmed:32203420
Q641Q3,doi:10.1016/j.cell.2021.04.011|imex:IM-29278|pubmed:33961781
Q643R3,doi:10.1016/j.cell.2021.04.011|imex:IM-29278|pubmed:33961781
Q68DX3,doi:10.1038/s41467-022-33018-0|imex:IM-30294|pubmed:36115835
Q6IBW4,doi:10.1016/j.cell.2021.04.011|imex:IM-29278|pubmed:33961781
Q6IBW4-2,doi:10.1038/nature22366|imex:IM-25778|pubmed:28514442
Q6P0Q8,doi:10.1038/s41467-022-33018-0|imex:IM-30294|pubmed:36115835
Q6P9A2,doi:10.1016/j.cell.2021.04.011|imex:IM-29278|pubmed:33961781
Q6PCB7,doi:10.1016/j.cell.2021.04.011|imex:IM-29278|pubmed:33961781
Q6PEY0,doi:10.1016/j.cell.2021.04.011|imex:IM-29278|pubmed:33961781
Q6PIY5,doi:10.1016/j.cell.2021.04.011|imex:IM-29278|pubmed:33961781
Q6UUV7,imex:IM-25472|pubmed:32296183
Q6VY07,imex:IM-25054|pubmed:27173435|pubmed:unassigned1312
Q6YHU6,doi:10.1016/j.cell.2021.04.011|imex:IM-29278|pubmed:33961781
Q6YHU6-3,doi:10.1038/nature22366|imex:IM-25778|pubmed:28514442
Q71U36,doi:10.1016/j.cell.2021.04.011|imex:IM-29278|pubmed:33961781
Q7JRH5,imex:IM-16524|mint:MINT-5216804|pubmed:14605208
Q7L5N7,doi:10.1016/j.cell.2021.04.011|imex:IM-29278|pubmed:33961781
Q7PLP5,imex:IM-16524|mint:MINT-5216804|pubmed:14605208
Q7Z333,doi:10.1016/j.cell.2021.04.011|imex:IM-29278|pubmed:33961781
Q7Z3U7,doi:10.1016/j.cell.2021.04.011|imex:IM-29278|pubmed:33961781
Q7Z6M4,doi:10.1016/j.cell.2021.04.011|doi:10.1038/nature22366|imex:IM-25778|imex:IM-29278|pubmed:28514442|pubmed:33961781
Q86SG6,doi:10.1016/j.molcel.2020.07.001|imex:IM-29257|pubmed:32707033
Q86UL8,doi:10.1038/s41467-022-33018-0|imex:IM-30294|pubmed:36115835
Q86UT5,doi:10.1038/s41467-022-33018-0|imex:IM-30294|pubmed:36115835
Q86UT5-2,doi:10.1038/s41467-022-33018-0|imex:IM-30294|pubmed:36115835
Q8IVF5,doi:10.1038/s41467-022-33018-0|imex:IM-30294|pubmed:36115835
Q8IVL6,doi:10.1016/j.cell.2021.04.011|imex:IM-29278|pubmed:33961781
Q8IW75,doi:10.1016/j.cell.2021.04.011|imex:IM-29278|pubmed:33961781
Q8IWF2,doi:10.1016/j.cell.2021.04.011|imex:IM-29278|pubmed:33961781
Q8IWV8,doi:10.1016/j.cell.2021.04.011|imex:IM-29278|pubmed:33961781
Q8IYI6,doi:10.1016/j.cell.2021.04.011|imex:IM-29278|pubmed:33961781
Q8IZ69,doi:10.1016/j.cell.2021.04.011|imex:IM-29278|pubmed:33961781
Q8N2W9,doi:10.1016/j.cell.2021.04.011|doi:10.1038/nature22366|imex:IM-25778|imex:IM-29278|pubmed:28514442|pubmed:33961781
Q8N448,doi:10.1038/s41467-022-33018-0|imex:IM-30294|pubmed:36115835
Q8N4J0,doi:10.1016/j.cell.2021.04.011|imex:IM-29278|pubmed:33961781
Q8N4Y2-3,imex:IM-25472|pubmed:32296183
Q8N6V4,doi:10.1016/j.cell.2021.04.011|imex:IM-29278|pubmed:33961781
Q8N878,doi:10.1016/j.cell.2021.04.011|doi:10.1038/nature22366|imex:IM-25778|imex:IM-29278|pubmed:28514442|pubmed:33961781
Q8NAT1,doi:10.1016/j.cell.2021.04.011|imex:IM-29278|pubmed:33961781
Q8NB90,imex:IM-30175|pubmed:38554706
Q8NBP7,doi:10.1016/j.cell.2021.04.011|imex:IM-29278|pubmed:33961781
Q8NFB2,doi:10.1016/j.cell.2021.04.011|imex:IM-29278|pubmed:33961781
Q8NI35,doi:10.1038/s41467-022-33018-0|imex:IM-30294|pubmed:36115835
Q8T490,imex:IM-16524|mint:MINT-5216804|pubmed:14605208
Q8TAG9,doi:10.1016/j.cell.2021.04.011|imex:IM-29278|pubmed:33961781
Q8TBB1,doi:10.1038/s41467-022-33018-0|imex:IM-23318|imex:IM-25511|imex:IM-30294|pubmed:25416956|pubmed:25910212|pubmed:36115835
Q8TCG1,doi:10.1016/j.cell.2021.04.011|doi:10.1038/nature22366|imex:IM-25778|imex:IM-29278|pubmed:28514442|pubmed:33961781
Q8TCX5,doi:10.1038/s41467-022-33018-0|imex:IM-30294|pubmed:36115835
Q8TDM6,doi:10.1038/s41467-022-33018-0|imex:IM-30294|pubmed:36115835
Q8TDN1,doi:10.1016/j.cell.2021.04.011|imex:IM-29278|pubmed:33961781
Q8TEU7,doi:10.1038/s41467-022-33018-0|imex:IM-30294|pubmed:36115835
Q8TEW0,doi:10.1038/s41467-022-33018-0|imex:IM-30294|pubmed:36115835
Q8TEW8,doi:10.1038/s41467-022-33018-0|imex:IM-30294|pubmed:36115835
Q8TF65,doi:10.1038/s41467-022-33018-0|imex:IM-30294|pubmed:36115835
Q8WV60,doi:10.1016/j.cell.2021.04.011|imex:IM-29278|pubmed:33961781
Q8WVV4,doi:10.1016/j.cell.2021.04.011|imex:IM-29278|pubmed:33961781
Q8WVV4-1,doi:10.1038/nature22366|imex:IM-25778|pubmed:28514442
Q92561,doi:10.1016/j.cell.2021.04.011|doi:10.1038/nature22366|imex:IM-25778|imex:IM-29278|pubmed:28514442|pubmed:33961781
Q92729,doi:10.1016/j.cell.2021.04.011|imex:IM-29278|pubmed:33961781
Q92743,doi:10.1038/s41467-022-33018-0|imex:IM-30294|pubmed:36115835
Q92796,doi:10.1038/s41467-022-33018-0|imex:IM-30294|pubmed:36115835
Q92973,doi:10.1016/j.cell.2021.04.011|imex:IM-29278|pubmed:33961781
Q92997,doi:10.1038/s41467-022-33018-0|imex:IM-30294|pubmed:36115835
Q93084,doi:10.1016/j.cell.2021.04.011|imex:IM-29278|pubmed:33961781
Q95460,doi:10.1016/j.cell.2021.04.011|imex:IM-29278|pubmed:33961781
Q969Q1,doi:10.1242/jcs.233395|imex:IM-25805|pubmed:31391242
Q969U7,doi:10.1016/j.cell.2021.04.011|doi:10.1038/nature22366|imex:IM-25778|imex:IM-29278|pubmed:28514442|pubmed:33961781
Q969Z0,doi:10.1016/j.cell.2021.04.011|imex:IM-29278|pubmed:33961781
Q96AZ6,doi:10.1016/j.cell.2021.04.011|imex:IM-29278|pubmed:33961781
Q96BI1,doi:10.1016/j.cell.2021.04.011|doi:10.1038/nature22366|imex:IM-25778|imex:IM-29278|pubmed:28514442|pubmed:33961781
Q96CB9,doi:10.1016/j.cell.2021.04.011|doi:10.1038/nature22366|imex:IM-25778|imex:IM-29278|pubmed:28514442|pubmed:33961781
Q96DH6,doi:10.1016/j.cell.2021.04.011|imex:IM-29278|pubmed:33961781
Q96EA4,imex:IM-23318|imex:IM-25511|pubmed:25416956|pubmed:25910212
Q96ER3,doi:10.1016/j.cell.2021.04.011|doi:10.1038/nature22366|imex:IM-25778|imex:IM-29278|pubmed:28514442|pubmed:33961781
Q96G23,doi:10.1016/j.cell.2021.04.011|imex:IM-29278|pubmed:33961781
Q96GM8,imex:IM-16517|mint:MINT-5217955|pubmed:16169070
Q96JH8,doi:10.1038/s41467-022-33018-0|imex:IM-30294|pubmed:36115835
Q96JN0,imex:IM-27626|pubmed:35914814
Q96L92,doi:10.1038/s41467-022-33018-0|imex:IM-30294|pubmed:36115835
Q96LU5,doi:10.1016/j.cell.2021.04.011|imex:IM-29278|pubmed:33961781
Q96MW5,doi:10.1016/j.cell.2021.04.011|imex:IM-29278|pubmed:33961781
Q96NW7,doi:10.1038/s41467-022-33018-0|imex:IM-30294|pubmed:36115835
Q96QD9,doi:10.1016/j.cell.2021.04.011|imex:IM-29278|pubmed:33961781
Q96QE3,doi:10.1016/j.cell.2021.04.011|imex:IM-29278|pubmed:33961781
Q96QU8,doi:10.1016/j.cell.2021.04.011|doi:10.1038/nature22366|imex:IM-25778|imex:IM-29278|pubmed:28514442|pubmed:33961781
Q96QZ7,doi:10.1038/s41467-022-33018-0|imex:IM-30294|pubmed:36115835
Q96RT1,doi:10.1038/s41467-022-33018-0|imex:IM-30294|pubmed:36115835
Q96S94,doi:10.1016/j.cell.2021.04.011|imex:IM-29278|pubmed:33961781
Q96SI1,doi:10.1016/j.cell.2021.04.011|doi:10.1038/nature22366|imex:IM-25778|imex:IM-29278|pubmed:28514442|pubmed:33961781
Q96SZ6,doi:10.1016/j.cell.2021.04.011|imex:IM-29278|pubmed:33961781
Q96T52,doi:10.1016/j.cell.2021.04.011|imex:IM-29278|pubmed:33961781
Q99714,doi:10.1016/j.cell.2021.04.011|imex:IM-29278|pubmed:33961781
Q99767,doi:10.1038/s41467-022-33018-0|imex:IM-30294|pubmed:36115835
Q9BPX1,doi:10.1038/s41467-019-11959-3|doi:10.15252/msb.20156660|imex:IM-23318|imex:IM-25015|imex:IM-25472|imex:IM-25511|imex:IM-27438|pubmed:25416956|pubmed:25910212|pubmed:27107012|pubmed:31515488|pubmed:32296183
Q9BQB4,imex:IM-17213|pubmed:22206666
Q9BQQ3,doi:10.1038/s41467-022-33018-0|imex:IM-30294|pubmed:36115835
Q9BQT9,doi:10.1016/j.cell.2021.04.011|imex:IM-29278|pubmed:33961781
Q9BRY0,doi:10.1016/j.cell.2021.04.011|imex:IM-29278|pubmed:33961781
Q9BS40,imex:IM-25472|pubmed:32296183
Q9BT73,doi:10.1016/j.cell.2021.04.011|doi:10.1038/nature22366|imex:IM-25778|imex:IM-29278|pubmed:28514442|pubmed:33961781
Q9BVQ7,imex:IM-30175|pubmed:38554706
Q9BXJ8,doi:10.1016/j.cell.2021.04.011|imex:IM-29278|pubmed:33961781
Q9BXL7,doi:10.1038/s41467-022-33018-0|imex:IM-30294|pubmed:36115835
Q9BXW9,doi:10.1016/j.cell.2021.04.011|imex:IM-29278|pubmed:33961781
Q9BYD2,imex:IM-16517|mint:MINT-5217955|pubmed:16169070
Q9BYV6,doi:10.1242/jcs.233395|imex:IM-25805|pubmed:31391242
Q9BZG1,imex:IM-25511|pubmed:25910212
Q9BZQ6,doi:10.1016/j.cell.2021.04.011|imex:IM-29278|pubmed:33961781
Q9C0E2,doi:10.1016/j.cell.2021.04.011|doi:10.1038/nature22366|imex:IM-25778|imex:IM-29278|pubmed:28514442|pubmed:33961781
Q9C0E4,doi:10.1038/s41467-022-33018-0|imex:IM-30294|pubmed:36115835
Q9H079,imex:IM-16517|mint:MINT-5217955|pubmed:16169070
Q9H0U3,doi:10.1016/j.cell.2021.04.011|imex:IM-29278|pubmed:33961781
Q9H1J1,doi:10.1016/j.cell.2021.04.011|imex:IM-29278|pubmed:33961781
Q9H1J1-2,doi:10.1038/nature22366|imex:IM-25778|pubmed:28514442
Q9H2V7,doi:10.1016/j.cell.2021.04.011|imex:IM-29278|pubmed:33961781
Q9H300-2,doi:10.1038/nature22366|imex:IM-25778|pubmed:28514442
Q9H3K2,doi:10.1016/j.cell.2021.04.011|imex:IM-29278|pubmed:33961781
Q9H583,doi:10.1016/j.cell.2021.04.011|imex:IM-29278|pubmed:33961781
Q9H5P4,doi:10.1038/s41467-022-33018-0|imex:IM-30294|pubmed:36115835
Q9H6X2,doi:10.1038/nature22366|imex:IM-25778|pubmed:28514442
Q9H8Y5,imex:IM-16517|mint:MINT-5217955|pubmed:16169070
Q9H8Y8,doi:10.1038/s41467-022-33018-0|imex:IM-30294|pubmed:36115835
Q9H977,doi:10.1016/j.cell.2021.04.011|imex:IM-29278|pubmed:33961781
Q9H9E3,doi:10.1016/j.cell.2021.04.011|doi:10.1038/nature22366|imex:IM-25778|imex:IM-29278|pubmed:28514442|pubmed:33961781
Q9H9J4,imex:IM-12079|pubmed:19615732
Q9H9P8,doi:10.1016/j.cell.2021.04.011|imex:IM-29278|pubmed:33961781
Q9HAP6,doi:10.1038/s41467-022-33018-0|imex:IM-30294|pubmed:36115835
Q9HD26,doi:10.1038/s41467-022-33018-0|imex:IM-30294|pubmed:36115835
Q9NPA0,doi:10.1016/j.cell.2021.04.011|imex:IM-29278|pubmed:33961781
Q9NR09,doi:10.1016/j.cell.2021.04.011|imex:IM-29278|pubmed:33961781
Q9NR50,doi:10.1016/j.cell.2021.04.011|doi:10.1038/nature22366|imex:IM-25778|imex:IM-29278|pubmed:28514442|pubmed:33961781
Q9NRD5,doi:10.1038/s41467-022-33018-0|imex:IM-30294|pubmed:36115835
Q9NRG9,doi:10.1016/j.cell.2021.04.011|imex:IM-29278|pubmed:33961781
Q9NRW4,doi:10.1016/j.cell.2021.04.011|imex:IM-29278|pubmed:33961781
Q9NSN8,doi:10.1038/s41467-022-33018-0|imex:IM-30294|pubmed:36115835
Q9NSY0,doi:10.1016/j.cell.2021.04.011|imex:IM-29278|pubmed:33961781
Q9NTG7,doi:10.1038/nature22366|imex:IM-25778|pubmed:28514442
Q9NUP9,doi:10.1038/s41467-022-33018-0|imex:IM-30294|pubmed:36115835
Q9NVC3,doi:10.1016/j.cell.2021.04.011|doi:10.1038/nature22366|imex:IM-25778|imex:IM-29278|pubmed:28514442|pubmed:33961781
Q9NVH2,imex:IM-25511|pubmed:25910212
Q9NVM1,doi:10.1016/j.cell.2021.04.011|doi:10.1038/nature22366|imex:IM-25778|imex:IM-29278|pubmed:28514442|pubmed:33961781
Q9NWS0,imex:IM-15364|pubmed:21988832
Q9NXK8,doi:10.1016/j.cell.2021.04.011|imex:IM-29278|pubmed:33961781
Q9NY99,doi:10.1038/s41467-022-33018-0|imex:IM-30294|pubmed:36115835
Q9NZ71,doi:10.1016/j.cell.2021.04.011|imex:IM-29278|pubmed:33961781
Q9NZN5,doi:10.1038/s41467-022-33018-0|imex:IM-30294|pubmed:36115835
Q9NZW5,doi:10.1038/s41467-022-33018-0|imex:IM-30294|pubmed:36115835
Q9P1Z2,doi:10.1016/j.cell.2021.04.011|imex:IM-29278|pubmed:33961781
Q9P1Z2-2,doi:10.1038/nature22366|imex:IM-25778|pubmed:28514442
Q9P202,doi:10.1038/s41467-022-33018-0|imex:IM-30294|pubmed:36115835
Q9P244,doi:10.1016/j.cell.2021.04.011|imex:IM-29278|pubmed:33961781
Q9P2F8,doi:10.1038/s41467-022-33018-0|imex:IM-30294|pubmed:36115835
Q9P2G9-2,imex:IM-25472|pubmed:32296183
Q9P2K9,imex:IM-16517|mint:MINT-5217955|pubmed:16169070
Q9P2X3,doi:10.1016/j.cell.2021.04.011|imex:IM-29278|pubmed:33961781
Q9P2X3-2,doi:10.1038/nature22366|imex:IM-25778|pubmed:28514442
Q9UBV4,doi:10.1016/j.cell.2021.04.011|imex:IM-29278|pubmed:33961781
Q9UDY2,doi:10.1038/s41467-022-33018-0|imex:IM-30294|pubmed:36115835
Q9UHY1,doi:10.1016/j.cell.2021.04.011|doi:10.1038/nature22366|imex:IM-25778|imex:IM-29278|pubmed:28514442|pubmed:33961781
Q9UI10,doi:10.1016/j.cell.2021.04.011|imex:IM-29278|pubmed:33961781
Q9UI10-2,doi:10.1038/nature22366|imex:IM-25778|pubmed:28514442
Q9UIW2,doi:10.1016/j.cell.2021.04.011|imex:IM-29278|pubmed:33961781
Q9UJY4,imex:IM-23318|imex:IM-25511|pubmed:25416956|pubmed:25910212
Q9UK22,doi:10.1016/j.cell.2021.04.011|imex:IM-29278|pubmed:33961781
Q9UKP4,doi:10.1016/j.cell.2021.04.011|imex:IM-29278|pubmed:33961781
Q9ULG1,doi:10.1016/j.cell.2021.04.011|doi:10.1038/nature22366|imex:IM-25778|imex:IM-29278|pubmed:28514442|pubmed:33961781
Q9ULV4,doi:10.1016/j.cell.2021.04.011|imex:IM-29278|pubmed:33961781
Q9ULW3,doi:10.1016/j.cell.2021.04.011|doi:10.1038/nature22366|imex:IM-25778|imex:IM-29278|pubmed:28514442|pubmed:33961781
Q9UM73,imex:IM-12167|pubmed:19167335
Q9UMR2,doi:10.1016/j.cell.2021.04.011|imex:IM-29278|pubmed:33961781
Q9UN70,doi:10.1016/j.cell.2021.04.011|imex:IM-29278|pubmed:33961781
Q9UNA1-1,imex:IM-26436|pubmed:32203420
Q9UPQ7,doi:10.1038/s41467-022-33018-0|imex:IM-30294|pubmed:36115835
Q9UPT5,doi:10.1016/j.cell.2021.04.011|imex:IM-29278|pubmed:33961781
Q9UPT5-1,doi:10.1038/nature22366|imex:IM-25778|pubmed:28514442
Q9VAU6,imex:IM-16524|mint:MINT-5216804|pubmed:14605208
Q9VDH8,imex:IM-16524|mint:MINT-5216804|pubmed:14605208
Q9Y2D4,doi:10.1016/j.cell.2021.04.011|imex:IM-29278|pubmed:33961781
Q9Y2D4-2,doi:10.1038/nature22366|imex:IM-25778|pubmed:28514442
Q9Y2G8,doi:10.1016/j.cell.2021.04.011|imex:IM-29278|pubmed:33961781
Q9Y2H9,doi:10.1038/s41467-022-33018-0|imex:IM-30294|pubmed:36115835
Q9Y2S7,doi:10.1016/j.cell.2021.04.011|imex:IM-29278|pubmed:33961781
Q9Y3Q8,doi:10.1016/j.cell.2021.04.011|imex:IM-29278|pubmed:33961781
Q9Y3R0,doi:10.1038/s41467-022-33018-0|imex:IM-30294|pubmed:36115835
Q9Y4K0,doi:10.1016/j.cell.2021.04.011|imex:IM-29278|pubmed:33961781
Q9Y566,doi:10.1038/s41467-022-33018-0|imex:IM-30294|pubmed:36115835
Q9Y5L0,doi:10.1016/j.cell.2021.04.011|imex:IM-29278|pubmed:33961781
Q9Y5Q6,doi:10.1038/nature22366|imex:IM-25778|pubmed:28514442
Q9Y5V3,imex:IM-23318|imex:IM-25472|imex:IM-25511|pubmed:25416956|pubmed:25910212|pubmed:32296183
Q9Y6V0,doi:10.1038/s41467-022-33018-0|imex:IM-30294|pubmed:36115835
intact:EBI-10832745,imex:IM-24186|pubmed:26190107
intact:EBI-21620863,doi:10.1038/nature22366|imex:IM-25778|pubmed:28514442
intact:EBI-318708,pubmed:19123269
