A0A1D6IB58,Brak nazwy,Brak organizmu,Brak InterPro kodów dla tego białka.,imex:IM-29553|pubmed:36581701
A0A1D6K1W3,Brak nazwy,Zea mays,Brak InterPro kodów dla tego białka.,imex:IM-29553|pubmed:36581701
A0A1D6M7Z6,Brak nazwy,Brak organizmu,Brak InterPro kodów dla tego białka.,imex:IM-29553|pubmed:36581701
A2A3N6,Putative PIP5K1A and PSMD4-like protein,Homo sapiens,IPR027483|IPR002498|IPR027484|IPR023610|IPR049590|IPR002035|IPR036465,doi:10.1016/j.cell.2021.04.011|imex:IM-29278|pubmed:33961781
B9DGI8,Basic leucine zipper 63,Arabidopsis thaliana,IPR020983|IPR004827|IPR046347,imex:IM-30532|pubmed:38884001
F8VQC1,Signal recognition particle subunit SRP72,Mus musculus,IPR013699|IPR026270|IPR031545|IPR011990|IPR019734,imex:IM-24272|pubmed:26496610
O15460-2,Isoform IIa of Prolyl 4-hydroxylase subunit alpha-2,Homo sapiens,Brak InterPro kodów dla tego białka.,doi:10.1038/nature22366|imex:IM-25778|pubmed:28514442
O43900,Prickle planar cell polarity protein 3,Homo sapiens,IPR033725|IPR033726|IPR033727|IPR010442|IPR033723|IPR047120|IPR001781,doi:10.1016/j.cell.2021.04.011|doi:10.1038/nature22366|imex:IM-25778|imex:IM-29278|pubmed:28514442|pubmed:33961781
O95985,DNA topoisomerase 3-beta-1,Homo sapiens,IPR000380|IPR003601|IPR023406|IPR013497|IPR013824|IPR013825|IPR013826|IPR023405|IPR003602|IPR006171|IPR034144|IPR056452,doi:10.1016/j.cell.2021.04.011|imex:IM-29278|pubmed:33961781
P02792,Ferritin light chain,Homo sapiens,IPR001519|IPR012347|IPR009040|IPR009078|IPR014034|IPR008331,doi:10.1016/j.cell.2021.04.011|imex:IM-29278|pubmed:33961781
P02994,Elongation factor 1-alpha,Saccharomyces cerevisiae (strain ATCC 204508 / S288c),IPR004161|IPR031157|IPR054696|IPR027417|IPR000795|IPR050100|IPR009000|IPR009001|IPR004539,pubmed:16429126
P07259,Multifunctional protein URA2,Saccharomyces cerevisiae (strain ATCC 204508 / S288c),IPR006132|IPR006130|IPR036901|IPR002082|IPR006131|IPR011761|IPR013815|IPR036897|IPR006274|IPR002474|IPR036480|IPR029062|IPR005479|IPR005483|IPR035686|IPR006275|IPR005480|IPR058047|IPR017926|IPR032466|IPR011607|IPR036914|IPR016185,pubmed:16429126
P10114,Ras-related protein Rap-2a,Homo sapiens,IPR027417|IPR041840|IPR005225|IPR001806|IPR020849,doi:10.1016/j.cell.2021.04.011|imex:IM-29278|pubmed:33961781
P10591,Heat shock protein SSA1,Saccharomyces cerevisiae (strain ATCC 204508 / S288c),IPR043129|IPR018181|IPR029048|IPR029047|IPR013126,pubmed:19536198
P10592,Heat shock protein SSA2,Saccharomyces cerevisiae (strain ATCC 204508 / S288c),IPR043129|IPR018181|IPR029048|IPR029047|IPR013126,pubmed:16429126
P15408,Fos-related antigen 2,Homo sapiens,IPR000837|IPR004827|IPR046347,doi:10.1016/j.cell.2021.04.011|doi:10.1038/nature22366|imex:IM-25778|imex:IM-29278|pubmed:28514442|pubmed:33961781
P17980,26S proteasome regulatory subunit 6A,Homo sapiens,IPR050221|IPR003593|IPR041569|IPR003959|IPR003960|IPR012340|IPR027417|IPR032501,doi:10.1038/nature22366|imex:IM-25778|pubmed:28514442
P24385,G1/S-specific cyclin-D1,Homo sapiens,IPR039361|IPR013763|IPR036915|IPR004367|IPR006671|IPR048258,doi:10.1038/nature22366|imex:IM-25778|pubmed:28514442
P26321,Large ribosomal subunit protein uL18,Saccharomyces cerevisiae (strain ATCC 204508 / S288c),IPR005485|IPR057268|IPR025607,pubmed:16429126
P27635,Large ribosomal subunit protein uL16,Homo sapiens,IPR047873|IPR018255|IPR016180|IPR001197|IPR036920,imex:IM-24272|pubmed:26496610
P30822,Exportin-1,Saccharomyces cerevisiae (strain ATCC 204508 / S288c),IPR011989|IPR016024|IPR041123|IPR041235|IPR013598|IPR001494|IPR045065|IPR014877|IPR040485,imex:IM-24970|pubmed:26673895
P34082,Fasciclin-2,Drosophila melanogaster,IPR003961|IPR036116|IPR007110|IPR036179|IPR013783|IPR013098|IPR003599|IPR003598|IPR051170|IPR009138,imex:IM-16527|imex:IM-17304|pubmed:21447707|pubmed:25294943
P53539,Protein FosB,Homo sapiens,IPR000837|IPR004827|IPR046347,doi:10.1016/j.cell.2021.04.011|imex:IM-29278|pubmed:33961781
P62745,Rho-related GTP-binding protein RhoB,Homo sapiens,IPR027417|IPR005225|IPR001806|IPR003578,doi:10.1016/j.cell.2021.04.011|imex:IM-29278|pubmed:33961781
P78317,E3 ubiquitin-protein ligase RNF4,Homo sapiens,IPR043295|IPR047134|IPR001841|IPR013083|IPR017907,doi:10.1016/j.cell.2021.04.011|imex:IM-29278|pubmed:33961781
Q02078-4,Isoform RSRFC9 of Myocyte-specific enhancer factor 2A,Homo sapiens,Brak InterPro kodów dla tego białka.,doi:10.1038/nature22366|imex:IM-25778|pubmed:28514442
Q03252,Lamin-B2,Homo sapiens,IPR018039|IPR039008|IPR001322|IPR036415,doi:10.1016/j.cell.2021.04.011|imex:IM-29278|pubmed:33961781
Q04864,Proto-oncogene c-Rel,Homo sapiens,IPR013783|IPR014756|IPR002909|IPR033926|IPR000451|IPR008967|IPR042845|IPR030492|IPR032397|IPR011539|IPR037059,doi:10.1016/j.cell.2021.04.011|doi:10.1038/nature22366|imex:IM-25778|imex:IM-29278|pubmed:28514442|pubmed:33961781
Q08830,Fibrinogen-like protein 1,Homo sapiens,IPR037579|IPR036056|IPR014716|IPR002181|IPR020837,doi:10.1016/j.cell.2021.04.011|doi:10.1038/nature22366|imex:IM-25778|imex:IM-29278|pubmed:28514442|pubmed:33961781
Q13557-10,Isoform Delta 10 of Calcium/calmodulin-dependent protein kinase type II subunit delta,Homo sapiens,Brak InterPro kodów dla tego białka.,doi:10.1038/nature22366|imex:IM-25778|pubmed:28514442
Q15287,RNA-binding protein with serine-rich domain 1,Homo sapiens,IPR012677|IPR035979|IPR034201|IPR000504,doi:10.1016/j.cell.2021.04.011|imex:IM-29278|pubmed:33961781
Q1RMZ1,S-adenosylmethionine sensor upstream of mTORC1,Homo sapiens,IPR021867|IPR029063,doi:10.1016/j.cell.2021.04.011|doi:10.1038/nature22366|imex:IM-25778|imex:IM-29278|pubmed:28514442|pubmed:33961781
Q39204,Transcription factor MYC2,Arabidopsis thaliana,IPR045084|IPR054502|IPR011598|IPR036638|IPR025610,imex:IM-30532|pubmed:38884001
Q8IYW2,Cilia- and flagella-associated protein 46,Homo sapiens,IPR039586|IPR057466,doi:10.1016/j.cell.2021.04.011|doi:10.1038/nature22366|imex:IM-25778|imex:IM-29278|pubmed:28514442|pubmed:33961781
Q8NB90,ATPase family gene 2 protein homolog A,Homo sapiens,IPR003593|IPR050168|IPR041569|IPR009010|IPR003959|IPR003960|IPR027417,imex:IM-30175|pubmed:38554706
Q8NHX9,Two pore channel protein 2,Homo sapiens,IPR005821|IPR028798|IPR027359,doi:10.1016/j.cell.2021.04.011|doi:10.1038/nature22366|imex:IM-25778|imex:IM-29278|pubmed:28514442|pubmed:33961781
Q8NHY3,GAS2-like protein 2,Homo sapiens,IPR001715|IPR036872|IPR003108|IPR036534,doi:10.1016/j.cell.2021.04.011|imex:IM-29278|pubmed:33961781
Q8WYN0,Cysteine protease ATG4A,Homo sapiens,IPR046793|IPR038765|IPR005078|IPR046792,doi:10.1016/j.cell.2021.04.011|imex:IM-29278|pubmed:33961781
Q93YQ1,Regulatory-associated protein of TOR 1,Arabidopsis thaliana,IPR011989|IPR016024|IPR004083|IPR029347|IPR015943|IPR036322|IPR001680,imex:IM-30002|pubmed:39307424
Q969K3,E3 ubiquitin-protein ligase RNF34,Homo sapiens,IPR049320|IPR049323|IPR051728|IPR055111|IPR057299|IPR036361|IPR011011|IPR001841|IPR013083,doi:10.1016/j.cell.2021.04.011|imex:IM-29278|pubmed:33961781
Q969K3-2,Isoform 2 of E3 ubiquitin-protein ligase RNF34,Homo sapiens,Brak InterPro kodów dla tego białka.,doi:10.1038/nature22366|imex:IM-25778|pubmed:28514442
Q96CX2,BTB/POZ domain-containing protein KCTD12,Homo sapiens,IPR000210|IPR049905|IPR057093|IPR011333|IPR003131,doi:10.1016/j.cell.2021.04.011|imex:IM-29278|pubmed:33961781
Q96DN2,von Willebrand factor C and EGF domain-containing protein,Homo sapiens,IPR026823|IPR000742|IPR001881|IPR000152|IPR018097|IPR009030|IPR052080|IPR001007,doi:10.1038/nature22366|imex:IM-25778|pubmed:28514442
Q99549,M-phase phosphoprotein 8,Homo sapiens,IPR002110|IPR036770|IPR016197|IPR000953|IPR023780|IPR023779|IPR050889,imex:IM-24272|pubmed:26496610
Q9BVQ7,ATPase family gene 2 protein homolog B,Homo sapiens,IPR003593|IPR050168|IPR041569|IPR003959|IPR003960|IPR027417,imex:IM-30175|pubmed:38554706
Q9C8W9,NAC domain-containing protein 30,Arabidopsis thaliana,IPR003441|IPR036093,imex:IM-30532|pubmed:38884001
Q9H063,Repressor of RNA polymerase III transcription MAF1 homolog,Homo sapiens,IPR015257|IPR038564,doi:10.1016/j.cell.2021.04.011|doi:10.1038/nature22366|imex:IM-25778|imex:IM-29278|pubmed:28514442|pubmed:33961781
Q9H4A6,Golgi phosphoprotein 3,Homo sapiens,IPR008628|IPR038261,doi:10.1016/j.cell.2021.04.011|doi:10.1038/nature22366|imex:IM-25778|imex:IM-29278|pubmed:28514442|pubmed:33961781
Q9NX31,Oxidative stress-responsive serine-rich protein 1,Homo sapiens,IPR008494,doi:10.1016/j.cell.2021.04.011|doi:10.1038/nature22366|imex:IM-25778|imex:IM-29278|pubmed:28514442|pubmed:33961781
Q9NXC2,Glucose-fructose oxidoreductase domain-containing protein 1,Homo sapiens,IPR000683|IPR050463|IPR055170|IPR036291,doi:10.1038/nature22366|imex:IM-25778|pubmed:28514442
Q9P0P0,E3 ubiquitin-protein ligase RNF181,Homo sapiens,IPR001841|IPR013083,doi:10.1016/j.cell.2021.04.011|imex:IM-29278|pubmed:33961781
Q9UF02,Voltage-dependent calcium channel gamma-5 subunit,Homo sapiens,IPR051072|IPR004031|IPR008369|IPR008368,doi:10.1038/nature22366|imex:IM-25778|pubmed:28514442
Q9Y216,Phosphatidylinositol-3-phosphate phosphatase MTMR7,Homo sapiens,IPR036003|IPR030572|IPR030564|IPR010569|IPR048994|IPR011993|IPR029021|IPR016130|IPR003595|IPR000387,doi:10.1016/j.cell.2021.04.011|doi:10.1038/nature22366|imex:IM-25778|imex:IM-29278|pubmed:28514442|pubmed:33961781
