A0A0B4J274,T cell receptor alpha variable 20,Homo sapiens,IPR007110|IPR036179|IPR013783|IPR013106|IPR051006,doi:10.1016/j.cell.2021.04.011|imex:IM-29278|pubmed:33961781
A0ABM2Y8P8,Integrin beta,Mesocricetus auratus,IPR013111|IPR040622|IPR057073|IPR033760|IPR015812|IPR014836|IPR012896|IPR036349|IPR002369|IPR032695|IPR057243|IPR016201|IPR036465,imex:IM-25819|pubmed:24789099
A1L157,Tetraspanin-11,Homo sapiens,IPR018499|IPR000301|IPR008952,doi:10.1016/j.cell.2021.04.011|doi:10.1038/nature22366|imex:IM-25778|imex:IM-29278|pubmed:28514442|pubmed:33961781
A6H8M9,Cadherin-related family member 4,Homo sapiens,IPR050971|IPR002126|IPR015919|IPR020894,doi:10.1016/j.cell.2021.04.011|imex:IM-29278|pubmed:33961781
A6NFA1,Metalloprotease TIKI2,Homo sapiens,IPR040230|IPR002816,imex:IM-29698|pubmed:36994853
A6NI73,Leukocyte immunoglobulin-like receptor subfamily A member 5,Homo sapiens,IPR036179|IPR013783|IPR050412|IPR003599|IPR003598,doi:10.1016/j.cell.2021.04.011|imex:IM-29278|pubmed:33961781
A6Y878,Genome polyprotein,Foot-and-mouth disease virus A,IPR037080|IPR043502|IPR004080|IPR004004|IPR000605|IPR014759|IPR027417|IPR038765|IPR044067|IPR008739|IPR000199|IPR009003|IPR043504|IPR001676|IPR043128|IPR033703|IPR001205|IPR007094|IPR029053,imex:IM-29184|pubmed:28534487
B9A064,Immunoglobulin lambda-like polypeptide 5,Homo sapiens,IPR007110|IPR036179|IPR013783|IPR003006|IPR003597|IPR050160,doi:10.1016/j.cell.2021.04.011|imex:IM-29278|pubmed:33961781
H3BSK8,Brak nazwy,Homo sapiens,IPR033489|IPR003613|IPR025829|IPR001878|IPR036875|IPR001841|IPR013083,imex:IM-24272|pubmed:26496610
H7BYY1,Brak nazwy,Homo sapiens,IPR000533|IPR014751,imex:IM-24272|pubmed:26496610
O00182,Galectin-9,Homo sapiens,IPR013320|IPR044156|IPR001079,doi:10.1016/j.cell.2021.04.011|imex:IM-29278|pubmed:33961781
O00214,Galectin-8,Homo sapiens,IPR013320|IPR044156|IPR001079,doi:10.1016/j.cell.2021.04.011|doi:10.1038/nature22366|imex:IM-25778|imex:IM-29278|pubmed:28514442|pubmed:33961781
O00626,C-C motif chemokine 22,Homo sapiens,IPR039809|IPR000827|IPR001811|IPR036048,doi:10.1038/nature22366|imex:IM-25778|pubmed:28514442
O14498,Immunoglobulin superfamily containing leucine-rich repeat protein,Homo sapiens,IPR000483|IPR007110|IPR036179|IPR013783|IPR003598|IPR001611|IPR003591|IPR032675,doi:10.1016/j.cell.2021.04.011|imex:IM-29278|pubmed:33961781
O14649,Potassium channel subfamily K member 3,Homo sapiens,IPR003280|IPR003092|IPR013099|IPR005406,imex:IM-29540|pubmed:36012204
O14931,Natural cytotoxicity triggering receptor 3,Homo sapiens,IPR007110|IPR036179|IPR013783|IPR003599|IPR013106|IPR043226,doi:10.1016/j.cell.2021.04.011|imex:IM-29278|pubmed:33961781
O14967,Calmegin,Homo sapiens,IPR001580|IPR018124|IPR009033|IPR013320,doi:10.1016/j.cell.2021.04.011|imex:IM-29278|pubmed:33961781
O15143,Actin-related protein 2/3 complex subunit 1B,Homo sapiens,IPR017383|IPR015943|IPR036322|IPR001680,imex:IM-24272|pubmed:26496610
O15294,UDP-N-acetylglucosamine--peptide N-acetylglucosaminyltransferase 110 kDa subunit,Homo sapiens,IPR037919|IPR029489|IPR011990|IPR019734,imex:IM-24272|pubmed:26496610
O15511,Actin-related protein 2/3 complex subunit 5,Homo sapiens,IPR006789|IPR036743,imex:IM-24272|pubmed:26496610
O35566,CD151 antigen,Mus musculus,IPR018499|IPR000301|IPR018503|IPR008952,imex:IM-26933|pubmed:14691142
O43293,Death-associated protein kinase 3,Homo sapiens,IPR042870|IPR011009|IPR000719|IPR017441|IPR008271,imex:IM-24272|pubmed:26496610
O43323,Desert hedgehog protein,Homo sapiens,IPR001657|IPR001767|IPR050387|IPR000320|IPR003586|IPR003587|IPR036844|IPR009045,doi:10.1016/j.cell.2021.04.011|imex:IM-29278|pubmed:33961781
O43653,Prostate stem cell antigen,Homo sapiens,IPR051110|IPR016054|IPR045860|IPR035076,doi:10.1016/j.cell.2021.04.011|imex:IM-29278|pubmed:33961781
O43929,Origin recognition complex subunit 4,Homo sapiens,IPR003593|IPR041664|IPR016527|IPR032705|IPR027417,doi:10.1016/j.cell.2021.04.011|imex:IM-29278|pubmed:33961781
O60279,Sushi domain-containing protein 5,Homo sapiens,IPR016186|IPR016187|IPR000538|IPR042059|IPR035976|IPR053298|IPR000436,doi:10.1016/j.cell.2021.04.011|imex:IM-29278|pubmed:33961781
O60292,Signal-induced proliferation-associated 1-like protein 3,Homo sapiens,IPR001478|IPR036034|IPR035974|IPR000331|IPR050989|IPR021818,doi:10.1016/j.cell.2021.04.011|imex:IM-29278|pubmed:33961781
O60513,Beta-1,4-galactosyltransferase 4,Homo sapiens,IPR003859|IPR027791|IPR027995|IPR029044,doi:10.1016/j.cell.2021.04.011|imex:IM-29278|pubmed:33961781
O75150,E3 ubiquitin-protein ligase BRE1B,Homo sapiens,IPR058643|IPR058642|IPR013956|IPR018957|IPR001841|IPR013083|IPR017907,doi:10.1016/j.cell.2021.04.011|imex:IM-29278|pubmed:33961781
O95157,Neurexophilin-3,Homo sapiens,IPR010450|IPR026845,doi:10.1016/j.cell.2021.04.011|imex:IM-29278|pubmed:33961781
O95445,Apolipoprotein M,Homo sapiens,IPR022734|IPR012674,doi:10.1016/j.cell.2021.04.011|imex:IM-29278|pubmed:33961781
O95630,STAM-binding protein,Homo sapiens,IPR000555|IPR037518|IPR044098|IPR015063,imex:IM-15364|pubmed:21988832
O95672,Endothelin-converting enzyme-like 1,Homo sapiens,IPR024079|IPR000718|IPR018497|IPR042089|IPR008753,doi:10.1016/j.cell.2021.04.011|imex:IM-29278|pubmed:33961781
O95711,Lymphocyte antigen 86,Homo sapiens,IPR014756|IPR039945|IPR003172,doi:10.1016/j.cell.2021.04.011|imex:IM-29278|pubmed:33961781
O95968,Secretoglobin family 1D member 1,Homo sapiens,IPR016126|IPR035960,doi:10.1016/j.cell.2021.04.011|imex:IM-29278|pubmed:33961781
O95971,CD160 antigen,Homo sapiens,IPR042385|IPR036179|IPR013783,doi:10.1016/j.cell.2021.04.011|imex:IM-29278|pubmed:33961781
P01574,Interferon beta,Homo sapiens,IPR009079|IPR000471,imex:IM-29304|pubmed:29414325
P01880,Immunoglobulin heavy constant delta,Homo sapiens,IPR007110|IPR036179|IPR013783|IPR003006|IPR003597|IPR049351|IPR050380|IPR013151,doi:10.1016/j.cell.2021.04.011|imex:IM-29278|pubmed:33961781
P01903,HLA class II histocompatibility antigen, DR alpha chain,Homo sapiens,IPR007110|IPR036179|IPR013783|IPR003006|IPR003597|IPR050160|IPR011162|IPR014745|IPR001003,doi:10.1016/j.cell.2021.04.011|imex:IM-29278|pubmed:33961781
P01909,HLA class II histocompatibility antigen, DQ alpha 1 chain,Homo sapiens,IPR007110|IPR036179|IPR013783|IPR003006|IPR003597|IPR050160|IPR011162|IPR014745|IPR001003,doi:10.1016/j.cell.2021.04.011|imex:IM-29278|pubmed:33961781
P01920,HLA class II histocompatibility antigen, DQ beta 1 chain,Homo sapiens,IPR007110|IPR036179|IPR013783|IPR003006|IPR003597|IPR050160|IPR011162|IPR014745|IPR000353,doi:10.1016/j.cell.2021.04.011|imex:IM-29278|pubmed:33961781
P02679,Fibrinogen gamma chain,Homo sapiens,IPR037579|IPR036056|IPR014716|IPR002181|IPR012290|IPR020837,imex:IM-25819|imex:IM-26204|pubmed:24789099|pubmed:25398877
P02745,Complement C1q subcomponent subunit A,Homo sapiens,IPR001073|IPR008160|IPR050392|IPR008983,doi:10.1016/j.cell.2021.04.011|imex:IM-29278|pubmed:33961781
P02751
P02866,Concanavalin-A,Canavalia ensiformis,IPR013320|IPR016363|IPR000985|IPR019825|IPR001220|IPR050258,imex:IM-14965|pubmed:20217867
P03979,T cell receptor gamma variable 3,Homo sapiens,IPR007110|IPR036179|IPR013783|IPR013106|IPR051117,doi:10.1016/j.cell.2021.04.011|imex:IM-29278|pubmed:33961781
P04004,Vitronectin,Homo sapiens,IPR051298|IPR000585|IPR036375|IPR018487|IPR018486|IPR020436|IPR036024|IPR001212,imex:IM-19205|pubmed:1694173
P04275,von Willebrand factor,Homo sapiens,IPR006207|IPR050780|IPR036084|IPR002919|IPR058753|IPR037578|IPR032361|IPR014853|IPR002035|IPR001007|IPR001846|IPR036465,imex:IM-29295|pubmed:30305279
P04808,Prorelaxin H1,Homo sapiens,IPR022352|IPR016179|IPR036438|IPR022353|IPR022421|IPR051042,doi:10.1016/j.cell.2021.04.011|imex:IM-29278|pubmed:33961781
P05106,Integrin beta-3,Homo sapiens,IPR013111|IPR040622|IPR057073|IPR033760|IPR015812|IPR014836|IPR012896|IPR036349|IPR002369|IPR032695|IPR057243|IPR016201|IPR036465,imex:IM-19205|imex:IM-25819|imex:IM-26204|imex:IM-26217|imex:IM-29295|pubmed:11884718|pubmed:14681217|pubmed:15299032|pubmed:15378069|pubmed:1694173|pubmed:23125415|pubmed:24789099|pubmed:25398877|pubmed:30305279
P05556,Integrin beta-1,Homo sapiens,IPR013111|IPR040622|IPR057073|IPR033760|IPR015812|IPR014836|IPR012896|IPR036349|IPR002369|IPR032695|IPR057243|IPR016201|IPR036465,doi:10.1016/j.cell.2021.04.011|doi:10.1074/mcp.ra118.000924|imex:IM-16896|imex:IM-19309|imex:IM-19961|imex:IM-24272|imex:IM-26653|imex:IM-29254|imex:IM-29278|pubmed:12724312|pubmed:21947080|pubmed:22451694|pubmed:2649503|pubmed:26496610|pubmed:30021884|pubmed:33961781
P06126,T-cell surface glycoprotein CD1a,Homo sapiens,IPR007110|IPR036179|IPR013783|IPR003597|IPR050208|IPR011161|IPR037055|IPR011162,doi:10.1016/j.cell.2021.04.011|imex:IM-29278|pubmed:33961781
P06213,Insulin receptor,Homo sapiens,IPR003961|IPR036116|IPR006211|IPR006212|IPR009030|IPR013783|IPR040969|IPR011009|IPR000719|IPR017441|IPR000494|IPR036941|IPR050122|IPR001245|IPR008266|IPR020635|IPR016246|IPR002011,imex:IM-29494|pubmed:35384245
P06241,Tyrosine-protein kinase Fyn,Homo sapiens,IPR047924|IPR035750|IPR011009|IPR050198|IPR000719|IPR017441|IPR001245|IPR000980|IPR036860|IPR036028|IPR001452|IPR008266|IPR020635,imex:IM-26434|pubmed:31980649
P06753-2,Isoform 2 of Tropomyosin alpha-3 chain,Homo sapiens,Brak InterPro kodów dla tego białka.,imex:IM-24272|pubmed:26496610
P07288,Prostate-specific antigen,Homo sapiens,IPR009003|IPR043504|IPR001314|IPR001254|IPR018114|IPR033116,doi:10.1016/j.cell.2021.04.011|imex:IM-29278|pubmed:33961781
P07951-2,Isoform 2 of Tropomyosin beta chain,Homo sapiens,Brak InterPro kodów dla tego białka.,imex:IM-24272|pubmed:26496610
P08069,Insulin-like growth factor 1 receptor,Homo sapiens,IPR003961|IPR036116|IPR006211|IPR006212|IPR009030|IPR013783|IPR011009|IPR000719|IPR017441|IPR000494|IPR036941|IPR050122|IPR001245|IPR008266|IPR020635|IPR016246|IPR002011,imex:IM-29494|pubmed:35384245
P08195,Amino acid transporter heavy chain SLC3A2,Homo sapiens,IPR017853|IPR006047|IPR013780|IPR042280|IPR031984,doi:10.1016/j.cell.2021.04.011|imex:IM-29278|pubmed:33961781
P08928,Lamin,Drosophila melanogaster,IPR039008|IPR001322|IPR036415,imex:IM-16527|pubmed:25294943
P09055,Integrin beta-1,Mus musculus,IPR013111|IPR040622|IPR057073|IPR033760|IPR015812|IPR014836|IPR012896|IPR036349|IPR002369|IPR032695|IPR057243|IPR016201|IPR036465,imex:IM-24272|pubmed:26496610
P09382,Galectin-1,Homo sapiens,IPR013320|IPR044156|IPR001079,doi:10.1016/j.cell.2021.04.011|doi:10.1074/mcp.ra118.000924|imex:IM-26653|imex:IM-29278|pubmed:30021884|pubmed:33961781
P09803,Cadherin-1,Mus musculus,IPR039808|IPR002126|IPR015919|IPR020894|IPR014868|IPR000233|IPR027397,imex:IM-26933|pubmed:14691142
P0CG37,Cryptic protein,Homo sapiens,IPR019011|IPR000742,doi:10.1016/j.cell.2021.04.011|imex:IM-29278|pubmed:33961781
P0DTC3,ORF3a protein,Severe acute respiratory syndrome coronavirus 2,IPR046446|IPR046445|IPR024407,doi:10.1101/2020.06.17.156455|imex:IM-28109|pmc:PPR177217|pubmed:33845483
P0DTC8,ORF8 protein,Severe acute respiratory syndrome coronavirus 2,IPR022722|IPR044391|IPR046444,doi:10.1101/2020.06.17.156455|imex:IM-28109|pmc:PPR177217|pubmed:33845483
P0DTD8,ORF7b protein,Severe acute respiratory syndrome coronavirus 2,IPR021532,doi:10.1101/2020.06.17.156455|imex:IM-28109|pmc:PPR177217|pubmed:33845483
P10253,Lysosomal alpha-glucosidase,Homo sapiens,IPR011013|IPR017853|IPR030458|IPR048395|IPR030459|IPR025887|IPR000322|IPR013780|IPR017957|IPR000519|IPR044913,doi:10.1016/j.cell.2021.04.011|imex:IM-29278|pubmed:33961781
P10321,HLA class I histocompatibility antigen, C alpha chain,Homo sapiens,IPR007110|IPR036179|IPR013783|IPR003597|IPR050208|IPR011161|IPR037055|IPR011162|IPR001039|IPR010579,doi:10.1016/j.cell.2021.04.011|imex:IM-29278|pubmed:33961781
P10333,Accessory gland-specific peptide 26Aa,Drosophila melanogaster,IPR004315,imex:IM-16527|pubmed:25294943
P10412,Histone H1.4,Homo sapiens,IPR005819|IPR005818|IPR036388|IPR036390,doi:10.1074/mcp.ra118.000924|imex:IM-26653|pubmed:30021884
P10909,Clusterin,Homo sapiens,IPR016016|IPR000753|IPR016015|IPR033986|IPR016014,doi:10.1016/j.cell.2021.04.011|imex:IM-29278|pubmed:33961781
P10909-2,Isoform 2 of Clusterin,Homo sapiens,Brak InterPro kodów dla tego białka.,doi:10.1038/nature22366|imex:IM-25778|pubmed:28514442
P11279,Lysosome-associated membrane glycoprotein 1,Homo sapiens,IPR048528|IPR048524|IPR018134|IPR002000,imex:IM-26301|pubmed:29568061
P11584,Integrin beta-PS,Drosophila melanogaster,IPR013111|IPR057073|IPR015812|IPR014836|IPR012896|IPR036349|IPR002369|IPR032695|IPR057243|IPR036465,imex:IM-16527|pubmed:25294943
P11686,Surfactant protein C,Homo sapiens,IPR007084|IPR001729|IPR018051|IPR015091,doi:10.1016/j.cell.2021.04.011|imex:IM-29278|pubmed:33961781
P12532,Creatine kinase U-type, mitochondrial,Homo sapiens,IPR000749|IPR022415|IPR022414|IPR022413|IPR036802|IPR014746,doi:10.1074/mcp.ra118.000924|imex:IM-26653|pubmed:30021884
P13569,Cystic fibrosis transmembrane conductance regulator,Homo sapiens,IPR003593|IPR011527|IPR036640|IPR003439|IPR017871|IPR050173|IPR009147|IPR047082|IPR025837|IPR027417,imex:IM-27204|imex:IM-29200|imex:IM-29540|pubmed:29924966|pubmed:31324722|pubmed:36012204
P13727,Bone marrow proteoglycan,Homo sapiens,IPR001304|IPR016186|IPR050111|IPR018378|IPR016187|IPR033816|IPR002352,doi:10.1016/j.cell.2021.04.011|imex:IM-29278|pubmed:33961781
P13747,HLA class I histocompatibility antigen, alpha chain E,Homo sapiens,IPR007110|IPR036179|IPR013783|IPR003006|IPR003597|IPR050208|IPR011161|IPR037055|IPR011162|IPR001039|IPR010579,doi:10.1016/j.cell.2021.04.011|imex:IM-29278|pubmed:33961781
P13987,CD59 glycoprotein,Homo sapiens,IPR056949|IPR018363|IPR016054|IPR045860,doi:10.1016/j.cell.2021.04.011|imex:IM-29278|pubmed:33961781
P14138,Endothelin-3,Homo sapiens,IPR020475|IPR019764|IPR001928,doi:10.1016/j.cell.2021.04.011|imex:IM-29278|pubmed:33961781
P14555-PRO_0000022750
P15151,Poliovirus receptor,Homo sapiens,IPR013162|IPR007110|IPR036179|IPR013783|IPR003599|IPR013106|IPR052659,doi:10.1016/j.cell.2021.04.011|imex:IM-29278|pubmed:33961781
P15812,T-cell surface glycoprotein CD1e, membrane-associated,Homo sapiens,IPR007110|IPR036179|IPR013783|IPR003597|IPR050208|IPR011161|IPR037055|IPR011162,doi:10.1016/j.cell.2021.04.011|doi:10.1038/nature22366|imex:IM-25778|imex:IM-29278|pubmed:28514442|pubmed:33961781
P16144,Integrin beta-4,Homo sapiens,IPR038081|IPR003644|IPR000742|IPR040622|IPR003961|IPR036116|IPR013783|IPR033760|IPR015812|IPR012013|IPR012896|IPR036349|IPR002369|IPR057243|IPR016201|IPR036465,doi:10.1016/j.cell.2021.04.011|imex:IM-17018|imex:IM-19309|imex:IM-29278|imex:IM-29808|pubmed:21880726|pubmed:2649503|pubmed:33961781|pubmed:35657344
P16234,Platelet-derived growth factor receptor alpha,Homo sapiens,IPR007110|IPR036179|IPR013783|IPR013098|IPR003599|IPR003598|IPR011009|IPR027290|IPR000719|IPR017441|IPR050122|IPR001245|IPR008266|IPR020635|IPR001824|IPR055238,doi:10.1016/j.cell.2021.04.011|imex:IM-29278|pubmed:33961781
P16473,Thyrotropin receptor,Homo sapiens,IPR000276|IPR017452|IPR002131|IPR026906|IPR032675|IPR002274,doi:10.1016/j.cell.2021.04.011|imex:IM-29278|pubmed:33961781
P17612,cAMP-dependent protein kinase catalytic subunit alpha,Homo sapiens,IPR000961|IPR011009|IPR000719|IPR017441|IPR008271|IPR044109,doi:10.1016/j.celrep.2020.108050|imex:IM-28217|pubmed:32814053
P17931,Galectin-3,Homo sapiens,IPR013320|IPR044156|IPR001079,doi:10.1016/j.cell.2021.04.011|imex:IM-29278|pubmed:33961781
P18084,Integrin beta-5,Homo sapiens,IPR040622|IPR057073|IPR033760|IPR015812|IPR014836|IPR012896|IPR036349|IPR002369|IPR032695|IPR016201|IPR002035|IPR036465,imex:IM-19205|pubmed:1694173
P18564,Integrin beta-6,Homo sapiens,IPR013111|IPR040622|IPR057073|IPR033760|IPR015812|IPR014836|IPR012896|IPR036349|IPR002369|IPR032695|IPR057243|IPR016201|IPR036465,imex:IM-29184|pubmed:28534487
P19109-2,Isoform C of ATP-dependent RNA helicase p62,Drosophila melanogaster,Brak InterPro kodów dla tego białka.,imex:IM-16527|pubmed:25294943
P19320,Vascular cell adhesion protein 1,Homo sapiens,IPR047012|IPR003987|IPR007110|IPR036179|IPR013783|IPR008424|IPR013098|IPR003599|IPR003598|IPR013106|IPR013151|IPR003989,imex:IM-17358|pubmed:22623428
P19357,Solute carrier family 2, facilitated glucose transporter member 4,Rattus norvegicus,IPR002441|IPR045263|IPR020846|IPR005828|IPR036259|IPR003663|IPR005829,mint:MINT-5218203|pubmed:16396496
P19823,Inter-alpha-trypsin inhibitor heavy chain H2,Homo sapiens,IPR010600|IPR050934|IPR013694|IPR002035|IPR036465,doi:10.1016/j.cell.2021.04.011|imex:IM-29278|pubmed:33961781
P20339,Ras-related protein Rab-5A,Homo sapiens,IPR027417|IPR005225|IPR001806,imex:IM-26434|pubmed:31980649
P21333-2,Isoform 2 of Filamin-A,Homo sapiens,Brak InterPro kodów dla tego białka.,imex:IM-24272|pubmed:26496610
P21980,Protein-glutamine gamma-glutamyltransferase 2,Homo sapiens,IPR013783|IPR014756|IPR038765|IPR050779|IPR002931|IPR036985|IPR023608|IPR013808|IPR008958|IPR036238|IPR001102,doi:10.1016/j.cell.2021.04.011|imex:IM-29278|pubmed:33961781
P22304,Iduronate 2-sulfatase,Homo sapiens,IPR017850|IPR035874|IPR024607|IPR000917,doi:10.1016/j.cell.2021.04.011|imex:IM-29278|pubmed:33961781
P22830,Ferrochelatase, mitochondrial,Homo sapiens,IPR001015|IPR019772|IPR033644|IPR033659,imex:IM-29649|pubmed:36836934
P23242,Gap junction alpha-1 protein,Mus musculus,IPR035091|IPR000500|IPR002261|IPR013124|IPR034634|IPR019570|IPR017990|IPR013092|IPR038359,imex:IM-24057|imex:IM-24058|pubmed:24163432|pubmed:24563481
P26012,Integrin beta-8,Homo sapiens,IPR000742|IPR057073|IPR033760|IPR015812|IPR002369|IPR032695|IPR057243|IPR016201|IPR036465,imex:IM-20373|pubmed:1918072
P26715,NKG2-A/NKG2-B type II integral membrane protein,Homo sapiens,IPR001304|IPR016186|IPR016187|IPR050919|IPR033992,doi:10.1016/j.cell.2021.04.011|imex:IM-29278|pubmed:33961781
P28289,Tropomodulin-1,Homo sapiens,IPR032675|IPR004934,imex:IM-24272|pubmed:26496610
P28324,ETS domain-containing protein Elk-4,Homo sapiens,IPR000418|IPR046328|IPR036388|IPR036390,imex:IM-26434|pubmed:31980649
P28828,Receptor-type tyrosine-protein phosphatase mu,Mus musculus,IPR013320|IPR003961|IPR057598|IPR036116|IPR007110|IPR036179|IPR013783|IPR003599|IPR013151|IPR000998|IPR029021|IPR000242|IPR045911|IPR051622|IPR016130|IPR003595|IPR000387,imex:IM-26933|pubmed:14691142
P30086,Phosphatidylethanolamine-binding protein 1,Homo sapiens,IPR008914|IPR036610|IPR035810|IPR001858,imex:IM-26434|pubmed:31980649
P31025,Lipocalin-1,Homo sapiens,IPR012674|IPR002345|IPR000566|IPR002450,doi:10.1016/j.cell.2021.04.011|imex:IM-29278|pubmed:33961781
P31997,Cell adhesion molecule CEACAM8,Homo sapiens,IPR050831|IPR007110|IPR036179|IPR013783|IPR003599|IPR003598|IPR013106,doi:10.1016/j.cell.2021.04.011|imex:IM-29278|pubmed:33961781
P33151,Cadherin-5,Homo sapiens,IPR039808|IPR002126|IPR015919|IPR020894|IPR000233|IPR027397,imex:IM-30239|pubmed:39232006
P33908,Mannosyl-oligosaccharide 1,2-alpha-mannosidase IA,Homo sapiens,IPR012341|IPR001382|IPR050749|IPR036026,doi:10.1016/j.cell.2021.04.011|imex:IM-29278|pubmed:33961781
P35226,Polycomb complex protein BMI-1,Homo sapiens,IPR032443|IPR001841|IPR013083|IPR017907,imex:IM-29168|pubmed:34316702
P35282,Ras-related protein Rab-21,Mus musculus,IPR027417|IPR041833|IPR005225|IPR001806,imex:IM-20461|pubmed:16754960
P35443,Thrombospondin-4,Homo sapiens,IPR013320|IPR000742|IPR001881|IPR018097|IPR003367|IPR017897|IPR008859|IPR024665|IPR046970|IPR028974|IPR048287,imex:IM-29812|pubmed:32567740
P37173,TGF-beta receptor type-2,Homo sapiens,IPR011009|IPR000719|IPR017441|IPR001245|IPR008271|IPR045860|IPR000333|IPR017194|IPR015013,doi:10.1016/j.celrep.2020.108050|imex:IM-28217|pubmed:32814053
P43250,G protein-coupled receptor kinase 6,Homo sapiens,IPR000961|IPR000239|IPR011009|IPR000719|IPR017441|IPR016137|IPR036305|IPR044926|IPR008271,imex:IM-15364|pubmed:21988832
P47756-2,Isoform 1 of F-actin-capping protein subunit beta,Homo sapiens,Brak InterPro kodów dla tego białka.,imex:IM-24272|pubmed:26496610
P48509,CD151 antigen,Homo sapiens,IPR018499|IPR000301|IPR018503|IPR008952,doi:10.1016/j.cell.2021.04.011|imex:IM-26297|imex:IM-26883|imex:IM-29278|pubmed:10811835|pubmed:14557253|pubmed:33961781
P49023-1,Isoform Beta of Paxillin,Homo sapiens,Brak InterPro kodów dla tego białka.,imex:IM-30146|pubmed:37316325
P49023-4,Isoform 4 of Paxillin,Homo sapiens,Brak InterPro kodów dla tego białka.,imex:IM-30146|pubmed:37316325
P49184,Deoxyribonuclease-1-like 1,Homo sapiens,IPR018057|IPR016202|IPR033125|IPR036691|IPR005135,doi:10.1016/j.cell.2021.04.011|imex:IM-29278|pubmed:33961781
P50454,Serpin H1,Homo sapiens,IPR023795|IPR023796|IPR000215|IPR033830|IPR036186|IPR042178|IPR042185,doi:10.1016/j.celrep.2020.108050|imex:IM-28217|pubmed:32814053
P51572,B-cell receptor-associated protein 31,Homo sapiens,IPR008417|IPR040463|IPR041672,doi:10.1016/j.cell.2021.04.011|imex:IM-29278|pubmed:33961781
P54315,Inactive pancreatic lipase-related protein 1,Homo sapiens,IPR029058|IPR013818|IPR016272|IPR033906|IPR002331|IPR001024|IPR036392|IPR000734,doi:10.1016/j.cell.2021.04.011|imex:IM-29278|pubmed:33961781
P54315-2,Isoform 2 of Inactive pancreatic lipase-related protein 1,Homo sapiens,Brak InterPro kodów dla tego białka.,doi:10.1038/nature22366|imex:IM-25778|pubmed:28514442
P54709,Sodium/potassium-transporting ATPase subunit beta-3,Homo sapiens,IPR000402|IPR038702,doi:10.1016/j.cell.2021.04.011|doi:10.1038/nature22366|imex:IM-25778|imex:IM-29278|pubmed:28514442|pubmed:33961781
P54725,Lysine-specific demethylase RAD23A,Homo sapiens,IPR004806|IPR041811|IPR006636|IPR015940|IPR009060|IPR000626|IPR029071|IPR015360|IPR036353,doi:10.1016/j.celrep.2020.108050|imex:IM-28217|pubmed:32814053
P55083,Microfibril-associated glycoprotein 4,Homo sapiens,IPR036056|IPR014716|IPR002181|IPR050373,doi:10.1016/j.cell.2021.04.011|imex:IM-29278|pubmed:33961781
P56851,Epididymal secretory protein E3-beta,Homo sapiens,IPR042402|IPR036816|IPR023412,doi:10.1016/j.cell.2021.04.011|imex:IM-29278|pubmed:33961781
P59665,Neutrophil defensin 1,Homo sapiens,IPR016327|IPR006081|IPR002366|IPR006080,doi:10.1016/j.cell.2021.04.011|doi:10.1038/nature22366|imex:IM-25778|imex:IM-29278|pubmed:28514442|pubmed:33961781
P60033,CD81 antigen,Homo sapiens,IPR018499|IPR000301|IPR018503|IPR008952,imex:IM-25678|imex:IM-28053|pubmed:30024968|pubmed:32900848
P61158,Actin-related protein 3,Homo sapiens,IPR004000|IPR020902|IPR043129,imex:IM-24272|pubmed:26496610
P61160,Actin-related protein 2,Homo sapiens,IPR004000|IPR020902|IPR043129,imex:IM-24272|pubmed:26496610
P62140,Serine/threonine-protein phosphatase PP1-beta catalytic subunit,Homo sapiens,IPR004843|IPR029052|IPR050341|IPR006186|IPR031675,imex:IM-24272|pubmed:26496610
P62280,Small ribosomal subunit protein uS17,Homo sapiens,IPR012340|IPR000266|IPR028333|IPR019979|IPR032440,imex:IM-30059|pubmed:39251607
P62879,Guanine nucleotide-binding protein G(I)/G(S)/G(T) subunit beta-2,Homo sapiens,IPR016346|IPR015943|IPR001632|IPR020472|IPR019775|IPR036322|IPR001680,doi:10.1016/j.cell.2021.04.011|imex:IM-29278|pubmed:33961781
P63010,AP-2 complex subunit beta,Homo sapiens,IPR026739|IPR016342|IPR011989|IPR016024|IPR000225|IPR015151|IPR002553|IPR008152|IPR013041|IPR013037|IPR009028|IPR012295,imex:IM-24272|pubmed:26496610
P63252,Inward rectifier potassium channel 2,Homo sapiens,IPR014756|IPR041647|IPR016449|IPR003271|IPR013518|IPR013673|IPR040445,imex:IM-29166|pubmed:32541000
P68040,Small ribosomal subunit protein RACK1,Mus musculus,IPR045223|IPR015943|IPR020472|IPR019775|IPR036322|IPR001680,imex:IM-26933|pubmed:14691142
P68254,14-3-3 protein theta,Mus musculus,IPR000308|IPR023409|IPR036815|IPR023410|IPR042584,imex:IM-24057|pubmed:24163432
P68404-2,Isoform Beta-II of Protein kinase C beta type,Mus musculus,Brak InterPro kodów dla tego białka.,imex:IM-26933|pubmed:14691142
P78423,Fractalkine,Homo sapiens,IPR039809|IPR034127|IPR001811|IPR036048,imex:IM-25819|imex:IM-26217|pubmed:23125415|pubmed:24789099
Q00174,Laminin subunit alpha,Drosophila melanogaster,IPR013320|IPR000742|IPR050440|IPR009254|IPR010307|IPR001791|IPR000034|IPR008211|IPR002049|IPR056863,pubmed:unassigned4
Q01081,Splicing factor U2AF 35 kDa subunit,Homo sapiens,IPR012677|IPR035979|IPR000504|IPR003954|IPR009145|IPR000571,imex:IM-30059|pubmed:39251607
Q01344,Interleukin-5 receptor subunit alpha,Homo sapiens,IPR003961|IPR036116|IPR013783|IPR003532|IPR015321,doi:10.1016/j.cell.2021.04.011|imex:IM-29278|pubmed:33961781
Q02083,N-acylethanolamine-hydrolyzing acid amidase,Homo sapiens,IPR016699|IPR029130|IPR029132,doi:10.1016/j.cell.2021.04.011|imex:IM-29278|pubmed:33961781
Q02248,Catenin beta-1,Mus musculus,IPR011989|IPR016024|IPR000225|IPR013284,imex:IM-26933|pubmed:14691142
Q02750,Dual specificity mitogen-activated protein kinase kinase 1,Homo sapiens,IPR011009|IPR050915|IPR000719|IPR017441|IPR008271,imex:IM-26434|pubmed:31980649
Q04844,Acetylcholine receptor subunit epsilon,Homo sapiens,IPR006202|IPR036734|IPR006201|IPR036719|IPR038050|IPR006029|IPR018000|IPR002394,doi:10.1016/j.cell.2021.04.011|imex:IM-29278|pubmed:33961781
Q05397,Focal adhesion kinase 1,Homo sapiens,IPR019749|IPR041390|IPR049385|IPR041784|IPR014352|IPR035963|IPR019748|IPR000299|IPR036137|IPR005189|IPR011009|IPR011993|IPR000719|IPR017441|IPR001245|IPR008266|IPR020635|IPR029071,imex:IM-18729|psi-mi:"MI:0813"|pubmed:23397142
Q08174,Protocadherin-1,Homo sapiens,IPR002126|IPR015919|IPR020894|IPR013164|IPR013585|IPR050174,doi:10.1016/j.cell.2021.04.011|imex:IM-29278|pubmed:33961781
Q08431,Lactadherin,Homo sapiens,IPR000742|IPR000421|IPR008979|IPR050633,doi:10.1016/j.cell.2021.04.011|imex:IM-29278|pubmed:33961781
Q08648,Sperm-associated antigen 11B,Homo sapiens,IPR007988,doi:10.1016/j.cell.2021.04.011|imex:IM-29278|pubmed:33961781
Q10588,ADP-ribosyl cyclase/cyclic ADP-ribose hydrolase 2,Homo sapiens,IPR003193,doi:10.1016/j.cell.2021.04.011|imex:IM-29278|pubmed:33961781
Q11201,CMP-N-acetylneuraminate-beta-galactosamide-alpha-2,3-sialyltransferase 1,Homo sapiens,IPR051757|IPR001675|IPR038578|IPR012163,doi:10.1016/j.cell.2021.04.011|imex:IM-29278|pubmed:33961781
Q13291,Signaling lymphocytic activation molecule,Homo sapiens,IPR015631|IPR007110|IPR036179|IPR013783|IPR010407,doi:10.1038/nature22366|imex:IM-25778|pubmed:28514442
Q13296,Mammaglobin-A,Homo sapiens,IPR016126|IPR035960,doi:10.1016/j.cell.2021.04.011|imex:IM-29278|pubmed:33961781
Q13363,C-terminal-binding protein 1,Homo sapiens,IPR043322|IPR051638|IPR006139|IPR029753|IPR029752|IPR006140|IPR036291,imex:IM-29110|pubmed:31041561
Q13435,Splicing factor 3B subunit 2,Homo sapiens,IPR007180|IPR006568|IPR003034|IPR052584,doi:10.1074/mcp.ra118.000924|imex:IM-26653|pubmed:30021884
Q13444,Disintegrin and metalloproteinase domain-containing protein 15,Homo sapiens,IPR006586|IPR001762|IPR036436|IPR000742|IPR024079|IPR001590|IPR002870|IPR034027,imex:IM-25819|pubmed:24789099
Q13635,Protein patched homolog 1,Homo sapiens,IPR053958|IPR000731|IPR004766,doi:10.1016/j.cell.2021.04.011|imex:IM-29278|pubmed:33961781
Q13635-2,Isoform L' of Protein patched homolog 1,Homo sapiens,Brak InterPro kodów dla tego białka.,doi:10.1038/nature22366|imex:IM-25778|pubmed:28514442
Q14507,Epididymal secretory protein E3-alpha,Homo sapiens,IPR042402|IPR036816|IPR023412,doi:10.1016/j.cell.2021.04.011|imex:IM-29278|pubmed:33961781
Q14574,Desmocollin-3,Homo sapiens,IPR050971|IPR002126|IPR015919|IPR020894|IPR014868|IPR000233|IPR027397|IPR009122,doi:10.1016/j.cell.2021.04.011|imex:IM-29278|pubmed:33961781
Q15165,Serum paraoxonase/arylesterase 2,Homo sapiens,IPR011042|IPR002640|IPR008364|IPR051288,doi:10.1016/j.cell.2021.04.011|imex:IM-29278|pubmed:33961781
Q15262,Receptor-type tyrosine-protein phosphatase kappa,Homo sapiens,IPR013320|IPR003961|IPR057598|IPR036116|IPR007110|IPR036179|IPR013783|IPR013098|IPR003599|IPR000998|IPR029021|IPR050348|IPR000242|IPR016130|IPR003595|IPR000387,doi:10.1016/j.cell.2021.04.011|imex:IM-29278|pubmed:33961781
Q15262-2,Isoform 2 of Receptor-type tyrosine-protein phosphatase kappa,Homo sapiens,Brak InterPro kodów dla tego białka.,doi:10.1038/nature22366|imex:IM-25778|pubmed:28514442
Q15286,Ras-related protein Rab-35,Homo sapiens,IPR027417|IPR050227|IPR041815|IPR005225|IPR001806,doi:10.1016/j.cell.2021.04.011|imex:IM-29278|pubmed:33961781
Q16635,Tafazzin,Homo sapiens,IPR002123|IPR000872,doi:10.1016/j.cell.2021.04.011|imex:IM-29278|pubmed:33961781
Q16635-2,Isoform 2 of Tafazzin,Homo sapiens,Brak InterPro kodów dla tego białka.,doi:10.1038/nature22366|imex:IM-25778|pubmed:28514442
Q27591,Integrin beta-nu,Drosophila melanogaster,IPR013111|IPR033760|IPR015812|IPR014836|IPR002369|IPR032695|IPR057243|IPR002035|IPR036465,imex:IM-16527|pubmed:25294943
Q2HXU8,C-type lectin domain family 12 member B,Homo sapiens,IPR001304|IPR016186|IPR042916|IPR016187|IPR013600|IPR033992,doi:10.1016/j.cell.2021.04.011|imex:IM-29278|pubmed:33961781
Q30201,Hereditary hemochromatosis protein,Homo sapiens,IPR007110|IPR036179|IPR013783|IPR003006|IPR003597|IPR050208|IPR011161|IPR037055|IPR011162|IPR001039,doi:10.1016/j.cell.2021.04.011|imex:IM-29278|pubmed:33961781
Q30KP8,Defensin beta 136,Homo sapiens,IPR035307,doi:10.1016/j.cell.2021.04.011|imex:IM-29278|pubmed:33961781
Q30KP9,Beta-defensin 135,Homo sapiens,IPR050544|IPR025933,doi:10.1016/j.cell.2021.04.011|imex:IM-29278|pubmed:33961781
Q30KR1,Beta-defensin 109B,Homo sapiens,Brak InterPro kodów dla tego białka.,doi:10.1016/j.cell.2021.04.011|imex:IM-29278|pubmed:33961781
Q38SD2-2,Isoform 2 of Leucine-rich repeat serine/threonine-protein kinase 1,Homo sapiens,Brak InterPro kodów dla tego białka.,doi:10.1016/j.celrep.2020.108050|imex:IM-28217|pubmed:32814053
Q3KPI0,Cell adhesion molecule CEACAM21,Homo sapiens,IPR050831|IPR007110|IPR036179|IPR013783|IPR003599|IPR003598|IPR013106,doi:10.1016/j.cell.2021.04.011|imex:IM-29278|pubmed:33961781
Q4G148,Glucoside xylosyltransferase 1,Homo sapiens,IPR002495|IPR051993|IPR029044,doi:10.1016/j.cell.2021.04.011|imex:IM-29278|pubmed:33961781
Q4KMQ1,Taperin,Homo sapiens,IPR025903|IPR025907|IPR026671,imex:IM-24272|pubmed:26496610
Q5J1K9,Brak nazwy,Homo sapiens,Brak InterPro kodów dla tego białka.,doi:10.1038/nature22366|imex:IM-25778|pubmed:28514442
Q5M775-4,Isoform 4 of Cytospin-B,Homo sapiens,Brak InterPro kodów dla tego białka.,imex:IM-24272|pubmed:26496610
Q5MIZ7-5,Isoform 5 of Serine/threonine-protein phosphatase 4 regulatory subunit 3B,Homo sapiens,Brak InterPro kodów dla tego białka.,doi:10.1074/mcp.ra118.000924|imex:IM-26653|pubmed:30021884
Q5SRR4,Lymphocyte antigen 6 complex locus protein G5c,Homo sapiens,IPR016054|IPR026110,doi:10.1016/j.cell.2021.04.011|imex:IM-29278|pubmed:33961781
Q5VX71,Sushi domain-containing protein 4,Homo sapiens,IPR042985|IPR035976|IPR000436,doi:10.1016/j.cell.2021.04.011|imex:IM-29278|pubmed:33961781
Q5VX71-3,Isoform 3 of Sushi domain-containing protein 4,Homo sapiens,Brak InterPro kodów dla tego białka.,doi:10.1038/nature22366|imex:IM-25778|pubmed:28514442
Q5XPI4,E3 ubiquitin-protein ligase RNF123,Homo sapiens,IPR001870|IPR043136|IPR013320|IPR045129|IPR003877|IPR035773|IPR057987|IPR001841|IPR013083,doi:10.1016/j.cell.2021.04.011|imex:IM-29278|pubmed:33961781
Q63HR2,Tensin-2,Homo sapiens,IPR046349|IPR035892|IPR011993|IPR002219|IPR029021|IPR013625|IPR006020|IPR000980|IPR036860|IPR035012|IPR014020|IPR029023|IPR033929|IPR051484,doi:10.1016/j.cell.2021.04.011|imex:IM-29278|pubmed:33961781
Q64LD2,WD repeat-containing protein 25,Homo sapiens,IPR015943|IPR036322|IPR001680|IPR053053,doi:10.1016/j.cell.2021.04.011|imex:IM-29278|pubmed:33961781
Q676U5-1,Isoform 1 of Autophagy-related protein 16-1,Homo sapiens,Brak InterPro kodów dla tego białka.,imex:IM-29997|pubmed:31015422
Q69YQ0,Cytospin-A,Homo sapiens,IPR001715|IPR036872|IPR050540,imex:IM-24272|pubmed:26496610
Q6PIU2,Neutral cholesterol ester hydrolase 1,Homo sapiens,IPR013094|IPR029058|IPR017157|IPR050300|IPR033140,doi:10.1016/j.cell.2021.04.011|imex:IM-29278|pubmed:33961781
Q6PIU2-2,Isoform 2 of Neutral cholesterol ester hydrolase 1,Homo sapiens,Brak InterPro kodów dla tego białka.,doi:10.1038/nature22366|imex:IM-25778|pubmed:28514442
Q6PL45,BRICHOS domain-containing protein 5,Homo sapiens,IPR007084|IPR051772,doi:10.1016/j.cell.2021.04.011|imex:IM-29278|pubmed:33961781
Q6PMW3,Genome polyprotein,Foot-and-mouth disease virus serotype O,IPR037080|IPR043502|IPR004080|IPR004004|IPR000605|IPR014759|IPR027417|IPR038765|IPR044067|IPR008739|IPR000199|IPR009003|IPR043504|IPR001676|IPR043128|IPR033703|IPR001205|IPR007094|IPR029053,imex:IM-29184|pubmed:28534487
Q6UWM7,Lactase-like protein,Homo sapiens,IPR017853|IPR033132|IPR001360|IPR018120,doi:10.1016/j.cell.2021.04.011|imex:IM-29278|pubmed:33961781
Q6UX41,Butyrophilin-like protein 8,Homo sapiens,IPR001870|IPR043136|IPR053896|IPR003879|IPR013320|IPR007110|IPR036179|IPR013783|IPR003599|IPR013106|IPR050504|IPR006574|IPR003877,doi:10.1016/j.cell.2021.04.011|doi:10.1038/nature22366|imex:IM-25778|imex:IM-29278|pubmed:28514442|pubmed:33961781
Q6UXB1,Insulin growth factor-like family member 3,Homo sapiens,IPR032744,doi:10.1016/j.cell.2021.04.011|imex:IM-29278|pubmed:33961781
Q6UXE8,Butyrophilin-like protein 3,Homo sapiens,IPR001870|IPR043136|IPR053896|IPR003879|IPR013320|IPR007110|IPR036179|IPR013783|IPR003599|IPR013106|IPR050504|IPR006574|IPR003877,doi:10.1016/j.cell.2021.04.011|doi:10.1038/nature22366|imex:IM-25778|imex:IM-29278|pubmed:28514442|pubmed:33961781
Q6XE38,Secretoglobin family 1D member 4,Homo sapiens,IPR016126|IPR035960,doi:10.1038/nature22366|imex:IM-25778|pubmed:28514442
Q71RC2,La-related protein 4,Homo sapiens,IPR045180|IPR006630|IPR034903|IPR035979|IPR058699|IPR036388|IPR036390,imex:IM-30059|pubmed:39251607
Q7KT16,Brak nazwy,Drosophila melanogaster,IPR008145|IPR008144|IPR020590|IPR014775|IPR004172|IPR036892|IPR050716|IPR027417|IPR001478|IPR036034|IPR036028|IPR001452,imex:IM-16527|pubmed:25294943
Q7LGA3,Heparan sulfate 2-O-sulfotransferase 1,Homo sapiens,IPR007734|IPR027417|IPR005331,doi:10.1016/j.cell.2021.04.011|imex:IM-29278|pubmed:33961781
Q7RTP6,[F-actin]-monooxygenase MICAL3,Homo sapiens,IPR022735|IPR001715|IPR036872|IPR050540|IPR002938|IPR036188|IPR057494|IPR001781,imex:IM-24272|pubmed:26496610
Q7Z4W2,Lysozyme-like protein 2,Homo sapiens,IPR001916|IPR019799|IPR000974|IPR023346,doi:10.1016/j.cell.2021.04.011|imex:IM-29278|pubmed:33961781
Q86SR1,Polypeptide N-acetylgalactosaminyltransferase 10,Homo sapiens,IPR045885|IPR001173|IPR029044|IPR035992|IPR000772,doi:10.1016/j.cell.2021.04.011|imex:IM-29278|pubmed:33961781
Q86T26,Transmembrane protease serine 11B,Homo sapiens,IPR017329|IPR009003|IPR043504|IPR001314|IPR000082|IPR036364|IPR001254|IPR018114,doi:10.1016/j.cell.2021.04.011|doi:10.1038/nature22366|imex:IM-25778|imex:IM-29278|pubmed:28514442|pubmed:33961781
Q86V48,Leucine zipper protein 1,Homo sapiens,IPR050719,imex:IM-24272|pubmed:26496610
Q86VS8,Protein Hook homolog 3,Homo sapiens,IPR001715|IPR036872|IPR008636|IPR043936,doi:10.1016/j.cell.2021.04.011|imex:IM-29278|pubmed:33961781
Q86X19,Transmembrane protein 17,Homo sapiens,IPR019184,imex:IM-24512|pubmed:26638075
Q86YD3,Transmembrane protein 25,Homo sapiens,IPR013162|IPR007110|IPR036179|IPR013783|IPR042864,doi:10.1016/j.cell.2021.04.011|imex:IM-29278|pubmed:33961781
Q86YD3-2,Isoform 2 of Transmembrane protein 25,Homo sapiens,Brak InterPro kodów dla tego białka.,doi:10.1038/nature22366|imex:IM-25778|pubmed:28514442
Q8I0N3,Brak nazwy,Drosophila melanogaster,IPR004145,imex:IM-16527|pubmed:25294943
Q8IGJ0-1,Isoform A of Protein EFR3 homolog cmp44E,Drosophila melanogaster,Brak InterPro kodów dla tego białka.,imex:IM-16527|pubmed:25294943
Q8IUH5,Palmitoyltransferase ZDHHC17,Homo sapiens,IPR002110|IPR036770|IPR001594,doi:10.1016/j.cell.2021.04.011|imex:IM-29278|pubmed:33961781
Q8IUR0,Trafficking protein particle complex subunit 5,Homo sapiens,IPR024096|IPR016696|IPR007194,doi:10.1016/j.cell.2021.04.011|imex:IM-29278|pubmed:33961781
Q8IV16,Glycosylphosphatidylinositol-anchored high density lipoprotein-binding protein 1,Homo sapiens,IPR051110|IPR045860|IPR035076,doi:10.1016/j.cell.2021.04.011|imex:IM-29278|pubmed:33961781
Q8IVM8,Organic anion transporter 7,Homo sapiens,IPR011701|IPR020846|IPR036259,doi:10.1016/j.cell.2021.04.011|imex:IM-29278|pubmed:33961781
Q8IYB8,ATP-dependent RNA helicase SUPV3L1, mitochondrial,Homo sapiens,IPR055206|IPR001650|IPR027417|IPR050699|IPR022192|IPR041082|IPR044774|IPR041453,imex:IM-30059|pubmed:39251607
Q8IZP0,Abl interactor 1,Homo sapiens,IPR028457|IPR035725|IPR012849|IPR036028|IPR001452|IPR000727,imex:IM-26434|pubmed:31980649
Q8N1N0,C-type lectin domain family 4 member F,Homo sapiens,IPR001304|IPR016186|IPR050111|IPR033989|IPR016187,doi:10.1016/j.cell.2021.04.011|imex:IM-29278|pubmed:33961781
Q8N5P1,Zinc finger CCCH domain-containing protein 8,Homo sapiens,IPR045124|IPR054361|IPR000571|IPR036855,imex:IM-30059|pubmed:39251607
Q8N6Y1,Protocadherin-20,Homo sapiens,IPR002126|IPR015919|IPR020894|IPR050174,doi:10.1016/j.cell.2021.04.011|doi:10.1038/nature22366|imex:IM-25778|imex:IM-29278|pubmed:28514442|pubmed:33961781
Q8NAC3-2,Isoform 2 of Interleukin-17 receptor C,Homo sapiens,Brak InterPro kodów dla tego białka.,doi:10.1038/nature22366|imex:IM-25778|pubmed:28514442
Q8TC27,Disintegrin and metalloproteinase domain-containing protein 32,Homo sapiens,IPR006586|IPR018358|IPR001762|IPR036436|IPR000742|IPR024079|IPR001590|IPR002870|IPR034027,doi:10.1016/j.cell.2021.04.011|doi:10.1038/nature22366|imex:IM-25778|imex:IM-29278|pubmed:28514442|pubmed:33961781
Q8WUY1,Protein THEM6,Homo sapiens,IPR029069|IPR051490,doi:10.1016/j.cell.2021.04.011|imex:IM-29278|pubmed:33961781
Q8WVQ1,Soluble calcium-activated nucleotidase 1,Homo sapiens,IPR009283|IPR036258,doi:10.1016/j.cell.2021.04.011|imex:IM-29278|pubmed:33961781
Q8WW62,Transmembrane emp24 domain-containing protein 6,Homo sapiens,IPR015720|IPR009038,doi:10.1016/j.cell.2021.04.011|doi:10.1038/nature22366|imex:IM-25778|imex:IM-29278|pubmed:28514442|pubmed:33961781
Q8WWF1,Uncharacterized protein C1orf54,Homo sapiens,IPR027957,doi:10.1016/j.cell.2021.04.011|imex:IM-29278|pubmed:33961781
Q8WX39,Epididymal-specific lipocalin-9,Homo sapiens,IPR012674|IPR002345|IPR022272|IPR000566|IPR002971,doi:10.1016/j.cell.2021.04.011|imex:IM-29278|pubmed:33961781
Q92187,CMP-N-acetylneuraminate-poly-alpha-2,8-sialyltransferase,Homo sapiens,IPR001675|IPR050943|IPR038578|IPR012163,doi:10.1016/j.cell.2021.04.011|doi:10.1038/nature22366|imex:IM-25778|imex:IM-29278|pubmed:28514442|pubmed:33961781
Q92614,Unconventional myosin-XVIIIa,Homo sapiens,IPR000048|IPR036961|IPR001609|IPR002928|IPR036064|IPR027417|IPR001478|IPR036034|IPR020587|IPR057772|IPR004009,imex:IM-24272|pubmed:26496610
Q92820,Gamma-glutamyl hydrolase,Homo sapiens,IPR029062|IPR015527|IPR011697,doi:10.1016/j.cell.2021.04.011|imex:IM-29278|pubmed:33961781
Q96A25,Transmembrane protein 106A,Homo sapiens,IPR009790|IPR048509|IPR048511,doi:10.1016/j.cell.2021.04.011|imex:IM-29278|pubmed:33961781
Q96B97,SH3 domain-containing kinase-binding protein 1,Homo sapiens,IPR035770|IPR035771|IPR035772|IPR050384|IPR036028|IPR001452,imex:IM-26434|pubmed:31980649
Q96DT0,Galectin-12,Homo sapiens,IPR013320|IPR044156|IPR001079,doi:10.1016/j.cell.2021.04.011|imex:IM-29278|pubmed:33961781
Q96E22,Dehydrodolichyl diphosphate synthase complex subunit NUS1,Homo sapiens,IPR038887|IPR001441|IPR036424,doi:10.1016/j.cell.2021.04.011|imex:IM-29278|pubmed:33961781
Q96FT7,Acid-sensing ion channel 4,Homo sapiens,IPR001873|IPR020903,doi:10.1016/j.cell.2021.04.011|imex:IM-29278|pubmed:33961781
Q96GX9,Methylthioribulose-1-phosphate dehydratase,Homo sapiens,IPR001303|IPR036409|IPR017714|IPR027514,doi:10.1016/j.cell.2021.04.011|imex:IM-29278|pubmed:33961781
Q96L11,Sperm-egg fusion protein LLCFC1,Homo sapiens,IPR031684,doi:10.1016/j.cell.2021.04.011|imex:IM-29278|pubmed:33961781
Q96L12,Calreticulin-3,Homo sapiens,IPR001580|IPR018124|IPR009169|IPR009033|IPR013320,doi:10.1038/nature22366|imex:IM-25778|pubmed:28514442
Q96LR4,Chemokine-like protein TAFA-4,Homo sapiens,IPR020350|IPR051743,doi:10.1016/j.cell.2021.04.011|doi:10.1038/nature22366|imex:IM-25778|imex:IM-29278|pubmed:28514442|pubmed:33961781
Q96M83,Coiled-coil domain-containing protein 7,Homo sapiens,IPR029272,doi:10.1074/mcp.ra118.000924|imex:IM-26653|pubmed:30021884
Q96SJ8,Tetraspanin-18,Homo sapiens,IPR018499|IPR000301|IPR018503|IPR008952,doi:10.1016/j.cell.2021.04.011|imex:IM-29278|pubmed:33961781
Q99445,Glycosyl-phosphatidylinositol-anchored molecule-like protein,Homo sapiens,IPR018363|IPR016054|IPR045860|IPR052874,doi:10.1016/j.cell.2021.04.011|imex:IM-29278|pubmed:33961781
Q99963,Endophilin-A3,Homo sapiens,IPR027267|IPR004148|IPR032469|IPR035824|IPR050384|IPR036028|IPR001452,imex:IM-26434|pubmed:31980649
Q9BPX5,Actin-related protein 2/3 complex subunit 5-like protein,Homo sapiens,IPR006789|IPR036743,imex:IM-24272|pubmed:26496610
Q9BSE5,Guanidino acid hydrolase, mitochondrial,Homo sapiens,IPR005925|IPR006035|IPR023696|IPR020855,pubmed:unassigned1312
Q9BSL1,Ubiquitin-associated domain-containing protein 1,Homo sapiens,IPR006636|IPR015940|IPR009060|IPR041926|IPR041927|IPR052476|IPR029071|IPR057650,doi:10.1016/j.cell.2021.04.011|imex:IM-29278|pubmed:33961781
Q9BYC5,Alpha-(1,6)-fucosyltransferase,Homo sapiens,IPR015827|IPR045573|IPR035653|IPR027350|IPR036028|IPR001452,doi:10.1016/j.cell.2021.04.011|imex:IM-29278|pubmed:33961781
Q9BYE2,Transmembrane protease serine 13,Homo sapiens,IPR002172|IPR009003|IPR043504|IPR001314|IPR017327|IPR001190|IPR036772|IPR001254|IPR018114|IPR033116,doi:10.1016/j.cell.2021.04.011|imex:IM-29278|pubmed:33961781
Q9CYA0,Protein disulfide isomerase Creld2,Mus musculus,IPR000742|IPR001881|IPR000152|IPR018097|IPR006212|IPR009030|IPR002049|IPR049883,imex:IM-27140|pubmed:23956175
Q9H0F6,Sharpin,Homo sapiens,IPR057468|IPR051628|IPR011993|IPR031912|IPR029071|IPR001876|IPR036443,imex:IM-16896|pubmed:21947080
Q9H112,Cystatin-11,Homo sapiens,IPR042930|IPR000010|IPR046350,doi:10.1016/j.cell.2021.04.011|imex:IM-29278|pubmed:33961781
Q9H251,Cadherin-23,Homo sapiens,IPR002126|IPR015919|IPR020894,doi:10.1016/j.cell.2021.04.011|imex:IM-29278|pubmed:33961781
Q9H293,Interleukin-25,Homo sapiens,IPR029034|IPR010345,doi:10.1016/j.cell.2021.04.011|imex:IM-29278|pubmed:33961781
Q9H4A9,Dipeptidase 2,Homo sapiens,IPR000180|IPR032466|IPR008257,doi:10.1016/j.cell.2021.04.011|imex:IM-29278|pubmed:33961781
Q9H4G1,Cystatin-9-like,Homo sapiens,IPR043250|IPR000010|IPR046350,doi:10.1016/j.cell.2021.04.011|imex:IM-29278|pubmed:33961781
Q9HBV2,Sperm acrosome membrane-associated protein 1,Homo sapiens,IPR037878,doi:10.1016/j.cell.2021.04.011|imex:IM-29278|pubmed:33961781
Q9HCN8,Stromal cell-derived factor 2-like protein 1,Homo sapiens,IPR036300|IPR016093,doi:10.1016/j.cell.2021.04.011|imex:IM-29278|pubmed:33961781
Q9NPZ5,Galactosylgalactosylxylosylprotein 3-beta-glucuronosyltransferase 2,Homo sapiens,IPR005027|IPR029044,doi:10.1016/j.cell.2021.04.011|imex:IM-29278|pubmed:33961781
Q9NQ84,G protein-coupled receptor family C group 5 member C,Homo sapiens,IPR017978|IPR051753,doi:10.1016/j.cell.2021.04.011|imex:IM-29278|pubmed:33961781
Q9NQC3,Reticulon-4,Homo sapiens,IPR003388|IPR046964,doi:10.1016/j.cell.2021.04.011|imex:IM-29278|pubmed:33961781
Q9NRD5,PRKCA-binding protein,Homo sapiens,IPR027267|IPR010504|IPR030798|IPR001478|IPR036034|IPR037959,doi:10.1016/j.cell.2021.04.011|imex:IM-29278|pubmed:33961781
Q9NS85,Carbonic anhydrase-related protein 10,Homo sapiens,IPR041878|IPR001148|IPR036398|IPR023561,doi:10.1016/j.cell.2021.04.011|imex:IM-29278|pubmed:33961781
Q9NTU7,Cerebellin-4,Homo sapiens,IPR001073|IPR050822|IPR008983,doi:10.1016/j.cell.2021.04.011|imex:IM-29278|pubmed:33961781
Q9NUE0,Palmitoyltransferase ZDHHC18,Homo sapiens,IPR001594|IPR039859,doi:10.1016/j.cell.2021.04.011|imex:IM-29278|pubmed:33961781
Q9NUI1,Peroxisomal 2,4-dienoyl-CoA reductase [(3E)-enoyl-CoA-producing],Homo sapiens,IPR045017|IPR057326|IPR036291|IPR002347,doi:10.1016/j.cell.2021.04.011|imex:IM-29278|pubmed:33961781
Q9NVA1,Ubiquinol-cytochrome c reductase complex assembly factor 1,Homo sapiens,IPR021150|IPR007129,doi:10.1016/j.cell.2021.04.011|imex:IM-29278|pubmed:33961781
Q9NY35,Claudin domain-containing protein 1,Homo sapiens,IPR042356|IPR004031,doi:10.1016/j.cell.2021.04.011|imex:IM-29278|pubmed:33961781
Q9NY97,N-acetyllactosaminide beta-1,3-N-acetylglucosaminyltransferase 2,Homo sapiens,IPR002659,doi:10.1016/j.cell.2021.04.011|imex:IM-29278|pubmed:33961781
Q9NY97-2,Isoform 2 of N-acetyllactosaminide beta-1,3-N-acetylglucosaminyltransferase 2,Homo sapiens,Brak InterPro kodów dla tego białka.,doi:10.1038/nature22366|imex:IM-25778|pubmed:28514442
Q9NYL9,Tropomodulin-3,Homo sapiens,IPR032675|IPR004934,imex:IM-24272|pubmed:26496610
Q9NZH0,G protein-coupled receptor family C group 5 member B,Homo sapiens,IPR017978|IPR051753,doi:10.1016/j.cell.2021.04.011|imex:IM-29278|pubmed:33961781
Q9NZK7,Group IIE secretory phospholipase A2,Homo sapiens,IPR001211|IPR016090|IPR033113|IPR036444,doi:10.1016/j.cell.2021.04.011|imex:IM-29278|pubmed:33961781
Q9NZP6,Nuclear pore-associated protein 1,Homo sapiens,IPR026054,doi:10.1016/j.cell.2021.04.011|imex:IM-29278|pubmed:33961781
Q9P2K2,Thioredoxin domain-containing protein 16,Homo sapiens,IPR036249|IPR013766|IPR040090|IPR057642|IPR057645|IPR057639,doi:10.1016/j.cell.2021.04.011|imex:IM-29278|pubmed:33961781
Q9QZD9,Eukaryotic translation initiation factor 3 subunit I,Mus musculus,IPR027525|IPR015943|IPR019775|IPR036322|IPR001680,imex:IM-24272|pubmed:26496610
Q9UIR0,Butyrophilin-like protein 2,Homo sapiens,IPR053896|IPR007110|IPR036179|IPR013783|IPR003597|IPR003599|IPR013106|IPR050504,doi:10.1016/j.cell.2021.04.011|imex:IM-29278|pubmed:33961781
Q9UK22,F-box only protein 2,Homo sapiens,IPR007397|IPR036047|IPR001810|IPR039752|IPR008979,doi:10.1016/j.cell.2021.04.011|imex:IM-29278|pubmed:33961781
Q9UK85,Dickkopf-like protein 1,Homo sapiens,IPR039863|IPR049632,doi:10.1016/j.cell.2021.04.011|doi:10.1038/nature22366|imex:IM-25778|imex:IM-29278|pubmed:28514442|pubmed:33961781
Q9ULT6,E3 ubiquitin-protein ligase ZNRF3,Homo sapiens,IPR001841|IPR013083|IPR040700|IPR051073|IPR045903,doi:10.1016/j.cell.2021.04.011|imex:IM-29278|pubmed:33961781
Q9UM54-6,Isoform 6 of Unconventional myosin-VI,Homo sapiens,Brak InterPro kodów dla tego białka.,imex:IM-24272|pubmed:26496610
Q9UMR7,C-type lectin domain family 4 member A,Homo sapiens,IPR001304|IPR016186|IPR018378|IPR051379|IPR033989|IPR016187,doi:10.1016/j.cell.2021.04.011|imex:IM-29278|pubmed:33961781
Q9UN42,Protein ATP1B4,Homo sapiens,IPR000402|IPR038702,doi:10.1016/j.cell.2021.04.011|imex:IM-29278|pubmed:33961781
Q9UN42-2,Isoform B of Protein ATP1B4,Homo sapiens,Brak InterPro kodów dla tego białka.,doi:10.1038/nature22366|imex:IM-25778|pubmed:28514442
Q9UPQ0,LIM and calponin homology domains-containing protein 1,Homo sapiens,IPR001997|IPR001715|IPR036872|IPR031865|IPR003096|IPR001781,imex:IM-24272|pubmed:26496610
Q9UQ74,Pregnancy-specific beta-1-glycoprotein 8,Homo sapiens,IPR050831|IPR007110|IPR036179|IPR013783|IPR003599|IPR003598|IPR013106,doi:10.1016/j.cell.2021.04.011|doi:10.1038/nature22366|imex:IM-25778|imex:IM-29278|pubmed:28514442|pubmed:33961781
Q9VAK0,Dynein assembly factor with WDR repeat domains 1,Drosophila melanogaster,IPR015943|IPR020472|IPR019775|IPR036322|IPR001680,imex:IM-16527|pubmed:25294943
Q9VGQ1,Dihydrolipoyllysine-residue succinyltransferase component of 2-oxoglutarate dehydrogenase complex, mitochondrial,Drosophila melanogaster,IPR003016|IPR050537|IPR001078|IPR000089|IPR023213|IPR011053|IPR006255,imex:IM-16527|pubmed:25294943
Q9VIT3,Brak nazwy,Drosophila melanogaster,Brak InterPro kodów dla tego białka.,imex:IM-16527|pubmed:25294943
Q9VMI0,Brak nazwy,Drosophila melanogaster,IPR008554|IPR052565|IPR016039|IPR036249,imex:IM-16527|pubmed:25294943
Q9VYC7,Brak nazwy,Drosophila melanogaster,IPR000859|IPR036055|IPR002172|IPR035914,imex:IM-16527|pubmed:25294943
Q9VZT7,Brak nazwy,Drosophila melanogaster,IPR036872|IPR043936,imex:IM-16527|pubmed:25294943
Q9Y241,HIG1 domain family member 1A, mitochondrial,Homo sapiens,IPR007667|IPR050355,doi:10.1016/j.cell.2021.04.011|imex:IM-29278|pubmed:33961781
Q9Y275,Tumor necrosis factor ligand superfamily member 13B,Homo sapiens,IPR006052|IPR051748|IPR008983,doi:10.1016/j.cell.2021.04.011|doi:10.1038/nature22366|imex:IM-25778|imex:IM-29278|pubmed:28514442|pubmed:33961781
Q9Y2A9,N-acetyllactosaminide beta-1,3-N-acetylglucosaminyltransferase 3,Homo sapiens,IPR002659,doi:10.1016/j.cell.2021.04.011|imex:IM-29278|pubmed:33961781
Q9Y2U8,Inner nuclear membrane protein Man1,Homo sapiens,IPR052277|IPR011015|IPR003887|IPR018996|IPR034394|IPR041885|IPR012677|IPR035979,doi:10.1016/j.cell.2021.04.011|imex:IM-29278|pubmed:33961781
Q9Y394,Dehydrogenase/reductase SDR family member 7,Homo sapiens,IPR036291|IPR020904|IPR002347|IPR053011,doi:10.1016/j.cell.2021.04.011|imex:IM-29278|pubmed:33961781
Q9Y4I1,Unconventional myosin-Va,Homo sapiens,IPR002710|IPR000048|IPR036961|IPR058662|IPR037988|IPR001609|IPR036103|IPR027417|IPR004009,imex:IM-24272|pubmed:26496610
Q9Y5C1,Angiopoietin-related protein 3,Homo sapiens,IPR036056|IPR014716|IPR002181|IPR050373,pubmed:11877390
Q9Y5E2,Protocadherin beta-7,Homo sapiens,IPR002126|IPR015919|IPR032455|IPR020894|IPR013164|IPR050174,doi:10.1016/j.cell.2021.04.011|imex:IM-29278|pubmed:33961781
Q9Y5F3,Protocadherin beta-1,Homo sapiens,IPR002126|IPR015919|IPR032455|IPR020894|IPR013164|IPR050174,doi:10.1016/j.cell.2021.04.011|imex:IM-29278|pubmed:33961781
Q9Y5G8,Protocadherin gamma-A5,Homo sapiens,IPR002126|IPR015919|IPR032455|IPR031904|IPR020894|IPR013164|IPR050174,doi:10.1016/j.cell.2021.04.011|imex:IM-29278|pubmed:33961781
Q9Y5G8-2,Isoform 2 of Protocadherin gamma-A5,Homo sapiens,Brak InterPro kodów dla tego białka.,doi:10.1038/nature22366|imex:IM-25778|pubmed:28514442
Q9Y5H3,Protocadherin gamma-A10,Homo sapiens,IPR002126|IPR015919|IPR032455|IPR031904|IPR020894|IPR013164|IPR050174,doi:10.1016/j.cell.2021.04.011|imex:IM-29278|pubmed:33961781
Q9Y5Q6,Insulin-like peptide INSL5,Homo sapiens,IPR016179|IPR051777|IPR036438|IPR022353,doi:10.1016/j.cell.2021.04.011|imex:IM-29278|pubmed:33961781
Q9Y5Y6,Suppressor of tumorigenicity 14 protein,Homo sapiens,IPR000859|IPR036055|IPR023415|IPR002172|IPR009003|IPR043504|IPR017051|IPR000082|IPR036364|IPR035914|IPR001254|IPR018114|IPR033116,doi:10.1016/j.cell.2021.04.011|imex:IM-29278|pubmed:33961781
Q9Y608-4,Isoform 4 of Leucine-rich repeat flightless-interacting protein 2,Homo sapiens,Brak InterPro kodów dla tego białka.,imex:IM-24272|pubmed:26496610
Q9Y6D5,Brefeldin A-inhibited guanine nucleotide-exchange protein 2,Homo sapiens,IPR011989|IPR016024|IPR032629|IPR015403|IPR032691|IPR046455|IPR023394|IPR000904|IPR035999,doi:10.1016/j.cell.2021.04.011|imex:IM-29278|pubmed:33961781
Q9Y6D6,Brefeldin A-inhibited guanine nucleotide-exchange protein 1,Homo sapiens,IPR011989|IPR016024|IPR032629|IPR015403|IPR032691|IPR046455|IPR023394|IPR000904|IPR035999,doi:10.1016/j.cell.2021.04.011|imex:IM-29278|pubmed:33961781
chebi:"CHEBI:138409"
chebi:"CHEBI:16618"
chebi:"CHEBI:16851"
chebi:"CHEBI:28424"
chebi:"CHEBI:61048"
intact:EBI-2624056
intact:EBI-26988198
intact:EBI-27080394
intact:EBI-27080428
intact:EBI-9929129
