A0A1D6E625,Brak nazwy,Brak organizmu,Brak InterPro kodów dla tego białka.,imex:IM-29553|pubmed:36581701
A0A1D6E8R2,Brak nazwy,Brak organizmu,Brak InterPro kodów dla tego białka.,imex:IM-29553|pubmed:36581701
A0A1D6EWB9,Brak nazwy,Zea mays,IPR045055|IPR041679|IPR041677|IPR006935|IPR014001|IPR027417|IPR047187|IPR040812|IPR018999,imex:IM-29553|pubmed:36581701
A0A1D6FHT8,ATP citrate synthase,Zea mays,IPR017440|IPR016142|IPR016143|IPR002020|IPR036969|IPR033847|IPR036291|IPR005811|IPR016102,imex:IM-29553|pubmed:36581701
A0A1D6FQ43,Brak nazwy,Brak organizmu,Brak InterPro kodów dla tego białka.,imex:IM-29553|pubmed:36581701
A0A1D6HCT4,Brak nazwy,Brak organizmu,Brak InterPro kodów dla tego białka.,imex:IM-29553|pubmed:36581701
A0A1D6HL62,Brak nazwy,Zea mays,IPR014001|IPR001650|IPR027417|IPR038718|IPR049730|IPR000330|IPR050496,imex:IM-29553|pubmed:36581701
A0A1D6HQC9,Brak nazwy,Brak organizmu,Brak InterPro kodów dla tego białka.,imex:IM-29553|pubmed:36581701
A0A1D6JP38,Brak nazwy,Brak organizmu,Brak InterPro kodów dla tego białka.,imex:IM-29553|pubmed:36581701
A0A1D6K256,Protein kinase domain-containing protein,Zea mays,IPR011009|IPR001611|IPR003591|IPR032675|IPR013210|IPR055414|IPR050647|IPR000719|IPR017441|IPR001245,imex:IM-29553|pubmed:36581701
A0A1D6KTN3,Brak nazwy,Zea mays,IPR044275,imex:IM-29553|pubmed:36581701
A0A1D6MCG8,Brak nazwy,Brak organizmu,Brak InterPro kodów dla tego białka.,imex:IM-29553|pubmed:36581701
A0A1D6NC34,Brak nazwy,Zea mays,IPR001356|IPR009057|IPR045876|IPR019786|IPR011011|IPR001965|IPR019787|IPR013083,imex:IM-29553|pubmed:36581701
A0A1D6NEB5,Brak nazwy,Brak organizmu,Brak InterPro kodów dla tego białka.,imex:IM-29553|pubmed:36581701
A0A1D6P567,Brak nazwy,Brak organizmu,Brak InterPro kodów dla tego białka.,imex:IM-29553|pubmed:36581701
A0A1D6PGR9,Brak nazwy,Brak organizmu,Brak InterPro kodów dla tego białka.,imex:IM-29553|pubmed:36581701
A0A1D6PZJ5,Brak nazwy,Brak organizmu,Brak InterPro kodów dla tego białka.,imex:IM-29553|pubmed:36581701
A0A2U2GXH7,Brak nazwy,Yersinia pestis,IPR009826|IPR052399,imex:IM-13779|pubmed:20711500
A0A2U2H0X4,Type I-F CRISPR-associated protein Csy2,Yersinia pestis,IPR013398,imex:IM-13779|pubmed:20711500
A0A3N4B749,Brak nazwy,Yersinia pestis,IPR010977|IPR002129|IPR015424|IPR015421|IPR015422,imex:IM-13779|pubmed:20711500
A0A5P8YHJ0,Ferredoxin-type protein NapF,Yersinia pestis,IPR017896|IPR017900|IPR050572|IPR004496,imex:IM-13779|pubmed:20711500
A2T1W7,Brak nazwy,Zea mays,IPR020471|IPR044498|IPR018170|IPR036812|IPR023210,imex:IM-29553|pubmed:36581701
B4F925,Superoxide dismutase,Zea mays,IPR050265|IPR001189|IPR019833|IPR019832|IPR019831|IPR036324|IPR036314,imex:IM-29553|pubmed:36581701
B4FAN8,Brak nazwy,Zea mays,IPR045218|IPR022087|IPR003903|IPR001781,imex:IM-29553|pubmed:36581701
B4FKI7,Protein BZR1 homolog,Zea mays,IPR008540|IPR033264,imex:IM-29553|pubmed:36581701
B4FRR5,Brak nazwy,Zea mays,IPR011992|IPR018247|IPR002048|IPR039647,imex:IM-29553|pubmed:36581701
B4FY28,Brak nazwy,Zea mays,IPR009606|IPR052222,imex:IM-29553|pubmed:36581701
B4G0W3,Brak nazwy,Zea mays,IPR021369|IPR006461,imex:IM-29553|pubmed:36581701
B6SRI4,Brak nazwy,Zea mays,IPR000308|IPR023409|IPR036815|IPR023410,imex:IM-29553|pubmed:36581701
B6T442,Brak nazwy,Zea mays,IPR001971|IPR036967,imex:IM-29553|pubmed:36581701
B9DGI8,Basic leucine zipper 63,Arabidopsis thaliana,IPR020983|IPR004827|IPR046347,imex:IM-30532|pubmed:38884001
C0P7L5,Brak nazwy,Zea mays,IPR001461|IPR001969|IPR033121|IPR021109|IPR033869|IPR007856|IPR008138|IPR011001|IPR008139,imex:IM-29553|pubmed:36581701
C4J434,BHLH domain-containing protein,Zea mays,IPR011598|IPR024097|IPR036638,imex:IM-29553|pubmed:36581701
C4J6V7,Brak nazwy,Zea mays,IPR040289,imex:IM-29553|pubmed:36581701
C4JB18,Brak nazwy,Zea mays,IPR001357|IPR036420|IPR019786|IPR011011|IPR001841|IPR013083|IPR017907,imex:IM-29553|pubmed:36581701
O00400,Acetyl-coenzyme A transporter 1,Homo sapiens,IPR024371|IPR004752|IPR036259,imex:IM-24272|pubmed:26496610
O00422,Histone deacetylase complex subunit SAP18,Homo sapiens,IPR017250|IPR010516|IPR042534,pubmed:17353931
O00429,Dynamin-1-like protein,Homo sapiens,IPR022812|IPR001401|IPR019762|IPR045063|IPR000375|IPR030381|IPR003130|IPR020850|IPR027417,doi:10.1016/j.cels.2017.10.010|imex:IM-26363|pubmed:29128334
O43663,Protein regulator of cytokinesis 1,Homo sapiens,IPR007145,imex:IM-25472|pubmed:32296183
O43741,5'-AMP-activated protein kinase subunit beta-2,Homo sapiens,IPR032640|IPR006828|IPR037256|IPR050827|IPR013783|IPR014756,doi:10.1016/j.celrep.2020.108050|imex:IM-28217|pubmed:32814053
O60469,Cell adhesion molecule DSCAM,Homo sapiens,IPR056754|IPR003961|IPR036116|IPR007110|IPR036179|IPR013783|IPR013098|IPR003599|IPR003598|IPR013106,imex:IM-27626|pubmed:35914814
O68779,Mutator family transposase,Yersinia pestis,IPR001207,imex:IM-13779|pubmed:20711500
O75152,Zinc finger CCCH domain-containing protein 11A,Homo sapiens,IPR041686|IPR000571,imex:IM-30059|pubmed:39251607
O83048,Beta sliding clamp,Treponema pallidum (strain DSM 117211 / Nichols),IPR046938|IPR001001|IPR022635|IPR022637|IPR022634,doi:10.1371/journal.pone.0002292|imex:IM-9152|pubmed:18509523
O83487,Probable transcriptional regulatory protein TP_0474,Treponema pallidum (strain DSM 117211 / Nichols),IPR017856|IPR048300|IPR049083|IPR002876|IPR026564|IPR029072,doi:10.1371/journal.pone.0002292|imex:IM-9152|pubmed:18509523
O83921,Uncharacterized protein TP_0955,Treponema pallidum (strain DSM 117211 / Nichols),Brak InterPro kodów dla tego białka.,doi:10.1371/journal.pone.0002292|imex:IM-9152|pubmed:18509523
O83927,Brak nazwy,Treponema pallidum (strain DSM 117211 / Nichols),IPR001444|IPR020013|IPR010930|IPR037925|IPR012836|IPR053967,doi:10.1371/journal.pone.0002292|imex:IM-9152|pubmed:18509523
O95789-4,Isoform 4 of Zinc finger MYM-type protein 6,Homo sapiens,Brak InterPro kodów dla tego białka.,doi:10.1016/j.celrep.2020.108050|imex:IM-28217|pubmed:32814053
O97121,cystathionine gamma-lyase,Drosophila melanogaster,IPR000277|IPR015424|IPR015421|IPR015422,imex:IM-9552|pubmed:19079254
P00441,Superoxide dismutase [Cu-Zn],Homo sapiens,IPR036423|IPR024134|IPR018152|IPR001424,doi:10.1016/j.cels.2017.10.010|imex:IM-26363|pubmed:29128334
P00546,Cyclin-dependent kinase 1,Saccharomyces cerevisiae (strain ATCC 204508 / S288c),IPR050108|IPR011009|IPR000719|IPR017441|IPR008271,pubmed:16429126
P00549,Pyruvate kinase 1,Saccharomyces cerevisiae (strain ATCC 204508 / S288c),IPR001697|IPR015813|IPR040442|IPR011037|IPR018209|IPR015793|IPR015795|IPR036918|IPR015806,pubmed:16429126
P00582,DNA polymerase I,Escherichia coli (strain K12),IPR002562|IPR020046|IPR002421|IPR036279|IPR019760|IPR001098|IPR043502|IPR020045|IPR018320|IPR002298|IPR008918|IPR029060|IPR012337|IPR036397,doi:10.1038/nature03239|imex:IM-21967|mint:MINT-5217509|pubmed:15690043
P00815,Histidine biosynthesis trifunctional protein,Saccharomyces cerevisiae (strain ATCC 204508 / S288c),IPR016161|IPR008179|IPR016298|IPR001692|IPR012131|IPR021130|IPR002496|IPR038019,pubmed:16429126
P00899,Anthranilate synthase component 1,Saccharomyces cerevisiae (strain ATCC 204508 / S288c),IPR005801|IPR019999|IPR006805|IPR005256|IPR015890,pubmed:16429126
P00937,Multifunctional tryptophan biosynthesis protein,Saccharomyces cerevisiae (strain ATCC 204508 / S288c),IPR013785|IPR050472|IPR029062|IPR017926|IPR013798|IPR001468|IPR011060|IPR006221,pubmed:16429126
P00950,Phosphoglycerate mutase 1,Saccharomyces cerevisiae (strain ATCC 204508 / S288c),IPR013078|IPR029033|IPR001345|IPR005952,pubmed:16429126
P00960,Glycine--tRNA ligase alpha subunit,Escherichia coli (strain K12),IPR045864|IPR006194|IPR002310,doi:10.1038/nature03239|imex:IM-21967|mint:MINT-5217509|pubmed:15690043
P01106,Myc proto-oncogene protein,Homo sapiens,IPR011598|IPR036638|IPR003327|IPR050433|IPR002418|IPR012682,imex:IM-30532|pubmed:38884001
P02309,Histone H4,Saccharomyces cerevisiae (strain ATCC 204508 / S288c),IPR035425|IPR009072|IPR001951|IPR019809,pubmed:16429126
P02795,Metallothionein-2,Homo sapiens,IPR017854|IPR023587|IPR000006|IPR018064,doi:10.1016/j.celrep.2020.108050|imex:IM-28217|pubmed:32814053
P02829,ATP-dependent molecular chaperone HSP82,Saccharomyces cerevisiae (strain ATCC 204508 / S288c),IPR036890|IPR003594|IPR019805|IPR037196|IPR001404|IPR020575|IPR020568,pubmed:19536198
P04050,DNA-directed RNA polymerase II subunit RPB1,Saccharomyces cerevisiae (strain ATCC 204508 / S288c),IPR045867|IPR000722|IPR000684|IPR006592|IPR007080|IPR007066|IPR042102|IPR007083|IPR007081|IPR007075|IPR007073|IPR038593|IPR044893|IPR038120,pubmed:16429126
P04626,Receptor tyrosine-protein kinase erbB-2,Homo sapiens,IPR006211|IPR006212|IPR032778|IPR009030|IPR011009|IPR000719|IPR017441|IPR000494|IPR036941|IPR050122|IPR001245|IPR049328|IPR008266|IPR020635|IPR016245,imex:IM-30532|pubmed:38884001
P05055,Polyribonucleotide nucleotidyltransferase,Escherichia coli (strain K12),IPR001247|IPR015847|IPR036345|IPR004087|IPR004088|IPR036612|IPR012340|IPR012162|IPR027408|IPR015848|IPR036456|IPR020568|IPR003029,doi:10.1038/nature03239|imex:IM-21967|mint:MINT-5217509|pubmed:15690043
P05067,Amyloid-beta precursor protein,Homo sapiens,IPR036669|IPR008155|IPR013803|IPR037071|IPR011178|IPR024329|IPR008154|IPR015849|IPR036454|IPR019745|IPR019543|IPR019744|IPR036176|IPR002223|IPR036880|IPR011993|IPR020901,doi:10.1016/j.celrep.2020.108050|imex:IM-28217|pubmed:32814053
P05453,Eukaryotic peptide chain release factor GTP-binding subunit,Saccharomyces cerevisiae (strain ATCC 204508 / S288c),IPR004161|IPR031157|IPR054696|IPR027417|IPR003285|IPR000795|IPR050100|IPR009000|IPR009001,imex:IM-29638|pubmed:37070168
P06102,General negative regulator of transcription subunit 3,Saccharomyces cerevisiae (strain ATCC 204508 / S288c),IPR038635|IPR012270|IPR040168|IPR007282|IPR007207,pubmed:16429126
P06239,Tyrosine-protein kinase Lck,Homo sapiens,IPR011009|IPR035850|IPR035749|IPR050198|IPR000719|IPR017441|IPR001245|IPR000980|IPR036860|IPR036028|IPR001452|IPR008266|IPR020635,imex:IM-26434|pubmed:31980649
P06241,Tyrosine-protein kinase Fyn,Homo sapiens,IPR047924|IPR035750|IPR011009|IPR050198|IPR000719|IPR017441|IPR001245|IPR000980|IPR036860|IPR036028|IPR001452|IPR008266|IPR020635,imex:IM-26434|pubmed:31980649
P06993,HTH-type transcriptional regulator MalT,Escherichia coli (strain K12),IPR027417|IPR016032|IPR011990|IPR041617|IPR023768|IPR000792|IPR036388|IPR059106,doi:10.1038/nature03239|imex:IM-21967|mint:MINT-5217509|pubmed:15690043
P07149,Fatty acid synthase subunit beta,Saccharomyces cerevisiae (strain ATCC 204508 / S288c),IPR001227|IPR014043|IPR016035|IPR013785|IPR039569|IPR016452|IPR013565|IPR041099|IPR040883|IPR003965|IPR050830|IPR029069|IPR002539|IPR032088,pubmed:16429126
P07259,Multifunctional protein URA2,Saccharomyces cerevisiae (strain ATCC 204508 / S288c),IPR006132|IPR006130|IPR036901|IPR002082|IPR006131|IPR011761|IPR013815|IPR036897|IPR006274|IPR002474|IPR036480|IPR029062|IPR005479|IPR005483|IPR035686|IPR006275|IPR005480|IPR058047|IPR017926|IPR032466|IPR011607|IPR036914|IPR016185,pubmed:16429126
P07262,NADP-specific glutamate dehydrogenase 1,Saccharomyces cerevisiae (strain ATCC 204508 / S288c),IPR046346|IPR006095|IPR006096|IPR006097|IPR033524|IPR014362|IPR050724|IPR036291|IPR033922,pubmed:16429126
P07342,Acetolactate synthase catalytic subunit, mitochondrial,Saccharomyces cerevisiae (strain ATCC 204508 / S288c),IPR012846|IPR039368|IPR029035|IPR029061|IPR012000|IPR012001|IPR000399|IPR045229|IPR011766,pubmed:16429126
P07363,Chemotaxis protein CheA,Escherichia coli (strain K12),IPR051315|IPR004105|IPR037006|IPR036061|IPR002545|IPR015162|IPR035891|IPR036890|IPR003594|IPR005467|IPR036097|IPR036641|IPR004358|IPR008207,imex:IM-2994|pubmed:19834901
P08195-4
P08518,DNA-directed RNA polymerase II subunit RPB2,Saccharomyces cerevisiae (strain ATCC 204508 / S288c),IPR015712|IPR007120|IPR037033|IPR007121|IPR007644|IPR007642|IPR037034|IPR007645|IPR007646|IPR007647|IPR007641|IPR014724,pubmed:16429126
P08566,Pentafunctional AROM polypeptide,Saccharomyces cerevisiae (strain ATCC 204508 / S288c),IPR018508|IPR013785|IPR046346|IPR016037|IPR030960|IPR056179|IPR001381|IPR001986|IPR036968|IPR006264|IPR023193|IPR036291|IPR027417|IPR008289|IPR013792|IPR041121|IPR031322|IPR013708|IPR010110|IPR000623|IPR023000|IPR006151,pubmed:16429126
P08622,Chaperone protein DnaJ,Escherichia coli (strain K12),IPR012724|IPR002939|IPR001623|IPR018253|IPR008971|IPR001305|IPR036410|IPR036869,doi:10.1038/nature03239|imex:IM-21967|mint:MINT-5217509|pubmed:15690043
P08761,Peptide methionine sulfoxide reductase,Drosophila melanogaster,IPR002569|IPR036509,imex:IM-9552|pubmed:19079254
P09372,Protein GrpE,Escherichia coli (strain K12),IPR000740|IPR013805|IPR009012,doi:10.1038/nature03239|imex:IM-21967|mint:MINT-5217509|pubmed:15690043
P09435,Heat shock protein SSA3,Saccharomyces cerevisiae (strain ATCC 204508 / S288c),IPR043129|IPR018181|IPR029048|IPR029047|IPR013126,pubmed:19536198
P09622,Dihydrolipoyl dehydrogenase, mitochondrial,Homo sapiens,IPR050151|IPR036188|IPR023753|IPR016156|IPR006258|IPR001100|IPR004099|IPR012999,doi:10.1016/j.cels.2017.10.010|imex:IM-26363|pubmed:29128334
P09733,Tubulin alpha-1 chain,Saccharomyces cerevisiae (strain ATCC 204508 / S288c),IPR002452|IPR008280|IPR000217|IPR037103|IPR018316|IPR036525|IPR023123|IPR017975|IPR003008,pubmed:16429126
P09734,Tubulin alpha-3 chain,Saccharomyces cerevisiae (strain ATCC 204508 / S288c),IPR002452|IPR008280|IPR000217|IPR037103|IPR018316|IPR036525|IPR023123|IPR017975|IPR003008,pubmed:16429126
P0A6F5,Chaperonin GroEL,Escherichia coli (strain K12),IPR018370|IPR001844|IPR002423|IPR027409|IPR027413|IPR027410,pubmed:16606699
P0A6G7,ATP-dependent Clp protease proteolytic subunit,Escherichia coli (strain K12),IPR001907|IPR029045|IPR023562|IPR033135|IPR018215,doi:10.1038/nature03239|imex:IM-21967|mint:MINT-5217509|pubmed:15690043
P0A6H1,ATP-dependent Clp protease ATP-binding subunit ClpX,Escherichia coli (strain K12),IPR003593|IPR050052|IPR003959|IPR019489|IPR004487|IPR046425|IPR027417|IPR059188|IPR010603|IPR038366,doi:10.1038/nature03239|imex:IM-21967|mint:MINT-5217509|pubmed:15690043
P0A6H5,ATP-dependent protease ATPase subunit HslU,Escherichia coli (strain K12),IPR003593|IPR050052|IPR003959|IPR019489|IPR004491|IPR027417,doi:10.1038/nature03239|imex:IM-21967|mint:MINT-5217509|pubmed:15690043
P0A6Q3,3-hydroxydecanoyl-[acyl-carrier-protein] dehydratase,Escherichia coli (strain K12),IPR010083|IPR013114|IPR029069,doi:10.1038/nature03239|imex:IM-21967|mint:MINT-5217509|pubmed:15690043
P0A6Y8,Chaperone protein DnaK,Escherichia coli (strain K12),IPR043129|IPR012725|IPR018181|IPR029048|IPR029047|IPR013126,doi:10.1038/nature03239|imex:IM-21967|mint:MINT-5217509|pubmed:15690043
P0A715,2-dehydro-3-deoxyphosphooctonate aldolase,Escherichia coli (strain K12),IPR013785|IPR006218|IPR006269,doi:10.1038/nature03239|imex:IM-21967|mint:MINT-5217509|pubmed:15690043
P0A717,Ribose-phosphate pyrophosphokinase,Escherichia coli (strain K12),IPR000842|IPR029099|IPR029057|IPR000836|IPR005946|IPR037515,pubmed:16606699
P0A7G6,Protein RecA,Escherichia coli (strain K12),IPR003593|IPR013765|IPR020584|IPR027417|IPR049261|IPR049428|IPR020588|IPR023400|IPR020587,doi:10.1038/nature03239|imex:IM-21967|mint:MINT-5217509|pubmed:15690043
P0A850,Trigger factor,Escherichia coli (strain K12),IPR046357|IPR001179|IPR005215|IPR008880|IPR037041|IPR008881|IPR036611|IPR027304,imex:IM-2994|pubmed:19834901
P0A9X4,Cell shape-determining protein MreB,Escherichia coli (strain K12),IPR043129|IPR004753|IPR056546,doi:10.1038/nature03239|imex:IM-21967|mint:MINT-5217509|pubmed:15690043
P0AAH0,Phosphate import ATP-binding protein PstB,Escherichia coli (strain K12),IPR003593|IPR003439|IPR017871|IPR027417|IPR005670,doi:10.1038/nature03239|imex:IM-21967|mint:MINT-5217509|pubmed:15690043
P0AAJ3,Formate dehydrogenase, nitrate-inducible, iron-sulfur subunit,Escherichia coli (strain K12),IPR017896|IPR017900|IPR051555|IPR006470|IPR038384|IPR014603|IPR015246,pubmed:16606699
P0ABY2,Flagellar protein FliT,Escherichia coli (strain K12),IPR008622,imex:IM-2994|pubmed:19834901
P0AES4,DNA gyrase subunit A,Escherichia coli (strain K12),IPR005743|IPR006691|IPR035516|IPR013760|IPR013758|IPR013757|IPR002205|IPR050220,doi:10.1038/nature03239|imex:IM-21967|mint:MINT-5217509|pubmed:15690043
P0AES6,DNA gyrase subunit B,Escherichia coli (strain K12),IPR002288|IPR011557|IPR049353|IPR041423|IPR036890|IPR003594|IPR020568|IPR014721|IPR001241|IPR013760|IPR000565|IPR013759|IPR013506|IPR018522|IPR006171|IPR034160,doi:10.1038/nature03239|imex:IM-21967|mint:MINT-5217509|pubmed:15690043
P0AGD7,Signal recognition particle protein,Escherichia coli (strain K12),IPR003593|IPR027417|IPR036891|IPR013822|IPR004125|IPR004780|IPR022941|IPR000897|IPR042101,doi:10.1038/nature03239|imex:IM-21967|mint:MINT-5217509|pubmed:15690043
P0C054,Small heat shock protein IbpA,Escherichia coli (strain K12),IPR002068|IPR037913|IPR008978|IPR023728,doi:10.1038/nature03239|imex:IM-21967|mint:MINT-5217509|pubmed:15690043
P0CE47,Elongation factor Tu 1,Escherichia coli (strain K12),IPR041709|IPR050055|IPR004161|IPR033720|IPR031157|IPR027417|IPR005225|IPR000795|IPR009000|IPR009001|IPR004541|IPR004160,doi:10.1038/nature03239|imex:IM-21967|mint:MINT-5217509|pubmed:15690043
P0CE48,Elongation factor Tu 2,Escherichia coli (strain K12),IPR041709|IPR050055|IPR004161|IPR033720|IPR031157|IPR027417|IPR005225|IPR000795|IPR009000|IPR009001|IPR004541|IPR004160,doi:10.1038/nature03239|imex:IM-21967|mint:MINT-5217509|pubmed:15690043
P0DOF2,Matrix protein,Rabies virus (strain ERA),IPR006870|IPR038617,imex:IM-27674|pubmed:33208464
P10242,Transcriptional activator Myb,Homo sapiens,IPR015395|IPR009057|IPR017930|IPR050560|IPR001005|IPR012642,imex:IM-30532|pubmed:38884001
P10408,Protein translocase subunit SecA,Escherichia coli (strain K12),IPR014001|IPR001650|IPR027417|IPR004027|IPR000185|IPR020937|IPR011115|IPR014018|IPR011130|IPR044722|IPR011116|IPR036266|IPR036670,doi:10.1038/nature03239|imex:IM-21967|mint:MINT-5217509|pubmed:15690043
P10591,Heat shock protein SSA1,Saccharomyces cerevisiae (strain ATCC 204508 / S288c),IPR043129|IPR018181|IPR029048|IPR029047|IPR013126,imex:IM-18714|pubmed:19536198|pubmed:23217712
P10592,Heat shock protein SSA2,Saccharomyces cerevisiae (strain ATCC 204508 / S288c),IPR043129|IPR018181|IPR029048|IPR029047|IPR013126,pubmed:16429126|pubmed:19536198
P10636-8,Isoform Tau-F of Microtubule-associated protein tau,Homo sapiens,Brak InterPro kodów dla tego białka.,imex:IM-29773|pubmed:35063084
P11075,ADP-ribosylation factor guanine nucleotide-exchange factor SEC7,Saccharomyces cerevisiae (strain ATCC 204508 / S288c),IPR016024|IPR032629|IPR015403|IPR032691|IPR046455|IPR023394|IPR000904|IPR035999,pubmed:16429126
P11484,Ribosome-associated molecular chaperone SSB1,Saccharomyces cerevisiae (strain ATCC 204508 / S288c),IPR043129|IPR018181|IPR029048|IPR029047|IPR013126,pubmed:16429126|pubmed:19536198
P12023,Amyloid-beta precursor protein,Mus musculus,IPR036669|IPR008155|IPR013803|IPR011178|IPR024329|IPR008154|IPR015849|IPR036454|IPR019745|IPR019543|IPR019744|IPR036176|IPR002223|IPR036880|IPR011993|IPR020901,imex:IM-19287|pubmed:17934213
P12683,3-hydroxy-3-methylglutaryl-coenzyme A reductase 1,Saccharomyces cerevisiae (strain ATCC 204508 / S288c),IPR025583|IPR002202|IPR023074|IPR023076|IPR004554|IPR023282|IPR009023|IPR009029|IPR053958|IPR000731,pubmed:16429126
P13569,Cystic fibrosis transmembrane conductance regulator,Homo sapiens,IPR003593|IPR011527|IPR036640|IPR003439|IPR017871|IPR050173|IPR009147|IPR047082|IPR025837|IPR027417,imex:IM-27204|imex:IM-29540|pubmed:29924966|pubmed:36012204
P14742,Glutamine--fructose-6-phosphate aminotransferase [isomerizing],Saccharomyces cerevisiae (strain ATCC 204508 / S288c),IPR017932|IPR047084|IPR035466|IPR035490|IPR029055|IPR001347|IPR046348,pubmed:16429126
P15108,ATP-dependent molecular chaperone HSC82,Saccharomyces cerevisiae (strain ATCC 204508 / S288c),IPR036890|IPR003594|IPR019805|IPR037196|IPR001404|IPR020575|IPR020568,pubmed:16429126|pubmed:19536198
P15336,Cyclic AMP-dependent transcription factor ATF-2,Homo sapiens,IPR004827|IPR046347|IPR051027|IPR016378|IPR036236|IPR013087,imex:IM-30532|pubmed:38884001
P15976-2,Isoform 2 of Erythroid transcription factor,Homo sapiens,Brak InterPro kodów dla tego białka.,doi:10.1016/j.celrep.2020.108050|imex:IM-28217|pubmed:32814053
P16140,V-type proton ATPase subunit B,Saccharomyces cerevisiae (strain ATCC 204508 / S288c),IPR055190|IPR020003|IPR004100|IPR000194|IPR005723|IPR027417|IPR022879,pubmed:16429126
P16220,Cyclic AMP-responsive element-binding protein 1,Homo sapiens,IPR004827|IPR046347|IPR003102|IPR001630,imex:IM-30532|pubmed:38884001
P16550,Protein APA1,Saccharomyces cerevisiae (strain ATCC 204508 / S288c),IPR009163|IPR043171|IPR045759|IPR019200|IPR036265,pubmed:16429126
P16690,Ribose 1,5-bisphosphate phosphokinase PhnN,Escherichia coli (strain K12),IPR008145|IPR027417|IPR012699,pubmed:16606699
P16861,ATP-dependent 6-phosphofructokinase subunit alpha,Saccharomyces cerevisiae (strain ATCC 204508 / S288c),IPR009161|IPR022953|IPR040712|IPR015912|IPR000023|IPR035966,pubmed:16429126
P16862,ATP-dependent 6-phosphofructokinase subunit beta,Saccharomyces cerevisiae (strain ATCC 204508 / S288c),IPR009161|IPR022953|IPR029068|IPR015912|IPR000023|IPR035966,pubmed:16429126
P18239,ADP/ATP translocase 2,Saccharomyces cerevisiae (strain ATCC 204508 / S288c),IPR002113|IPR002067|IPR023395|IPR018108,pubmed:16429126
P18414,ER lumen protein-retaining receptor,Saccharomyces cerevisiae (strain ATCC 204508 / S288c),IPR000133,pubmed:16429126
P18843,NH(3)-dependent NAD(+) synthetase,Escherichia coli (strain K12),IPR022310|IPR003694|IPR022926|IPR014729,pubmed:16606699
P18846,Cyclic AMP-dependent transcription factor ATF-1,Homo sapiens,IPR004827|IPR046347|IPR003102|IPR001630,imex:IM-30532|pubmed:38884001
P19262,Dihydrolipoyllysine-residue succinyltransferase component of 2-oxoglutarate dehydrogenase complex, mitochondrial,Saccharomyces cerevisiae (strain ATCC 204508 / S288c),IPR003016|IPR050537|IPR001078|IPR000089|IPR023213|IPR011053|IPR006255,pubmed:16429126
P19414,Aconitate hydratase, mitochondrial,Saccharomyces cerevisiae (strain ATCC 204508 / S288c),IPR015931|IPR001030|IPR015928|IPR050926|IPR018136|IPR036008|IPR015932|IPR006248|IPR000573,pubmed:16429126
P19524,Myosin-2,Saccharomyces cerevisiae (strain ATCC 204508 / S288c),IPR002710|IPR046943|IPR000048|IPR036961|IPR001609|IPR036103|IPR027417|IPR004009,pubmed:16429126
P22138,DNA-directed RNA polymerase I subunit RPA135,Saccharomyces cerevisiae (strain ATCC 204508 / S288c),IPR015712|IPR007120|IPR037033|IPR007121|IPR007644|IPR007642|IPR037034|IPR007645|IPR007641|IPR014724|IPR009674,pubmed:16429126
P22211,Nitrogen permease reactivator protein,Saccharomyces cerevisiae (strain ATCC 204508 / S288c),IPR011009|IPR000719|IPR017441|IPR008271,pubmed:16429126
P25491,Mitochondrial protein import protein MAS5,Saccharomyces cerevisiae (strain ATCC 204508 / S288c),IPR012724|IPR002939|IPR001623|IPR018253|IPR044713|IPR008971|IPR001305|IPR036410|IPR036869,pubmed:19536198
P27824,Calnexin,Homo sapiens,IPR001580|IPR018124|IPR009033|IPR013320,imex:IM-26301|pubmed:29568061
P28274,CTP synthase 1,Saccharomyces cerevisiae (strain ATCC 204508 / S288c),IPR029062|IPR004468|IPR017456|IPR017926|IPR033828|IPR027417,pubmed:16429126
P28496,Ceramide synthase LAC1,Saccharomyces cerevisiae (strain ATCC 204508 / S288c),IPR016439|IPR006634,pubmed:16429126
P28915,Uncharacterized protein YbfC,Escherichia coli (strain K12),Brak InterPro kodów dla tego białka.,pubmed:16606699
P30086,Phosphatidylethanolamine-binding protein 1,Homo sapiens,IPR008914|IPR036610|IPR035810|IPR001858,imex:IM-26434|pubmed:31980649
P30822,Exportin-1,Saccharomyces cerevisiae (strain ATCC 204508 / S288c),IPR011989|IPR016024|IPR041123|IPR041235|IPR013598|IPR001494|IPR045065|IPR014877|IPR040485,pubmed:16429126
P31040,Succinate dehydrogenase [ubiquinone] flavoprotein subunit, mitochondrial,Homo sapiens,IPR003953|IPR036188|IPR003952|IPR037099|IPR015939|IPR030664|IPR027477|IPR011281|IPR014006,doi:10.1016/j.cels.2017.10.010|imex:IM-26363|pubmed:29128334
P32324,Elongation factor 2,Saccharomyces cerevisiae (strain ATCC 204508 / S288c),IPR041095|IPR035647|IPR000640|IPR004161|IPR031157|IPR027417|IPR020568|IPR014721|IPR005225|IPR000795|IPR009000|IPR005517,pubmed:16429126
P32340,Rotenone-insensitive NADH-ubiquinone oxidoreductase, mitochondrial,Saccharomyces cerevisiae (strain ATCC 204508 / S288c),IPR036188|IPR023753|IPR045024|IPR054585,pubmed:16429126
P32454,Aminopeptidase 2, mitochondrial,Saccharomyces cerevisiae (strain ATCC 204508 / S288c),IPR045357|IPR042097|IPR024571|IPR034016|IPR001930|IPR050344|IPR014782|IPR027268,pubmed:16429126
P32496,26S proteasome regulatory subunit RPN12,Saccharomyces cerevisiae (strain ATCC 204508 / S288c),IPR006746|IPR033464|IPR000717,pubmed:16429126
P32499,Nucleoporin NUP2,Saccharomyces cerevisiae (strain ATCC 204508 / S288c),IPR053074|IPR015007|IPR011993|IPR000156,pubmed:16429126
P32565,26S proteasome regulatory subunit RPN2,Saccharomyces cerevisiae (strain ATCC 204508 / S288c),IPR016642|IPR011989|IPR016024|IPR002015|IPR048570|IPR040623,pubmed:16429126
P32589,Heat shock protein homolog SSE1,Saccharomyces cerevisiae (strain ATCC 204508 / S288c),IPR043129|IPR018181|IPR029048|IPR029047|IPR013126,pubmed:16429126|pubmed:19536198
P32590,Heat shock protein homolog SSE2,Saccharomyces cerevisiae (strain ATCC 204508 / S288c),IPR043129|IPR018181|IPR029048|IPR029047|IPR013126,pubmed:19536198
P32598,Serine/threonine-protein phosphatase PP1-2,Saccharomyces cerevisiae (strain ATCC 204508 / S288c),IPR004843|IPR029052|IPR050341|IPR006186|IPR031675,imex:IM-29638|pubmed:37070168
P32799,Cytochrome c oxidase subunit 13, mitochondrial,Saccharomyces cerevisiae (strain ATCC 204508 / S288c),IPR001349|IPR018507|IPR036418,pubmed:16429126
P32905,Small ribosomal subunit protein uS2A,Saccharomyces cerevisiae (strain ATCC 204508 / S288c),IPR001865|IPR018130|IPR027498|IPR005707|IPR023591,pubmed:16429126
P33135,Flagellar biosynthetic protein FliR,Escherichia coli (strain K12),IPR006303|IPR002010,imex:IM-2994|pubmed:19834901
P33416,Heat shock protein 78, mitochondrial,Saccharomyces cerevisiae (strain ATCC 204508 / S288c),IPR003593|IPR003959|IPR019489|IPR001270|IPR018368|IPR028299|IPR041546|IPR050130|IPR027417,pubmed:19536198
P33441,THO complex subunit MFT1,Saccharomyces cerevisiae (strain ATCC 204508 / S288c),IPR008501,pubmed:16429126
P33892,eIF-2-alpha kinase activator GCN1,Saccharomyces cerevisiae (strain ATCC 204508 / S288c),IPR011989|IPR016024|IPR022716|IPR056810|IPR057546|IPR060078|IPR056809|IPR021133|IPR034085,pubmed:16429126
P34087,DNA-directed RNA polymerase II subunit RPB7,Saccharomyces cerevisiae (strain ATCC 204508 / S288c),IPR012340|IPR036898|IPR045113|IPR005576|IPR003029,imex:IM-29638|pubmed:37070168
P34932,Heat shock 70 kDa protein 4,Homo sapiens,IPR043129|IPR018181|IPR029048|IPR029047|IPR013126|IPR042052,doi:10.1016/j.cell.2021.04.011|imex:IM-29278|pubmed:33961781
P35191,DnaJ homolog 1, mitochondrial,Saccharomyces cerevisiae (strain ATCC 204508 / S288c),IPR012724|IPR002939|IPR001623|IPR018253|IPR008971|IPR001305|IPR036410|IPR036869,pubmed:16429126
P36013,NAD-dependent malic enzyme, mitochondrial,Saccharomyces cerevisiae (strain ATCC 204508 / S288c),IPR046346|IPR015884|IPR012301|IPR037062|IPR012302|IPR001891|IPR036291,pubmed:16429126
P36659,Curved DNA-binding protein,Escherichia coli (strain K12),IPR023859|IPR002939|IPR001623|IPR018253|IPR008971|IPR036869,doi:10.1038/nature03239|imex:IM-21967|mint:MINT-5217509|pubmed:15690043
P36775,Lon protease homolog, mitochondrial,Saccharomyces cerevisiae (strain ATCC 204508 / S288c),IPR003593|IPR003959|IPR004815|IPR054594|IPR008269|IPR027065|IPR003111|IPR046336|IPR027503|IPR027417|IPR008268|IPR015947|IPR020568|IPR014721,pubmed:16429126
P36979,Dual-specificity RNA methyltransferase RlmN,Escherichia coli (strain K12),IPR013785|IPR040072|IPR048641|IPR027492|IPR004383|IPR007197|IPR058240,doi:10.1038/nature03239|imex:IM-21967|mint:MINT-5217509|pubmed:15690043
P37898,Alanine/arginine aminopeptidase,Saccharomyces cerevisiae (strain ATCC 204508 / S288c),IPR045357|IPR042097|IPR024571|IPR034016|IPR001930|IPR050344|IPR014782|IPR027268,pubmed:16429126
P38011,Small ribosomal subunit protein RACK1,Saccharomyces cerevisiae (strain ATCC 204508 / S288c),IPR045223|IPR015943|IPR020472|IPR019775|IPR036322|IPR001680,pubmed:16429126
P38333,Essential nuclear protein 1,Saccharomyces cerevisiae (strain ATCC 204508 / S288c),IPR007955,pubmed:16429126
P38707,Asparagine--tRNA ligase, cytoplasmic,Saccharomyces cerevisiae (strain ATCC 204508 / S288c),IPR004364|IPR006195|IPR045864|IPR004522|IPR048952|IPR002312|IPR012340|IPR004365,pubmed:16429126
P38708,Putative proline--tRNA ligase YHR020W,Saccharomyces cerevisiae (strain ATCC 204508 / S288c),IPR002314|IPR006195|IPR045864|IPR004154|IPR036621|IPR002316|IPR004499|IPR016061|IPR017449|IPR033721|IPR036754,pubmed:16429126
P38719,ATP-dependent RNA helicase DBP8,Saccharomyces cerevisiae (strain ATCC 204508 / S288c),IPR011545|IPR050079|IPR014001|IPR001650|IPR027417|IPR014014,pubmed:16429126
P38720,6-phosphogluconate dehydrogenase, decarboxylating 1,Saccharomyces cerevisiae (strain ATCC 204508 / S288c),IPR008927|IPR013328|IPR006114|IPR006113|IPR006115|IPR006184|IPR036291|IPR006183,pubmed:16284124
P38737,Proteasome component ECM29,Saccharomyces cerevisiae (strain ATCC 204508 / S288c),IPR011989|IPR016024|IPR024372|IPR055443,pubmed:16429126
P38764,26S proteasome regulatory subunit RPN1,Saccharomyces cerevisiae (strain ATCC 204508 / S288c),IPR016643|IPR011989|IPR016024|IPR002015|IPR041433|IPR040892,pubmed:16429126
P38788,Ribosome-associated complex subunit SSZ1,Saccharomyces cerevisiae (strain ATCC 204508 / S288c),IPR043129|IPR029047|IPR013126,pubmed:19536198
P38798,Nonsense-mediated mRNA decay protein 2,Saccharomyces cerevisiae (strain ATCC 204508 / S288c),IPR016024|IPR003890|IPR039762|IPR007193,imex:IM-29638|pubmed:37070168
P39077,T-complex protein 1 subunit gamma,Saccharomyces cerevisiae (strain ATCC 204508 / S288c),IPR012719|IPR017998|IPR002194|IPR002423|IPR027409|IPR027413|IPR027410|IPR053374|IPR054827,pubmed:19536198
P39078,T-complex protein 1 subunit delta,Saccharomyces cerevisiae (strain ATCC 204508 / S288c),IPR012717|IPR017998|IPR002194|IPR002423|IPR027409|IPR027413|IPR027410|IPR053374|IPR054827,pubmed:19536198
P39099,Periplasmic pH-dependent serine endoprotease DegQ,Escherichia coli (strain K12),IPR001478|IPR036034|IPR011782|IPR009003|IPR001940,pubmed:16606699
P39987,Heat shock protein SSC3, mitochondrial,Saccharomyces cerevisiae (strain ATCC 204508 / S288c),IPR043129|IPR012725|IPR018181|IPR029048|IPR029047|IPR013126,pubmed:19536198
P40035,Mitochondrial phosphate carrier protein 2,Saccharomyces cerevisiae (strain ATCC 204508 / S288c),IPR023395|IPR018108|IPR044677,pubmed:16429126
P40150,Ribosome-associated molecular chaperone SSB2,Saccharomyces cerevisiae (strain ATCC 204508 / S288c),IPR043129|IPR018181|IPR029048|IPR029047|IPR013126,pubmed:19536198
P40565,U2 snRNP component IST3,Saccharomyces cerevisiae (strain ATCC 204508 / S288c),IPR012677|IPR035979|IPR051847|IPR000504|IPR045844,imex:IM-29638|pubmed:37070168
P40763,Signal transducer and activator of transcription 3,Homo sapiens,IPR008967|IPR000980|IPR036860|IPR001217|IPR035855|IPR048988|IPR036535|IPR013800|IPR015988|IPR013801|IPR012345|IPR013799,imex:IM-30532|pubmed:38884001
P40970,Serine palmitoyltransferase 2,Saccharomyces cerevisiae (strain ATCC 204508 / S288c),IPR001917|IPR004839|IPR050087|IPR015424|IPR015421|IPR015422,pubmed:16429126
P41258,Lysine--tRNA ligase,Campylobacter jejuni subsp. jejuni serotype O:2 (strain ATCC 700819 / NCTC 11168),IPR004364|IPR006195|IPR045864|IPR002313|IPR044136|IPR018149|IPR012340|IPR004365,pubmed:17615063
P41805,Large ribosomal subunit protein uL16,Saccharomyces cerevisiae (strain ATCC 204508 / S288c),IPR047873|IPR018255|IPR016180|IPR001197|IPR036920,pubmed:16429126
P41940,Mannose-1-phosphate guanyltransferase,Saccharomyces cerevisiae (strain ATCC 204508 / S288c),IPR056729|IPR045233|IPR018357|IPR050486|IPR005835|IPR029044,pubmed:16429126
P42208,Septin-2,Mus musculus,IPR030379|IPR027417|IPR016491|IPR008113,imex:IM-24272|pubmed:26496610
P42331-3,Isoform 3 of Rho GTPase-activating protein 25,Homo sapiens,Brak InterPro kodów dla tego białka.,imex:IM-26436|pubmed:32203420
P42858,Huntingtin,Homo sapiens,IPR011989|IPR016024|IPR048412|IPR048413|IPR048411|IPR000091|IPR028426|IPR024613,doi:10.1016/j.celrep.2020.108050|imex:IM-28217|pubmed:32814053
P43621,Coatomer subunit delta,Saccharomyces cerevisiae (strain ATCC 204508 / S288c),IPR036168|IPR022775|IPR027059|IPR011012|IPR028565,pubmed:16429126
P45685,Protein tpl,Treponema pallidum (strain DSM 117211 / Nichols),IPR047767|IPR060474|IPR007557,doi:10.1371/journal.pone.0002292|imex:IM-9152|pubmed:18509523
P46654,Small ribosomal subunit protein uS2B,Saccharomyces cerevisiae (strain ATCC 204508 / S288c),IPR001865|IPR018130|IPR027498|IPR005707|IPR023591,pubmed:16429126
P47079,T-complex protein 1 subunit theta,Saccharomyces cerevisiae (strain ATCC 204508 / S288c),IPR012721|IPR017998|IPR002194|IPR002423|IPR027409|IPR027413|IPR027410,pubmed:19536198
P47122,GPN-loop GTPase 1,Saccharomyces cerevisiae (strain ATCC 204508 / S288c),IPR004130|IPR030230|IPR027417,pubmed:16429126
P47897,Glutamine--tRNA ligase,Homo sapiens,IPR001412|IPR004514|IPR007638|IPR007639|IPR042558|IPR042559|IPR050132|IPR000924|IPR020058|IPR020059|IPR020056|IPR011035|IPR014729|IPR049437,imex:IM-13779|pubmed:20711500
P49715,CCAAT/enhancer-binding protein alpha,Homo sapiens,IPR004827|IPR046347|IPR031106|IPR016468,imex:IM-30532|pubmed:38884001
P49716,CCAAT/enhancer-binding protein delta,Homo sapiens,IPR004827|IPR046347|IPR031106|IPR016468,imex:IM-30532|pubmed:38884001
P51813,Cytoplasmic tyrosine-protein kinase BMX,Homo sapiens,IPR035875|IPR011009|IPR050198|IPR011993|IPR001849|IPR000719|IPR017441|IPR001245|IPR000980|IPR036860|IPR008266|IPR020635|IPR001562,doi:10.1016/j.molcel.2020.07.001|imex:IM-29257|pubmed:32707033
P52612,Flagellum-specific ATP synthase,Escherichia coli (strain K12),IPR003593|IPR020003|IPR050053|IPR000194|IPR005714|IPR020005|IPR027417|IPR040627,imex:IM-2994|pubmed:19834901
P52910,Acetyl-coenzyme A synthetase 2,Saccharomyces cerevisiae (strain ATCC 204508 / S288c),IPR011904|IPR032387|IPR025110|IPR045851|IPR020845|IPR000873|IPR042099,pubmed:16429126
P52927,High mobility group protein HMGI-C,Mus musculus,IPR017956|IPR000116,imex:IM-23312|pubmed:26045162
P53032,Sterol uptake protein 1,Saccharomyces cerevisiae (strain ATCC 204508 / S288c),IPR036864|IPR001138,pubmed:16429126
P53115,Chromatin-remodeling ATPase INO80,Saccharomyces cerevisiae (strain ATCC 204508 / S288c),IPR020838|IPR031047|IPR014001|IPR001650|IPR050520|IPR027417|IPR038718|IPR049730|IPR000330,pubmed:16429126
P53583,Protein MPA43,Saccharomyces cerevisiae (strain ATCC 204508 / S288c),IPR043129|IPR018485|IPR018484,pubmed:16429126
P53953,SED5-binding protein 2,Saccharomyces cerevisiae (strain ATCC 204508 / S288c),IPR029006|IPR012990|IPR007123|IPR036180|IPR006900|IPR036175|IPR006896|IPR050550|IPR041742|IPR036465|IPR006895|IPR036174,pubmed:16429126
P54115,Magnesium-activated aldehyde dehydrogenase, cytosolic,Saccharomyces cerevisiae (strain ATCC 204508 / S288c),IPR016161|IPR016163|IPR029510|IPR016162|IPR015590,pubmed:16429126
P54839,Hydroxymethylglutaryl-CoA synthase,Saccharomyces cerevisiae (strain ATCC 204508 / S288c),IPR000590|IPR013746|IPR013528|IPR010122|IPR016039,pubmed:16429126
P57052,Splicing regulator RBM11,Homo sapiens,IPR052285|IPR012677|IPR035979|IPR034501|IPR000504,doi:10.1016/j.celrep.2020.108050|imex:IM-28217|pubmed:32814053
P60651,Agmatinase,Escherichia coli (strain K12),IPR023694|IPR005925|IPR006035|IPR023696|IPR020855,pubmed:16606699
P60710,Actin, cytoplasmic 1,Mus musculus,IPR004000|IPR020902|IPR004001|IPR043129,imex:IM-24272|pubmed:26496610
P60953,Cell division control protein 42 homolog,Homo sapiens,IPR037874|IPR027417|IPR005225|IPR001806|IPR003578,imex:IM-26434|pubmed:31980649
P62330,ADP-ribosylation factor 6,Homo sapiens,IPR041838|IPR027417|IPR005225|IPR024156|IPR006689,pubmed:17353931
P69984,Yop proteins translocation protein T,Yersinia pestis,IPR002010|IPR006304,imex:IM-13779|pubmed:20711500
P74396,Brak nazwy,Synechocystis sp. (strain ATCC 27184 / PCC 6803 / Kazusa),IPR018711,pubmed:18000013
P75066,Uncharacterized protein MPN_048,Mycoplasmoides pneumoniae (strain ATCC 29342 / M129 / Subtype 1),IPR004306|IPR004319,imex:IM-11644|pubmed:19965468
P75484,Lipoprotein signal peptidase,Mycoplasmoides pneumoniae (strain ATCC 29342 / M129 / Subtype 1),IPR001872,imex:IM-11644|pubmed:19965468
P75577,Large ribosomal subunit protein uL2,Mycoplasmoides pneumoniae (strain ATCC 29342 / M129 / Subtype 1),IPR012340|IPR014722|IPR002171|IPR005880|IPR022669|IPR022671|IPR014726|IPR022666|IPR008991,imex:IM-11644|pubmed:19965468
P75938,Flagellar basal-body rod protein FlgF,Escherichia coli (strain K12),IPR001444|IPR019776|IPR020013|IPR010930|IPR037925|IPR053967,imex:IM-2994|pubmed:19834901
P80217-2,Isoform 2 of Interferon-induced 35 kDa protein,Homo sapiens,Brak InterPro kodów dla tego białka.,doi:10.1016/j.celrep.2020.108050|imex:IM-28217|pubmed:32814053
P80428,Actin-related protein 4,Saccharomyces cerevisiae (strain ATCC 204508 / S288c),IPR004000|IPR020902|IPR043129,pubmed:16429126
Q00955,Acetyl-CoA carboxylase,Saccharomyces cerevisiae (strain ATCC 204508 / S288c),IPR049076|IPR049074|IPR034733|IPR013537|IPR011761|IPR013815|IPR005481|IPR001882|IPR011764|IPR005482|IPR000089|IPR029045|IPR011763|IPR011762|IPR005479|IPR016185|IPR011054|IPR011053,pubmed:16429126
Q01081,Splicing factor U2AF 35 kDa subunit,Homo sapiens,IPR012677|IPR035979|IPR000504|IPR003954|IPR009145|IPR000571,imex:IM-30059|pubmed:39251607
Q02159,Ubiquitin-conjugating enzyme E2 7,Saccharomyces cerevisiae (strain ATCC 204508 / S288c),IPR050113|IPR000608|IPR023313|IPR016135,pubmed:14690591
Q02354,U3 small nucleolar RNA-associated protein 6,Saccharomyces cerevisiae (strain ATCC 204508 / S288c),IPR003107|IPR011990|IPR013949|IPR055347,pubmed:16429126
Q02931,NET1-associated nuclear protein 1,Saccharomyces cerevisiae (strain ATCC 204508 / S288c),IPR004106|IPR015943|IPR036322|IPR001680|IPR053826,pubmed:16429126
Q03690,Clustered mitochondria protein 1,Saccharomyces cerevisiae (strain ATCC 204508 / S288c),IPR033646|IPR025697|IPR028275|IPR027523|IPR023231|IPR011990,pubmed:16429126
Q04182,ATP-dependent permease PDR15,Saccharomyces cerevisiae (strain ATCC 204508 / S288c),IPR003593|IPR013525|IPR029481|IPR003439|IPR017871|IPR043926|IPR034001|IPR034003|IPR005285|IPR027417|IPR010929,pubmed:16429126
Q04432,Glutathione-independent glyoxalase HSP31,Saccharomyces cerevisiae (strain ATCC 204508 / S288c),IPR029062|IPR002818|IPR050325,pubmed:19536198
Q05209,Tyrosine-protein phosphatase non-receptor type 12,Homo sapiens,IPR029021|IPR012266|IPR047170|IPR047251|IPR000242|IPR016130|IPR003595|IPR000387,imex:IM-26434|pubmed:31980649
Q06142,Importin subunit beta-1,Saccharomyces cerevisiae (strain ATCC 204508 / S288c),IPR011989|IPR016024|IPR000225|IPR021133|IPR058584|IPR001494|IPR040122,pubmed:16429126
Q06632,Protein CFT1,Saccharomyces cerevisiae (strain ATCC 204508 / S288c),IPR018846|IPR058543|IPR050358|IPR004871|IPR015943,imex:IM-29638|pubmed:37070168
Q07560,Cardiolipin synthase (CMP-forming),Saccharomyces cerevisiae (strain ATCC 204508 / S288c),IPR050324|IPR000462|IPR043130|IPR048254,pubmed:16429126
Q07869,Peroxisome proliferator-activated receptor alpha,Homo sapiens,IPR003074|IPR035500|IPR000536|IPR050234|IPR001723|IPR003076|IPR001628|IPR013088,imex:IM-30532|pubmed:38884001
Q07878,Intermembrane lipid transfer protein VPS13,Saccharomyces cerevisiae (strain ATCC 204508 / S288c),IPR026847|IPR056748|IPR017148|IPR026854|IPR009543,pubmed:16429126
Q08199,Nucleotide exchange factor SIL1,Saccharomyces cerevisiae (strain ATCC 204508 / S288c),IPR011989|IPR031884,pubmed:16429126
Q0P7T9,Large ribosomal subunit protein uL6,Campylobacter jejuni subsp. jejuni serotype O:2 (strain ATCC 700819 / NCTC 11168),IPR000702|IPR036789|IPR020040|IPR019906|IPR002358,pubmed:17615063
Q0P7Z6,Brak nazwy,Campylobacter jejuni subsp. jejuni serotype O:2 (strain ATCC 700819 / NCTC 11168),Brak InterPro kodów dla tego białka.,pubmed:17615063
Q0P8A0,Molybdopterin molybdenumtransferase,Campylobacter jejuni subsp. jejuni serotype O:2 (strain ATCC 700819 / NCTC 11168),IPR036425|IPR001453|IPR038987|IPR036688|IPR005110|IPR036135,pubmed:17615063
Q0P8W2,DUF4910 domain-containing protein,Campylobacter jejuni subsp. jejuni serotype O:2 (strain ATCC 700819 / NCTC 11168),IPR032610|IPR032589|IPR012353|IPR032622|IPR036388,pubmed:17615063
Q0P9F5,Brak nazwy,Campylobacter jejuni subsp. jejuni serotype O:2 (strain ATCC 700819 / NCTC 11168),IPR013647|IPR042088|IPR045090|IPR001567,pubmed:17615063
Q0P9G0,Sec translocon accessory complex subunit YajC,Campylobacter jejuni subsp. jejuni serotype O:2 (strain ATCC 700819 / NCTC 11168),IPR003849,pubmed:17615063
Q0P9S2,Brak nazwy,Campylobacter jejuni subsp. jejuni serotype O:2 (strain ATCC 700819 / NCTC 11168),IPR002933|IPR001160,pubmed:17615063
Q0P9Z0,Brak nazwy,Campylobacter jejuni subsp. jejuni serotype O:2 (strain ATCC 700819 / NCTC 11168),IPR007410|IPR058248|IPR036182,pubmed:17615063
Q0PA68,Coenzyme A biosynthesis bifunctional protein CoaBC,Campylobacter jejuni subsp. jejuni serotype O:2 (strain ATCC 700819 / NCTC 11168),IPR035929|IPR005252|IPR007085|IPR036551|IPR003382,pubmed:17615063
Q0PAC8,Brak nazwy,Campylobacter jejuni subsp. jejuni serotype O:2 (strain ATCC 700819 / NCTC 11168),IPR004839|IPR050596|IPR015424|IPR015421|IPR015422,pubmed:17615063
Q0PAF4,Molybdopterin adenylyltransferase,Campylobacter jejuni subsp. jejuni serotype O:2 (strain ATCC 700819 / NCTC 11168),IPR036425|IPR001453|IPR051920,pubmed:17615063
Q0PAF6,Brak nazwy,Campylobacter jejuni subsp. jejuni serotype O:2 (strain ATCC 700819 / NCTC 11168),IPR027057|IPR001915|IPR032456,pubmed:17615063
Q0PAJ1,Phosphate acetyltransferase,Campylobacter jejuni subsp. jejuni serotype O:2 (strain ATCC 700819 / NCTC 11168),IPR004614|IPR042113|IPR042112|IPR050500|IPR002505,pubmed:17615063
Q0PAU2,Acetolactate synthase small subunit,Campylobacter jejuni subsp. jejuni serotype O:2 (strain ATCC 700819 / NCTC 11168),IPR004789|IPR027271|IPR019455|IPR045865|IPR002912|IPR039557|IPR054480,pubmed:17615063
Q0PB68,3-oxoacyl-[acyl-carrier-protein] synthase 2,Campylobacter jejuni subsp. jejuni serotype O:2 (strain ATCC 700819 / NCTC 11168),IPR017568|IPR000794|IPR014031|IPR014030|IPR020841|IPR016039,pubmed:17615063
Q0PB75,3-oxoacyl-[acyl-carrier-protein] reductase,Campylobacter jejuni subsp. jejuni serotype O:2 (strain ATCC 700819 / NCTC 11168),IPR011284|IPR057326|IPR036291|IPR020904|IPR050259|IPR002347,pubmed:17615063
Q0PBB8,Pyruvate kinase,Campylobacter jejuni subsp. jejuni serotype O:2 (strain ATCC 700819 / NCTC 11168),IPR001697|IPR015813|IPR040442|IPR011037|IPR015793|IPR015795|IPR036918|IPR015806,pubmed:17615063
Q0PBS5,Brak nazwy,Campylobacter jejuni subsp. jejuni serotype O:2 (strain ATCC 700819 / NCTC 11168),IPR047125|IPR047324|IPR050484|IPR011004,pubmed:17615063
Q0PBS9,Brak nazwy,Campylobacter jejuni subsp. jejuni serotype O:2 (strain ATCC 700819 / NCTC 11168),IPR016181|IPR050832|IPR000182,pubmed:17615063
Q0PC20,Aminodeoxyfutalosine nucleosidase,Campylobacter jejuni subsp. jejuni serotype O:2 (strain ATCC 700819 / NCTC 11168),IPR010049|IPR000845|IPR035994,pubmed:17615063
Q0PC73,Flagellar motor switch protein FliM,Campylobacter jejuni subsp. jejuni serotype O:2 (strain ATCC 700819 / NCTC 11168),IPR028976|IPR001689|IPR001543|IPR036429,mint:MINT-6478930|pubmed:17615063|pubmed:17667950
Q12019,Midasin,Saccharomyces cerevisiae (strain ATCC 204508 / S288c),IPR003593|IPR040848|IPR011704|IPR048617|IPR012099|IPR041190|IPR027417|IPR025662|IPR002035|IPR036465,pubmed:16429126
Q12055,Adenylate kinase isoenzyme 6 homolog FAP7,Saccharomyces cerevisiae (strain ATCC 204508 / S288c),IPR020618|IPR027417,imex:IM-17622|pubmed:22770215
Q12099,ATP-dependent RNA helicase FAL1,Saccharomyces cerevisiae (strain ATCC 204508 / S288c),IPR011545|IPR014001|IPR001650|IPR027417|IPR000629|IPR014014,imex:IM-29638|pubmed:37070168
Q12449,Hsp90 co-chaperone AHA1,Saccharomyces cerevisiae (strain ATCC 204508 / S288c),IPR036338|IPR015310|IPR013538|IPR023393,pubmed:16429126
Q13451,Peptidyl-prolyl cis-trans isomerase FKBP5,Homo sapiens,IPR050754|IPR046357|IPR001179|IPR011990|IPR019734,imex:IM-13779|pubmed:20711500
Q13573,SNW domain-containing protein 1,Homo sapiens,IPR017862|IPR004015,doi:10.1016/j.celrep.2020.108050|imex:IM-28217|pubmed:32814053
Q13618,Cullin-3,Homo sapiens,IPR045093|IPR059120|IPR016157|IPR016158|IPR036317|IPR001373|IPR019559|IPR016159|IPR036388|IPR036390,doi:10.1016/j.cell.2010.11.017|imex:IM-18651|pubmed:21145461
Q13882,Protein-tyrosine kinase 6,Homo sapiens,IPR011009|IPR050198|IPR000719|IPR017441|IPR035846|IPR001245|IPR000980|IPR036860|IPR036028|IPR001452|IPR008266|IPR020635,imex:IM-26434|pubmed:31980649
Q14164,Inhibitor of nuclear factor kappa-B kinase subunit epsilon,Homo sapiens,IPR051180|IPR011009|IPR000719|IPR017441|IPR041309|IPR041087,pubmed:17353931
Q15256,Receptor-type tyrosine-protein phosphatase R,Homo sapiens,IPR029021|IPR000242|IPR059011|IPR016130|IPR003595|IPR000387|IPR008356|IPR016334,imex:IM-26434|pubmed:31980649
Q16666-2,Isoform 2 of Gamma-interferon-inducible protein 16,Homo sapiens,Brak InterPro kodów dla tego białka.,imex:IM-23523|pubmed:25665578
Q16828,Dual specificity protein phosphatase 6,Homo sapiens,IPR000340|IPR008343|IPR029021|IPR001763|IPR036873|IPR000387|IPR020422,imex:IM-26434|pubmed:31980649
Q39204,Transcription factor MYC2,Arabidopsis thaliana,IPR045084|IPR054502|IPR011598|IPR036638|IPR025610,imex:IM-30532|pubmed:38884001
Q39237,Transcription factor TGA1,Arabidopsis thaliana,IPR004827|IPR046347|IPR025422,imex:IM-30532|pubmed:38884001
Q5NFK5,Thymidylate synthase,Francisella tularensis subsp. tularensis (strain SCHU S4 / Schu 4),IPR045097|IPR023451|IPR036926|IPR000398,imex:IM-13779|pubmed:20711500
Q5NH68,DUF3573 domain-containing protein,Francisella tularensis subsp. tularensis (strain SCHU S4 / Schu 4),IPR021956,imex:IM-13779|pubmed:20711500
Q5NHR1,Brak nazwy,Francisella tularensis subsp. tularensis (strain SCHU S4 / Schu 4),IPR004821|IPR041750|IPR015797|IPR020084|IPR000086|IPR014729,imex:IM-13779|pubmed:20711500
Q5NID2,DNA-directed RNA polymerase subunit beta,Francisella tularensis subsp. tularensis (strain SCHU S4 / Schu 4),IPR042107|IPR019462|IPR015712|IPR007120|IPR037033|IPR010243|IPR007121|IPR007644|IPR007642|IPR037034|IPR007645|IPR007641|IPR014724,imex:IM-13779|pubmed:20711500
Q5S007,Leucine-rich repeat serine/threonine-protein kinase 2,Homo sapiens,IPR056593|IPR036770|IPR011989|IPR016024|IPR056597|IPR056602|IPR032171|IPR057263|IPR011009|IPR001611|IPR003591|IPR032675|IPR027417|IPR000719|IPR017441|IPR020859|IPR008271|IPR051420|IPR005225|IPR015943|IPR036322,imex:IM-26684|pubmed:31046837
Q6P1L5,Protein FAM117B,Homo sapiens,IPR026642,doi:10.1016/j.celrep.2020.108050|imex:IM-28217|pubmed:32814053
Q6P2Q9,Pre-mRNA-processing-splicing factor 8,Homo sapiens,IPR000555|IPR037518|IPR012591|IPR012592|IPR012984|IPR027652|IPR021983|IPR043173|IPR043172|IPR019581|IPR042516|IPR019580|IPR012337|IPR019582,imex:IM-13779|pubmed:20711500
Q6P996,Pyridoxal-dependent decarboxylase domain-containing protein 1,Homo sapiens,IPR050477|IPR055103|IPR055102|IPR002129|IPR015424|IPR015421,imex:IM-13779|pubmed:20711500
Q6ZMI0,Protein phosphatase 1 regulatory subunit 21,Homo sapiens,IPR040024|IPR049372|IPR019343|IPR019348,doi:10.1016/j.cell.2021.04.011|imex:IM-29278|pubmed:33961781
Q6ZN17,Protein lin-28 homolog B,Homo sapiens,IPR011129|IPR002059|IPR051373|IPR054081|IPR012340|IPR001878|IPR036875,imex:IM-30059|pubmed:39251607
Q6ZP82-1,Isoform 1 of Coiled-coil domain-containing protein 141,Homo sapiens,Brak InterPro kodów dla tego białka.,doi:10.1016/j.celrep.2020.108050|imex:IM-28217|pubmed:32814053
Q6ZR37,Pleckstrin homology domain-containing family G member 7,Homo sapiens,IPR035899|IPR000219|IPR011993|IPR001849|IPR040181,imex:IM-26436|pubmed:32203420
Q726B7,Brak nazwy,Nitratidesulfovibrio vulgaris (strain ATCC 29579 / DSM 644 / CCUG 34227 / NCIMB 8303 / VKM B-1760 / Hildenborough),IPR008254|IPR029039|IPR001279|IPR045761|IPR036866|IPR016440,pubmed:unassigned1256
Q72CK0,UTP--glucose-1-phosphate uridylyltransferase,Nitratidesulfovibrio vulgaris (strain ATCC 29579 / DSM 644 / CCUG 34227 / NCIMB 8303 / VKM B-1760 / Hildenborough),IPR005771|IPR005835|IPR029044,pubmed:unassigned1256
Q72ES6,DUF1844 domain-containing protein,Nitratidesulfovibrio vulgaris (strain ATCC 29579 / DSM 644 / CCUG 34227 / NCIMB 8303 / VKM B-1760 / Hildenborough),IPR014995,imex:IM-22740|pubmed:26873250
Q77M19,Non-structural protein V,Measles virus (strain Edmonston-Schwarz vaccine),IPR024279|IPR028243,imex:IM-17703|pubmed:21911578
Q7K1Q7,Ribosome assembly factor mrt4,Drosophila melanogaster,IPR033867|IPR001790|IPR040637|IPR043164|IPR043141|IPR051742,imex:IM-9552|pubmed:19079254
Q81V26,Sphingomyelinase C,Bacillus anthracis,IPR036691|IPR005135|IPR038772|IPR017766,imex:IM-13779|pubmed:20711500
Q81X77,2,3-bisphosphoglycerate-independent phosphoglycerate mutase,Bacillus anthracis,IPR017850|IPR011258|IPR006124|IPR036646|IPR005995,imex:IM-13779|pubmed:20711500
Q84J68,Brak nazwy,Zea mays,IPR027417|IPR005225|IPR001806|IPR003578,imex:IM-29553|pubmed:36581701
Q86W54-2,Isoform 2 of Spermatogenesis-associated protein 24,Homo sapiens,Brak InterPro kodów dla tego białka.,doi:10.1016/j.celrep.2020.108050|imex:IM-28217|pubmed:32814053
Q86YV6,Myosin light chain kinase family member 4,Homo sapiens,IPR011009|IPR000719|IPR017441|IPR008271,doi:10.1016/j.molcel.2020.07.001|imex:IM-29257|pubmed:32707033
Q8CAQ8,MICOS complex subunit Mic60,Mus musculus,IPR019133,imex:IM-24272|pubmed:26496610
Q8I2B4,Brak nazwy,Plasmodium falciparum (isolate 3D7),IPR042202|IPR008602|IPR021620|IPR043057,imex:IM-16518|mint:MINT-5218050|pubmed:16267556
Q8IKL7,Brak nazwy,Plasmodium falciparum (isolate 3D7),IPR007180|IPR006568|IPR052584,imex:IM-16518|mint:MINT-5218050|pubmed:16267556
Q8IUI8,Cytokine receptor-like factor 3,Homo sapiens,IPR059495|IPR003961|IPR036116|IPR013783,doi:10.1016/j.celrep.2020.108050|imex:IM-28217|pubmed:32814053
Q8IVT5,Kinase suppressor of Ras 1,Homo sapiens,IPR046349|IPR011009|IPR002219|IPR000719|IPR013761|IPR046861|IPR046933|IPR001245|IPR008271|IPR050167,imex:IM-25748|pubmed:27086506
Q8N488,RING1 and YY1-binding protein,Homo sapiens,IPR039958|IPR033774|IPR001876|IPR036443,doi:10.1016/j.celrep.2020.108050|imex:IM-28217|pubmed:32814053
Q8WZ19,BTB/POZ domain-containing adapter for CUL3-mediated RhoA degradation protein 1,Homo sapiens,IPR045068|IPR000210|IPR011333|IPR003131,doi:10.1016/j.celrep.2020.108050|imex:IM-28217|pubmed:32814053
Q8Z9U9,DNA replication and repair protein RecF,Yersinia pestis,IPR001238|IPR018078|IPR027417|IPR003395|IPR042174,imex:IM-13779|pubmed:20711500
Q8ZAQ2,Phosphomethylpyrimidine synthase,Yersinia pestis,IPR037509|IPR025747|IPR038521|IPR002817,imex:IM-13779|pubmed:20711500
Q8ZEG8,Tryptophan biosynthesis protein TrpCF,Yersinia pestis,IPR013785|IPR045186|IPR013798|IPR001468|IPR001240|IPR011060,imex:IM-13779|pubmed:20711500
Q92905,COP9 signalosome complex subunit 5,Homo sapiens,IPR040961|IPR000555|IPR050242|IPR037518,doi:10.1016/j.cell.2010.11.017|imex:IM-18651|pubmed:21145461
Q96IK1-2,Isoform 2 of Biorientation of chromosomes in cell division protein 1,Homo sapiens,Brak InterPro kodów dla tego białka.,doi:10.1016/j.celrep.2020.108050|imex:IM-28217|pubmed:32814053
Q96NX5,Calcium/calmodulin-dependent protein kinase type 1G,Homo sapiens,IPR011009|IPR000719|IPR017441|IPR008271,doi:10.1016/j.celrep.2020.108050|imex:IM-28217|pubmed:32814053
Q96PL2,Beta-tectorin,Homo sapiens,IPR055355|IPR042235|IPR048290|IPR001507|IPR017977,doi:10.1016/j.cell.2021.04.011|imex:IM-29278|pubmed:33961781
Q96SU4,Oxysterol-binding protein-related protein 9,Homo sapiens,IPR037239|IPR000648|IPR018494|IPR011993|IPR001849,imex:IM-13779|pubmed:20711500
Q99190,Very-long-chain enoyl-CoA reductase,Saccharomyces cerevisiae (strain ATCC 204508 / S288c),IPR001104|IPR039357,pubmed:16429126
Q99714,3-hydroxyacyl-CoA dehydrogenase type-2,Homo sapiens,IPR036291|IPR020904|IPR002347,doi:10.1016/j.cels.2017.10.010|imex:IM-26363|pubmed:29128334
Q99963,Endophilin-A3,Homo sapiens,IPR027267|IPR004148|IPR032469|IPR035824|IPR050384|IPR036028|IPR001452,imex:IM-26434|pubmed:31980649
Q9BRX2,Protein pelota homolog,Homo sapiens,IPR042226|IPR005141|IPR005142|IPR005140|IPR038069|IPR058547|IPR029064|IPR004405,doi:10.1016/j.celrep.2020.108050|imex:IM-28217|pubmed:32814053
Q9BZE9,Tether containing UBX domain for GLUT4,Homo sapiens,IPR021569|IPR029071|IPR059238|IPR001012,doi:10.1016/j.cell.2021.04.011|imex:IM-29278|pubmed:33961781
Q9BZE9-2,Isoform 2 of Tether containing UBX domain for GLUT4,Homo sapiens,Brak InterPro kodów dla tego białka.,doi:10.1038/nature22366|imex:IM-25778|pubmed:28514442
Q9C8W9,NAC domain-containing protein 30,Arabidopsis thaliana,IPR003441|IPR036093,imex:IM-30532|pubmed:38884001
Q9D1H7,Golgi to ER traffic protein 4 homolog,Mus musculus,IPR007317|IPR011990,imex:IM-24272|pubmed:26496610
Q9GZN1,Actin-related protein 6,Homo sapiens,IPR004000|IPR043129,pubmed:17353931
Q9H1Z4,WD repeat-containing protein 13,Homo sapiens,IPR015943|IPR036322|IPR001680|IPR051350,imex:IM-13779|pubmed:20711500
Q9H492,Microtubule-associated protein 1 light chain 3 alpha,Homo sapiens,IPR004241|IPR029071,imex:IM-15184|pubmed:20562859
Q9LZP8,bZIP transcription factor 53,Arabidopsis thaliana,IPR004827|IPR045314|IPR046347,imex:IM-30532|pubmed:38884001
Q9NZL9,Methionine adenosyltransferase 2 subunit beta,Homo sapiens,IPR005913|IPR036291|IPR029903,doi:10.1016/j.cell.2021.04.011|imex:IM-23318|imex:IM-29278|pubmed:25416956|pubmed:33961781
Q9NZL9-2,Isoform 2 of Methionine adenosyltransferase 2 subunit beta,Homo sapiens,Brak InterPro kodów dla tego białka.,doi:10.1038/nature22366|imex:IM-25778|pubmed:28514442
Q9PHK7,Argininosuccinate synthase,Campylobacter jejuni subsp. jejuni serotype O:2 (strain ATCC 700819 / NCTC 11168),IPR048268|IPR048267|IPR001518|IPR018223|IPR023434|IPR024074|IPR014729,pubmed:17615063
Q9PI04,Nucleoside triphosphate pyrophosphatase,Campylobacter jejuni subsp. jejuni serotype O:2 (strain ATCC 700819 / NCTC 11168),IPR029001|IPR003697,pubmed:17615063
Q9PIB9,6,7-dimethyl-8-ribityllumazine synthase,Campylobacter jejuni subsp. jejuni serotype O:2 (strain ATCC 700819 / NCTC 11168),IPR034964|IPR002180|IPR036467,pubmed:17615063
Q9PIP3,Cyclic pyranopterin monophosphate synthase,Campylobacter jejuni subsp. jejuni serotype O:2 (strain ATCC 700819 / NCTC 11168),IPR023045|IPR047594|IPR036522|IPR050105|IPR002820,pubmed:17615063
Q9PJ84,CTP synthase,Campylobacter jejuni subsp. jejuni serotype O:2 (strain ATCC 700819 / NCTC 11168),IPR029062|IPR004468|IPR017456|IPR017926|IPR033828|IPR027417,pubmed:17615063
Q9PMD2,Acetyl-coenzyme A synthetase,Campylobacter jejuni subsp. jejuni serotype O:2 (strain ATCC 700819 / NCTC 11168),IPR011904|IPR032387|IPR025110|IPR045851|IPR020845|IPR000873|IPR042099,pubmed:17615063
Q9PMQ5,Phosphoglycerate kinase,Campylobacter jejuni subsp. jejuni serotype O:2 (strain ATCC 700819 / NCTC 11168),IPR001576|IPR015911|IPR015824|IPR036043,pubmed:17615063
Q9PNT2,3-dehydroquinate synthase,Campylobacter jejuni subsp. jejuni serotype O:2 (strain ATCC 700819 / NCTC 11168),IPR050071|IPR016037|IPR030963|IPR030960|IPR056179,pubmed:17615063
Q9UIH9,Krueppel-like factor 15,Homo sapiens,IPR036236|IPR013087,doi:10.1016/j.celrep.2020.108050|imex:IM-28217|pubmed:32814053
Q9UQ80,Proliferation-associated protein 2G4,Homo sapiens,IPR036005|IPR004545|IPR047113|IPR000994|IPR018349|IPR036388|IPR036390,imex:IM-13779|pubmed:20711500
Q9VZF4,F-box/WD repeat-containing protein 7,Drosophila melanogaster,IPR036047|IPR001810|IPR015943|IPR020472|IPR019775|IPR036322|IPR001680,imex:IM-16519|mint:MINT-5217543|pubmed:15710747
Q9Y2D1,Cyclic AMP-dependent transcription factor ATF-5,Homo sapiens,IPR004827|IPR046347,imex:IM-30532|pubmed:38884001
Q9Y478,5'-AMP-activated protein kinase subunit beta-1,Homo sapiens,IPR032640|IPR006828|IPR037256|IPR050827|IPR013783|IPR014756,pubmed:17353931
Q9Y4K3,TNF receptor-associated factor 6,Homo sapiens,IPR002083|IPR012227|IPR008974|IPR049342|IPR037309|IPR027139|IPR041310|IPR001841|IPR013083|IPR017907|IPR001293,pubmed:17353931
Q9Y4P8,WD repeat domain phosphoinositide-interacting protein 2,Homo sapiens,IPR048720|IPR015943|IPR036322|IPR001680,imex:IM-13779|pubmed:20711500
chebi:"CHEBI:40719"
intact:EBI-10199261
intact:EBI-824891
